date,category,nav,data_class,source_url,source_asof
2022-01-03,Hisse Senedi,100.0000000000,SYNTHETIC,,2026-09-18
2022-01-04,Hisse Senedi,99.3812529140,SYNTHETIC,,2026-09-18
2022-01-05,Hisse Senedi,101.4654177127,SYNTHETIC,,2026-09-18
2022-01-06,Hisse Senedi,102.1594585750,SYNTHETIC,,2026-09-18
2022-01-07,Hisse Senedi,100.9510250590,SYNTHETIC,,2026-09-18
2022-01-10,Hisse Senedi,100.1595941610,SYNTHETIC,,2026-09-18
2022-01-11,Hisse Senedi,102.6252642808,SYNTHETIC,,2026-09-18
2022-01-12,Hisse Senedi,98.3825084397,SYNTHETIC,,2026-09-18
2022-01-13,Hisse Senedi,98.2739742665,SYNTHETIC,,2026-09-18
2022-01-14,Hisse Senedi,96.1306727224,SYNTHETIC,,2026-09-18
2022-01-17,Hisse Senedi,96.3841394135,SYNTHETIC,,2026-09-18
2022-01-18,Hisse Senedi,96.8582902158,SYNTHETIC,,2026-09-18
2022-01-19,Hisse Senedi,100.4226439902,SYNTHETIC,,2026-09-18
2022-01-20,Hisse Senedi,100.1127920298,SYNTHETIC,,2026-09-18
2022-01-21,Hisse Senedi,98.6701141537,SYNTHETIC,,2026-09-18
2022-01-24,Hisse Senedi,100.3792278201,SYNTHETIC,,2026-09-18
2022-01-25,Hisse Senedi,101.3129601508,SYNTHETIC,,2026-09-18
2022-01-26,Hisse Senedi,100.4609805080,SYNTHETIC,,2026-09-18
2022-01-27,Hisse Senedi,97.4085998261,SYNTHETIC,,2026-09-18
2022-01-28,Hisse Senedi,96.2016909206,SYNTHETIC,,2026-09-18
2022-01-31,Hisse Senedi,100.0513902041,SYNTHETIC,,2026-09-18
2022-02-01,Hisse Senedi,99.9111122045,SYNTHETIC,,2026-09-18
2022-02-02,Hisse Senedi,98.9539135963,SYNTHETIC,,2026-09-18
2022-02-03,Hisse Senedi,100.7671577984,SYNTHETIC,,2026-09-18
2022-02-04,Hisse Senedi,100.8557674354,SYNTHETIC,,2026-09-18
2022-02-07,Hisse Senedi,99.9562594300,SYNTHETIC,,2026-09-18
2022-02-08,Hisse Senedi,102.5211425178,SYNTHETIC,,2026-09-18
2022-02-09,Hisse Senedi,100.9423390795,SYNTHETIC,,2026-09-18
2022-02-10,Hisse Senedi,100.2297697997,SYNTHETIC,,2026-09-18
2022-02-11,Hisse Senedi,100.6501673644,SYNTHETIC,,2026-09-18
2022-02-14,Hisse Senedi,100.9448495974,SYNTHETIC,,2026-09-18
2022-02-15,Hisse Senedi,98.0771071702,SYNTHETIC,,2026-09-18
2022-02-16,Hisse Senedi,98.2756890801,SYNTHETIC,,2026-09-18
2022-02-17,Hisse Senedi,100.7960493052,SYNTHETIC,,2026-09-18
2022-02-18,Hisse Senedi,101.1037620647,SYNTHETIC,,2026-09-18
2022-02-21,Hisse Senedi,97.4863551583,SYNTHETIC,,2026-09-18
2022-02-22,Hisse Senedi,95.9267290118,SYNTHETIC,,2026-09-18
2022-02-23,Hisse Senedi,95.3463745034,SYNTHETIC,,2026-09-18
2022-02-24,Hisse Senedi,95.6771452629,SYNTHETIC,,2026-09-18
2022-02-25,Hisse Senedi,98.3110301926,SYNTHETIC,,2026-09-18
2022-02-28,Hisse Senedi,98.6000585660,SYNTHETIC,,2026-09-18
2022-03-01,Hisse Senedi,97.1383081523,SYNTHETIC,,2026-09-18
2022-03-02,Hisse Senedi,96.7371214344,SYNTHETIC,,2026-09-18
2022-03-03,Hisse Senedi,96.6410792367,SYNTHETIC,,2026-09-18
2022-03-04,Hisse Senedi,94.2071652489,SYNTHETIC,,2026-09-18
2022-03-07,Hisse Senedi,93.4994378293,SYNTHETIC,,2026-09-18
2022-03-08,Hisse Senedi,93.1625269736,SYNTHETIC,,2026-09-18
2022-03-09,Hisse Senedi,87.0697925100,SYNTHETIC,,2026-09-18
2022-03-10,Hisse Senedi,87.4982060863,SYNTHETIC,,2026-09-18
2022-03-11,Hisse Senedi,88.1329360228,SYNTHETIC,,2026-09-18
2022-03-14,Hisse Senedi,88.9388689934,SYNTHETIC,,2026-09-18
2022-03-15,Hisse Senedi,86.1470558960,SYNTHETIC,,2026-09-18
2022-03-16,Hisse Senedi,88.8957337412,SYNTHETIC,,2026-09-18
2022-03-17,Hisse Senedi,87.9476032021,SYNTHETIC,,2026-09-18
2022-03-18,Hisse Senedi,89.5414122164,SYNTHETIC,,2026-09-18
2022-03-21,Hisse Senedi,92.3154957641,SYNTHETIC,,2026-09-18
2022-03-22,Hisse Senedi,92.9131320505,SYNTHETIC,,2026-09-18
2022-03-23,Hisse Senedi,96.0347305144,SYNTHETIC,,2026-09-18
2022-03-24,Hisse Senedi,93.7827645263,SYNTHETIC,,2026-09-18
2022-03-25,Hisse Senedi,92.9653632223,SYNTHETIC,,2026-09-18
2022-03-28,Hisse Senedi,96.5197947587,SYNTHETIC,,2026-09-18
2022-03-29,Hisse Senedi,95.7749876989,SYNTHETIC,,2026-09-18
2022-03-30,Hisse Senedi,100.0259514574,SYNTHETIC,,2026-09-18
2022-03-31,Hisse Senedi,101.0808700120,SYNTHETIC,,2026-09-18
2022-04-01,Hisse Senedi,101.5836589947,SYNTHETIC,,2026-09-18
2022-04-04,Hisse Senedi,99.0579312033,SYNTHETIC,,2026-09-18
2022-04-05,Hisse Senedi,98.0206121815,SYNTHETIC,,2026-09-18
2022-04-06,Hisse Senedi,96.4585562012,SYNTHETIC,,2026-09-18
2022-04-07,Hisse Senedi,94.5269532022,SYNTHETIC,,2026-09-18
2022-04-08,Hisse Senedi,95.6188145191,SYNTHETIC,,2026-09-18
2022-04-11,Hisse Senedi,97.4094305857,SYNTHETIC,,2026-09-18
2022-04-12,Hisse Senedi,93.5157406218,SYNTHETIC,,2026-09-18
2022-04-13,Hisse Senedi,96.9952666515,SYNTHETIC,,2026-09-18
2022-04-14,Hisse Senedi,97.8015657602,SYNTHETIC,,2026-09-18
2022-04-15,Hisse Senedi,96.4181702321,SYNTHETIC,,2026-09-18
2022-04-18,Hisse Senedi,96.9036103390,SYNTHETIC,,2026-09-18
2022-04-19,Hisse Senedi,95.7452342201,SYNTHETIC,,2026-09-18
2022-04-20,Hisse Senedi,93.1812904221,SYNTHETIC,,2026-09-18
2022-04-21,Hisse Senedi,91.3721048035,SYNTHETIC,,2026-09-18
2022-04-22,Hisse Senedi,93.3249052409,SYNTHETIC,,2026-09-18
2022-04-25,Hisse Senedi,92.2405091720,SYNTHETIC,,2026-09-18
2022-04-26,Hisse Senedi,91.2298915778,SYNTHETIC,,2026-09-18
2022-04-27,Hisse Senedi,90.2709950732,SYNTHETIC,,2026-09-18
2022-04-28,Hisse Senedi,92.3153907536,SYNTHETIC,,2026-09-18
2022-04-29,Hisse Senedi,96.6653546116,SYNTHETIC,,2026-09-18
2022-05-02,Hisse Senedi,94.5553318478,SYNTHETIC,,2026-09-18
2022-05-03,Hisse Senedi,96.9015940155,SYNTHETIC,,2026-09-18
2022-05-04,Hisse Senedi,98.0520427238,SYNTHETIC,,2026-09-18
2022-05-05,Hisse Senedi,99.7391048211,SYNTHETIC,,2026-09-18
2022-05-06,Hisse Senedi,97.7830084721,SYNTHETIC,,2026-09-18
2022-05-09,Hisse Senedi,99.8647970592,SYNTHETIC,,2026-09-18
2022-05-10,Hisse Senedi,99.1996741194,SYNTHETIC,,2026-09-18
2022-05-11,Hisse Senedi,104.1856894123,SYNTHETIC,,2026-09-18
2022-05-12,Hisse Senedi,102.3786283744,SYNTHETIC,,2026-09-18
2022-05-13,Hisse Senedi,102.7006612841,SYNTHETIC,,2026-09-18
2022-05-16,Hisse Senedi,98.8831242062,SYNTHETIC,,2026-09-18
2022-05-17,Hisse Senedi,100.4745759249,SYNTHETIC,,2026-09-18
2022-05-18,Hisse Senedi,99.6443634939,SYNTHETIC,,2026-09-18
2022-05-19,Hisse Senedi,103.2611814841,SYNTHETIC,,2026-09-18
2022-05-20,Hisse Senedi,100.5385607650,SYNTHETIC,,2026-09-18
2022-05-23,Hisse Senedi,103.6266148039,SYNTHETIC,,2026-09-18
2022-05-24,Hisse Senedi,102.9235036223,SYNTHETIC,,2026-09-18
2022-05-25,Hisse Senedi,102.6902173584,SYNTHETIC,,2026-09-18
2022-05-26,Hisse Senedi,99.6571989811,SYNTHETIC,,2026-09-18
2022-05-27,Hisse Senedi,102.3452845822,SYNTHETIC,,2026-09-18
2022-05-30,Hisse Senedi,105.4373538395,SYNTHETIC,,2026-09-18
2022-05-31,Hisse Senedi,108.7464779407,SYNTHETIC,,2026-09-18
2022-06-01,Hisse Senedi,108.9323842002,SYNTHETIC,,2026-09-18
2022-06-02,Hisse Senedi,108.5014919156,SYNTHETIC,,2026-09-18
2022-06-03,Hisse Senedi,109.7655990147,SYNTHETIC,,2026-09-18
2022-06-06,Hisse Senedi,110.2835447799,SYNTHETIC,,2026-09-18
2022-06-07,Hisse Senedi,108.1168365710,SYNTHETIC,,2026-09-18
2022-06-08,Hisse Senedi,107.9916633196,SYNTHETIC,,2026-09-18
2022-06-09,Hisse Senedi,108.2197938022,SYNTHETIC,,2026-09-18
2022-06-10,Hisse Senedi,109.6027237252,SYNTHETIC,,2026-09-18
2022-06-13,Hisse Senedi,106.9703346610,SYNTHETIC,,2026-09-18
2022-06-14,Hisse Senedi,105.7903827052,SYNTHETIC,,2026-09-18
2022-06-15,Hisse Senedi,106.4542850478,SYNTHETIC,,2026-09-18
2022-06-16,Hisse Senedi,106.3977055923,SYNTHETIC,,2026-09-18
2022-06-17,Hisse Senedi,103.6267805915,SYNTHETIC,,2026-09-18
2022-06-20,Hisse Senedi,103.0412804519,SYNTHETIC,,2026-09-18
2022-06-21,Hisse Senedi,101.3437392352,SYNTHETIC,,2026-09-18
2022-06-22,Hisse Senedi,99.6138415337,SYNTHETIC,,2026-09-18
2022-06-23,Hisse Senedi,102.0225434273,SYNTHETIC,,2026-09-18
2022-06-24,Hisse Senedi,99.4069101066,SYNTHETIC,,2026-09-18
2022-06-27,Hisse Senedi,100.4127478539,SYNTHETIC,,2026-09-18
2022-06-28,Hisse Senedi,100.5131375989,SYNTHETIC,,2026-09-18
2022-06-29,Hisse Senedi,103.8323127164,SYNTHETIC,,2026-09-18
2022-06-30,Hisse Senedi,108.6074818589,SYNTHETIC,,2026-09-18
2022-07-01,Hisse Senedi,109.7196788664,SYNTHETIC,,2026-09-18
2022-07-04,Hisse Senedi,110.9529401929,SYNTHETIC,,2026-09-18
2022-07-05,Hisse Senedi,107.0686574766,SYNTHETIC,,2026-09-18
2022-07-06,Hisse Senedi,108.1701289880,SYNTHETIC,,2026-09-18
2022-07-07,Hisse Senedi,108.1989508587,SYNTHETIC,,2026-09-18
2022-07-08,Hisse Senedi,107.2920457901,SYNTHETIC,,2026-09-18
2022-07-11,Hisse Senedi,108.2138862630,SYNTHETIC,,2026-09-18
2022-07-12,Hisse Senedi,108.3892848456,SYNTHETIC,,2026-09-18
2022-07-13,Hisse Senedi,107.3017169107,SYNTHETIC,,2026-09-18
2022-07-14,Hisse Senedi,105.6991367706,SYNTHETIC,,2026-09-18
2022-07-15,Hisse Senedi,105.8960528404,SYNTHETIC,,2026-09-18
2022-07-18,Hisse Senedi,107.8524319603,SYNTHETIC,,2026-09-18
2022-07-19,Hisse Senedi,110.8415535262,SYNTHETIC,,2026-09-18
2022-07-20,Hisse Senedi,110.8967362510,SYNTHETIC,,2026-09-18
2022-07-21,Hisse Senedi,113.2024033635,SYNTHETIC,,2026-09-18
2022-07-22,Hisse Senedi,112.0003199414,SYNTHETIC,,2026-09-18
2022-07-25,Hisse Senedi,111.0909736226,SYNTHETIC,,2026-09-18
2022-07-26,Hisse Senedi,109.8307646637,SYNTHETIC,,2026-09-18
2022-07-27,Hisse Senedi,110.3764261569,SYNTHETIC,,2026-09-18
2022-07-28,Hisse Senedi,111.3836721571,SYNTHETIC,,2026-09-18
2022-07-29,Hisse Senedi,112.9085326488,SYNTHETIC,,2026-09-18
2022-08-01,Hisse Senedi,113.7807894167,SYNTHETIC,,2026-09-18
2022-08-02,Hisse Senedi,114.9361542061,SYNTHETIC,,2026-09-18
2022-08-03,Hisse Senedi,117.2650666341,SYNTHETIC,,2026-09-18
2022-08-04,Hisse Senedi,121.3955550055,SYNTHETIC,,2026-09-18
2022-08-05,Hisse Senedi,123.1563425059,SYNTHETIC,,2026-09-18
2022-08-08,Hisse Senedi,123.0157646090,SYNTHETIC,,2026-09-18
2022-08-09,Hisse Senedi,123.6111435407,SYNTHETIC,,2026-09-18
2022-08-10,Hisse Senedi,129.0708009215,SYNTHETIC,,2026-09-18
2022-08-11,Hisse Senedi,128.3570479555,SYNTHETIC,,2026-09-18
2022-08-12,Hisse Senedi,129.1737603113,SYNTHETIC,,2026-09-18
2022-08-15,Hisse Senedi,123.0248566891,SYNTHETIC,,2026-09-18
2022-08-16,Hisse Senedi,121.3036214912,SYNTHETIC,,2026-09-18
2022-08-17,Hisse Senedi,119.4628615705,SYNTHETIC,,2026-09-18
2022-08-18,Hisse Senedi,117.8904607410,SYNTHETIC,,2026-09-18
2022-08-19,Hisse Senedi,118.5811289349,SYNTHETIC,,2026-09-18
2022-08-22,Hisse Senedi,118.5576368722,SYNTHETIC,,2026-09-18
2022-08-23,Hisse Senedi,118.3313668496,SYNTHETIC,,2026-09-18
2022-08-24,Hisse Senedi,116.2444295462,SYNTHETIC,,2026-09-18
2022-08-25,Hisse Senedi,112.6113986898,SYNTHETIC,,2026-09-18
2022-08-26,Hisse Senedi,111.1451511661,SYNTHETIC,,2026-09-18
2022-08-29,Hisse Senedi,111.5290731648,SYNTHETIC,,2026-09-18
2022-08-30,Hisse Senedi,109.8262492479,SYNTHETIC,,2026-09-18
2022-08-31,Hisse Senedi,111.6216167024,SYNTHETIC,,2026-09-18
2022-09-01,Hisse Senedi,111.4498515082,SYNTHETIC,,2026-09-18
2022-09-02,Hisse Senedi,110.5883498025,SYNTHETIC,,2026-09-18
2022-09-05,Hisse Senedi,110.0067538880,SYNTHETIC,,2026-09-18
2022-09-06,Hisse Senedi,108.6716538669,SYNTHETIC,,2026-09-18
2022-09-07,Hisse Senedi,110.8405474657,SYNTHETIC,,2026-09-18
2022-09-08,Hisse Senedi,110.6338071368,SYNTHETIC,,2026-09-18
2022-09-09,Hisse Senedi,112.0898922946,SYNTHETIC,,2026-09-18
2022-09-12,Hisse Senedi,109.8339492919,SYNTHETIC,,2026-09-18
2022-09-13,Hisse Senedi,112.8874548133,SYNTHETIC,,2026-09-18
2022-09-14,Hisse Senedi,112.7750094803,SYNTHETIC,,2026-09-18
2022-09-15,Hisse Senedi,112.7056204615,SYNTHETIC,,2026-09-18
2022-09-16,Hisse Senedi,111.1535330222,SYNTHETIC,,2026-09-18
2022-09-19,Hisse Senedi,113.0779593826,SYNTHETIC,,2026-09-18
2022-09-20,Hisse Senedi,112.8089311169,SYNTHETIC,,2026-09-18
2022-09-21,Hisse Senedi,113.5331472251,SYNTHETIC,,2026-09-18
2022-09-22,Hisse Senedi,117.1165436049,SYNTHETIC,,2026-09-18
2022-09-23,Hisse Senedi,117.3545904666,SYNTHETIC,,2026-09-18
2022-09-26,Hisse Senedi,118.4815963477,SYNTHETIC,,2026-09-18
2022-09-27,Hisse Senedi,117.5091394140,SYNTHETIC,,2026-09-18
2022-09-28,Hisse Senedi,117.9936569460,SYNTHETIC,,2026-09-18
2022-09-29,Hisse Senedi,116.4557014439,SYNTHETIC,,2026-09-18
2022-09-30,Hisse Senedi,117.9594152544,SYNTHETIC,,2026-09-18
2022-10-03,Hisse Senedi,118.0241319582,SYNTHETIC,,2026-09-18
2022-10-04,Hisse Senedi,118.8250615793,SYNTHETIC,,2026-09-18
2022-10-05,Hisse Senedi,119.4738000499,SYNTHETIC,,2026-09-18
2022-10-06,Hisse Senedi,114.3311896651,SYNTHETIC,,2026-09-18
2022-10-07,Hisse Senedi,112.9525453924,SYNTHETIC,,2026-09-18
2022-10-10,Hisse Senedi,114.2811605865,SYNTHETIC,,2026-09-18
2022-10-11,Hisse Senedi,114.1915199354,SYNTHETIC,,2026-09-18
2022-10-12,Hisse Senedi,112.3246271529,SYNTHETIC,,2026-09-18
2022-10-13,Hisse Senedi,115.1193941244,SYNTHETIC,,2026-09-18
2022-10-14,Hisse Senedi,115.8764159085,SYNTHETIC,,2026-09-18
2022-10-17,Hisse Senedi,115.1337310419,SYNTHETIC,,2026-09-18
2022-10-18,Hisse Senedi,117.7111273518,SYNTHETIC,,2026-09-18
2022-10-19,Hisse Senedi,117.1366677737,SYNTHETIC,,2026-09-18
2022-10-20,Hisse Senedi,118.3504073013,SYNTHETIC,,2026-09-18
2022-10-21,Hisse Senedi,119.4462807489,SYNTHETIC,,2026-09-18
2022-10-24,Hisse Senedi,117.2396460047,SYNTHETIC,,2026-09-18
2022-10-25,Hisse Senedi,117.6730789741,SYNTHETIC,,2026-09-18
2022-10-26,Hisse Senedi,114.5024384704,SYNTHETIC,,2026-09-18
2022-10-27,Hisse Senedi,114.3537764405,SYNTHETIC,,2026-09-18
2022-10-28,Hisse Senedi,119.1428355859,SYNTHETIC,,2026-09-18
2022-10-31,Hisse Senedi,118.1196002944,SYNTHETIC,,2026-09-18
2022-11-01,Hisse Senedi,114.5389113015,SYNTHETIC,,2026-09-18
2022-11-02,Hisse Senedi,115.2573129493,SYNTHETIC,,2026-09-18
2022-11-03,Hisse Senedi,113.7764259117,SYNTHETIC,,2026-09-18
2022-11-04,Hisse Senedi,114.0862454638,SYNTHETIC,,2026-09-18
2022-11-07,Hisse Senedi,115.4930081211,SYNTHETIC,,2026-09-18
2022-11-08,Hisse Senedi,117.0501807610,SYNTHETIC,,2026-09-18
2022-11-09,Hisse Senedi,116.4518590934,SYNTHETIC,,2026-09-18
2022-11-10,Hisse Senedi,119.6946797804,SYNTHETIC,,2026-09-18
2022-11-11,Hisse Senedi,116.2876203685,SYNTHETIC,,2026-09-18
2022-11-14,Hisse Senedi,116.4250832366,SYNTHETIC,,2026-09-18
2022-11-15,Hisse Senedi,115.7094248167,SYNTHETIC,,2026-09-18
2022-11-16,Hisse Senedi,113.9205575262,SYNTHETIC,,2026-09-18
2022-11-17,Hisse Senedi,110.6092129395,SYNTHETIC,,2026-09-18
2022-11-18,Hisse Senedi,110.7243370092,SYNTHETIC,,2026-09-18
2022-11-21,Hisse Senedi,110.9434005910,SYNTHETIC,,2026-09-18
2022-11-22,Hisse Senedi,110.3155648477,SYNTHETIC,,2026-09-18
2022-11-23,Hisse Senedi,106.5361814556,SYNTHETIC,,2026-09-18
2022-11-24,Hisse Senedi,106.8074471524,SYNTHETIC,,2026-09-18
2022-11-25,Hisse Senedi,108.6125742304,SYNTHETIC,,2026-09-18
2022-11-28,Hisse Senedi,112.5359847816,SYNTHETIC,,2026-09-18
2022-11-29,Hisse Senedi,111.4703351705,SYNTHETIC,,2026-09-18
2022-11-30,Hisse Senedi,110.3089253556,SYNTHETIC,,2026-09-18
2022-12-01,Hisse Senedi,109.2101029547,SYNTHETIC,,2026-09-18
2022-12-02,Hisse Senedi,111.4534317932,SYNTHETIC,,2026-09-18
2022-12-05,Hisse Senedi,115.6625764675,SYNTHETIC,,2026-09-18
2022-12-06,Hisse Senedi,116.8838534446,SYNTHETIC,,2026-09-18
2022-12-07,Hisse Senedi,117.0398726064,SYNTHETIC,,2026-09-18
2022-12-08,Hisse Senedi,115.9737680427,SYNTHETIC,,2026-09-18
2022-12-09,Hisse Senedi,118.8252900436,SYNTHETIC,,2026-09-18
2022-12-12,Hisse Senedi,118.7447108413,SYNTHETIC,,2026-09-18
2022-12-13,Hisse Senedi,116.2687010022,SYNTHETIC,,2026-09-18
2022-12-14,Hisse Senedi,117.1849602581,SYNTHETIC,,2026-09-18
2022-12-15,Hisse Senedi,112.0781436096,SYNTHETIC,,2026-09-18
2022-12-16,Hisse Senedi,111.0480415932,SYNTHETIC,,2026-09-18
2022-12-19,Hisse Senedi,110.8907262765,SYNTHETIC,,2026-09-18
2022-12-20,Hisse Senedi,116.5548302938,SYNTHETIC,,2026-09-18
2022-12-21,Hisse Senedi,113.9765102499,SYNTHETIC,,2026-09-18
2022-12-22,Hisse Senedi,111.4626865313,SYNTHETIC,,2026-09-18
2022-12-23,Hisse Senedi,113.9614664983,SYNTHETIC,,2026-09-18
2022-12-26,Hisse Senedi,113.4752381197,SYNTHETIC,,2026-09-18
2022-12-27,Hisse Senedi,113.2713063771,SYNTHETIC,,2026-09-18
2022-12-28,Hisse Senedi,111.3998466468,SYNTHETIC,,2026-09-18
2022-12-29,Hisse Senedi,113.8239179730,SYNTHETIC,,2026-09-18
2022-12-30,Hisse Senedi,111.6535386630,SYNTHETIC,,2026-09-18
2023-01-02,Hisse Senedi,107.8108233089,SYNTHETIC,,2026-09-18
2023-01-03,Hisse Senedi,108.6123637483,SYNTHETIC,,2026-09-18
2023-01-04,Hisse Senedi,108.2441215638,SYNTHETIC,,2026-09-18
2023-01-05,Hisse Senedi,107.2311508109,SYNTHETIC,,2026-09-18
2023-01-06,Hisse Senedi,107.9106864617,SYNTHETIC,,2026-09-18
2023-01-09,Hisse Senedi,110.4280748737,SYNTHETIC,,2026-09-18
2023-01-10,Hisse Senedi,112.1206767298,SYNTHETIC,,2026-09-18
2023-01-11,Hisse Senedi,109.1841834915,SYNTHETIC,,2026-09-18
2023-01-12,Hisse Senedi,108.7735069113,SYNTHETIC,,2026-09-18
2023-01-13,Hisse Senedi,110.3841532985,SYNTHETIC,,2026-09-18
2023-01-16,Hisse Senedi,110.3386930857,SYNTHETIC,,2026-09-18
2023-01-17,Hisse Senedi,112.2981327760,SYNTHETIC,,2026-09-18
2023-01-18,Hisse Senedi,114.0593158412,SYNTHETIC,,2026-09-18
2023-01-19,Hisse Senedi,115.2927547131,SYNTHETIC,,2026-09-18
2023-01-20,Hisse Senedi,117.9673466028,SYNTHETIC,,2026-09-18
2023-01-23,Hisse Senedi,119.6916337171,SYNTHETIC,,2026-09-18
2023-01-24,Hisse Senedi,116.6300237095,SYNTHETIC,,2026-09-18
2023-01-25,Hisse Senedi,116.8914472176,SYNTHETIC,,2026-09-18
2023-01-26,Hisse Senedi,116.2639336083,SYNTHETIC,,2026-09-18
2023-01-27,Hisse Senedi,118.6169716778,SYNTHETIC,,2026-09-18
2023-01-30,Hisse Senedi,117.3755016298,SYNTHETIC,,2026-09-18
2023-01-31,Hisse Senedi,121.3743234136,SYNTHETIC,,2026-09-18
2023-02-01,Hisse Senedi,123.2033815005,SYNTHETIC,,2026-09-18
2023-02-02,Hisse Senedi,125.2782317642,SYNTHETIC,,2026-09-18
2023-02-03,Hisse Senedi,125.5585448015,SYNTHETIC,,2026-09-18
2023-02-06,Hisse Senedi,124.8647720745,SYNTHETIC,,2026-09-18
2023-02-07,Hisse Senedi,128.6748998062,SYNTHETIC,,2026-09-18
2023-02-08,Hisse Senedi,130.8337084948,SYNTHETIC,,2026-09-18
2023-02-09,Hisse Senedi,135.7470347156,SYNTHETIC,,2026-09-18
2023-02-10,Hisse Senedi,138.4319002946,SYNTHETIC,,2026-09-18
2023-02-13,Hisse Senedi,136.8446784965,SYNTHETIC,,2026-09-18
2023-02-14,Hisse Senedi,135.0779144189,SYNTHETIC,,2026-09-18
2023-02-15,Hisse Senedi,135.2688320212,SYNTHETIC,,2026-09-18
2023-02-16,Hisse Senedi,135.0662373390,SYNTHETIC,,2026-09-18
2023-02-17,Hisse Senedi,138.1193410863,SYNTHETIC,,2026-09-18
2023-02-20,Hisse Senedi,137.3871386923,SYNTHETIC,,2026-09-18
2023-02-21,Hisse Senedi,139.0631696167,SYNTHETIC,,2026-09-18
2023-02-22,Hisse Senedi,141.3178563940,SYNTHETIC,,2026-09-18
2023-02-23,Hisse Senedi,140.7268422951,SYNTHETIC,,2026-09-18
2023-02-24,Hisse Senedi,140.2496259598,SYNTHETIC,,2026-09-18
2023-02-27,Hisse Senedi,138.2847118009,SYNTHETIC,,2026-09-18
2023-02-28,Hisse Senedi,136.9435859426,SYNTHETIC,,2026-09-18
2023-03-01,Hisse Senedi,138.2011018428,SYNTHETIC,,2026-09-18
2023-03-02,Hisse Senedi,137.9156106476,SYNTHETIC,,2026-09-18
2023-03-03,Hisse Senedi,138.2389808359,SYNTHETIC,,2026-09-18
2023-03-06,Hisse Senedi,136.9717582013,SYNTHETIC,,2026-09-18
2023-03-07,Hisse Senedi,138.9511355214,SYNTHETIC,,2026-09-18
2023-03-08,Hisse Senedi,144.6730713787,SYNTHETIC,,2026-09-18
2023-03-09,Hisse Senedi,142.7145790972,SYNTHETIC,,2026-09-18
2023-03-10,Hisse Senedi,143.5065037852,SYNTHETIC,,2026-09-18
2023-03-13,Hisse Senedi,143.8367633572,SYNTHETIC,,2026-09-18
2023-03-14,Hisse Senedi,145.3911317883,SYNTHETIC,,2026-09-18
2023-03-15,Hisse Senedi,144.4660793029,SYNTHETIC,,2026-09-18
2023-03-16,Hisse Senedi,143.5478355493,SYNTHETIC,,2026-09-18
2023-03-17,Hisse Senedi,140.0591365516,SYNTHETIC,,2026-09-18
2023-03-20,Hisse Senedi,139.6675559597,SYNTHETIC,,2026-09-18
2023-03-21,Hisse Senedi,141.7319653418,SYNTHETIC,,2026-09-18
2023-03-22,Hisse Senedi,139.8847599606,SYNTHETIC,,2026-09-18
2023-03-23,Hisse Senedi,144.8152586178,SYNTHETIC,,2026-09-18
2023-03-24,Hisse Senedi,145.9314427248,SYNTHETIC,,2026-09-18
2023-03-27,Hisse Senedi,150.2434281284,SYNTHETIC,,2026-09-18
2023-03-28,Hisse Senedi,150.3125797602,SYNTHETIC,,2026-09-18
2023-03-29,Hisse Senedi,151.6081404920,SYNTHETIC,,2026-09-18
2023-03-30,Hisse Senedi,150.6584224452,SYNTHETIC,,2026-09-18
2023-03-31,Hisse Senedi,151.4047659057,SYNTHETIC,,2026-09-18
2023-04-03,Hisse Senedi,150.8184477247,SYNTHETIC,,2026-09-18
2023-04-04,Hisse Senedi,149.2616088823,SYNTHETIC,,2026-09-18
2023-04-05,Hisse Senedi,149.3170426492,SYNTHETIC,,2026-09-18
2023-04-06,Hisse Senedi,150.1484381402,SYNTHETIC,,2026-09-18
2023-04-07,Hisse Senedi,150.9309238785,SYNTHETIC,,2026-09-18
2023-04-10,Hisse Senedi,152.8103492366,SYNTHETIC,,2026-09-18
2023-04-11,Hisse Senedi,148.7960707941,SYNTHETIC,,2026-09-18
2023-04-12,Hisse Senedi,151.3848137845,SYNTHETIC,,2026-09-18
2023-04-13,Hisse Senedi,152.9293185059,SYNTHETIC,,2026-09-18
2023-04-14,Hisse Senedi,150.4052730396,SYNTHETIC,,2026-09-18
2023-04-17,Hisse Senedi,150.1179592521,SYNTHETIC,,2026-09-18
2023-04-18,Hisse Senedi,151.6109950823,SYNTHETIC,,2026-09-18
2023-04-19,Hisse Senedi,152.5517745498,SYNTHETIC,,2026-09-18
2023-04-20,Hisse Senedi,154.1915217337,SYNTHETIC,,2026-09-18
2023-04-21,Hisse Senedi,153.9790460469,SYNTHETIC,,2026-09-18
2023-04-24,Hisse Senedi,152.5629943730,SYNTHETIC,,2026-09-18
2023-04-25,Hisse Senedi,149.4723510573,SYNTHETIC,,2026-09-18
2023-04-26,Hisse Senedi,152.3985542386,SYNTHETIC,,2026-09-18
2023-04-27,Hisse Senedi,153.2610279065,SYNTHETIC,,2026-09-18
2023-04-28,Hisse Senedi,155.9598528878,SYNTHETIC,,2026-09-18
2023-05-01,Hisse Senedi,155.3190227982,SYNTHETIC,,2026-09-18
2023-05-02,Hisse Senedi,152.6426256702,SYNTHETIC,,2026-09-18
2023-05-03,Hisse Senedi,155.7777314515,SYNTHETIC,,2026-09-18
2023-05-04,Hisse Senedi,152.1155485736,SYNTHETIC,,2026-09-18
2023-05-05,Hisse Senedi,149.9513352494,SYNTHETIC,,2026-09-18
2023-05-08,Hisse Senedi,150.0044819227,SYNTHETIC,,2026-09-18
2023-05-09,Hisse Senedi,150.4190982683,SYNTHETIC,,2026-09-18
2023-05-10,Hisse Senedi,151.9819278452,SYNTHETIC,,2026-09-18
2023-05-11,Hisse Senedi,154.7548735382,SYNTHETIC,,2026-09-18
2023-05-12,Hisse Senedi,153.3384496245,SYNTHETIC,,2026-09-18
2023-05-15,Hisse Senedi,150.0803053163,SYNTHETIC,,2026-09-18
2023-05-16,Hisse Senedi,152.8088371429,SYNTHETIC,,2026-09-18
2023-05-17,Hisse Senedi,155.7859610553,SYNTHETIC,,2026-09-18
2023-05-18,Hisse Senedi,159.0945887377,SYNTHETIC,,2026-09-18
2023-05-19,Hisse Senedi,154.2608339496,SYNTHETIC,,2026-09-18
2023-05-22,Hisse Senedi,156.5558969761,SYNTHETIC,,2026-09-18
2023-05-23,Hisse Senedi,158.2980523171,SYNTHETIC,,2026-09-18
2023-05-24,Hisse Senedi,161.0482137106,SYNTHETIC,,2026-09-18
2023-05-25,Hisse Senedi,156.8836284604,SYNTHETIC,,2026-09-18
2023-05-26,Hisse Senedi,156.1765973226,SYNTHETIC,,2026-09-18
2023-05-29,Hisse Senedi,158.7795019413,SYNTHETIC,,2026-09-18
2023-05-30,Hisse Senedi,158.6181227251,SYNTHETIC,,2026-09-18
2023-05-31,Hisse Senedi,159.6859870233,SYNTHETIC,,2026-09-18
2023-06-01,Hisse Senedi,154.4213826555,SYNTHETIC,,2026-09-18
2023-06-02,Hisse Senedi,151.1300843682,SYNTHETIC,,2026-09-18
2023-06-05,Hisse Senedi,147.7244559958,SYNTHETIC,,2026-09-18
2023-06-06,Hisse Senedi,146.3511999547,SYNTHETIC,,2026-09-18
2023-06-07,Hisse Senedi,146.8431016463,SYNTHETIC,,2026-09-18
2023-06-08,Hisse Senedi,151.3454604254,SYNTHETIC,,2026-09-18
2023-06-09,Hisse Senedi,148.9862067003,SYNTHETIC,,2026-09-18
2023-06-12,Hisse Senedi,152.2208244986,SYNTHETIC,,2026-09-18
2023-06-13,Hisse Senedi,152.4040650033,SYNTHETIC,,2026-09-18
2023-06-14,Hisse Senedi,152.9414589844,SYNTHETIC,,2026-09-18
2023-06-15,Hisse Senedi,154.9199732623,SYNTHETIC,,2026-09-18
2023-06-16,Hisse Senedi,155.3763173928,SYNTHETIC,,2026-09-18
2023-06-19,Hisse Senedi,158.1032164393,SYNTHETIC,,2026-09-18
2023-06-20,Hisse Senedi,161.0569248103,SYNTHETIC,,2026-09-18
2023-06-21,Hisse Senedi,162.2307028919,SYNTHETIC,,2026-09-18
2023-06-22,Hisse Senedi,162.3360527299,SYNTHETIC,,2026-09-18
2023-06-23,Hisse Senedi,163.0101567575,SYNTHETIC,,2026-09-18
2023-06-26,Hisse Senedi,163.0685502004,SYNTHETIC,,2026-09-18
2023-06-27,Hisse Senedi,160.9526216778,SYNTHETIC,,2026-09-18
2023-06-28,Hisse Senedi,162.1464882461,SYNTHETIC,,2026-09-18
2023-06-29,Hisse Senedi,160.6705196253,SYNTHETIC,,2026-09-18
2023-06-30,Hisse Senedi,159.5961309350,SYNTHETIC,,2026-09-18
2023-07-03,Hisse Senedi,163.7997223612,SYNTHETIC,,2026-09-18
2023-07-04,Hisse Senedi,164.1769669987,SYNTHETIC,,2026-09-18
2023-07-05,Hisse Senedi,166.4824138074,SYNTHETIC,,2026-09-18
2023-07-06,Hisse Senedi,168.3782914437,SYNTHETIC,,2026-09-18
2023-07-07,Hisse Senedi,166.7218995386,SYNTHETIC,,2026-09-18
2023-07-10,Hisse Senedi,165.7941852913,SYNTHETIC,,2026-09-18
2023-07-11,Hisse Senedi,165.8131793136,SYNTHETIC,,2026-09-18
2023-07-12,Hisse Senedi,160.3073842130,SYNTHETIC,,2026-09-18
2023-07-13,Hisse Senedi,163.1177287903,SYNTHETIC,,2026-09-18
2023-07-14,Hisse Senedi,158.8575492225,SYNTHETIC,,2026-09-18
2023-07-17,Hisse Senedi,154.4191768645,SYNTHETIC,,2026-09-18
2023-07-18,Hisse Senedi,157.1953569587,SYNTHETIC,,2026-09-18
2023-07-19,Hisse Senedi,157.5582831297,SYNTHETIC,,2026-09-18
2023-07-20,Hisse Senedi,158.3457240010,SYNTHETIC,,2026-09-18
2023-07-21,Hisse Senedi,161.5918974533,SYNTHETIC,,2026-09-18
2023-07-24,Hisse Senedi,158.0991098625,SYNTHETIC,,2026-09-18
2023-07-25,Hisse Senedi,153.1942251463,SYNTHETIC,,2026-09-18
2023-07-26,Hisse Senedi,151.5730053984,SYNTHETIC,,2026-09-18
2023-07-27,Hisse Senedi,152.5523727367,SYNTHETIC,,2026-09-18
2023-07-28,Hisse Senedi,152.2319755075,SYNTHETIC,,2026-09-18
2023-07-31,Hisse Senedi,152.1531682438,SYNTHETIC,,2026-09-18
2023-08-01,Hisse Senedi,153.8479478187,SYNTHETIC,,2026-09-18
2023-08-02,Hisse Senedi,151.6641314940,SYNTHETIC,,2026-09-18
2023-08-03,Hisse Senedi,154.4060848518,SYNTHETIC,,2026-09-18
2023-08-04,Hisse Senedi,150.1030830503,SYNTHETIC,,2026-09-18
2023-08-07,Hisse Senedi,150.8688564581,SYNTHETIC,,2026-09-18
2023-08-08,Hisse Senedi,153.8347203942,SYNTHETIC,,2026-09-18
2023-08-09,Hisse Senedi,153.7956625722,SYNTHETIC,,2026-09-18
2023-08-10,Hisse Senedi,153.5329205254,SYNTHETIC,,2026-09-18
2023-08-11,Hisse Senedi,153.3066162194,SYNTHETIC,,2026-09-18
2023-08-14,Hisse Senedi,155.1325295731,SYNTHETIC,,2026-09-18
2023-08-15,Hisse Senedi,156.2901618860,SYNTHETIC,,2026-09-18
2023-08-16,Hisse Senedi,153.0268993618,SYNTHETIC,,2026-09-18
2023-08-17,Hisse Senedi,154.8940875085,SYNTHETIC,,2026-09-18
2023-08-18,Hisse Senedi,158.6848228407,SYNTHETIC,,2026-09-18
2023-08-21,Hisse Senedi,157.9137188463,SYNTHETIC,,2026-09-18
2023-08-22,Hisse Senedi,149.8518688724,SYNTHETIC,,2026-09-18
2023-08-23,Hisse Senedi,152.7188107445,SYNTHETIC,,2026-09-18
2023-08-24,Hisse Senedi,151.3695299549,SYNTHETIC,,2026-09-18
2023-08-25,Hisse Senedi,144.7538949787,SYNTHETIC,,2026-09-18
2023-08-28,Hisse Senedi,143.8978902815,SYNTHETIC,,2026-09-18
2023-08-29,Hisse Senedi,148.1076533803,SYNTHETIC,,2026-09-18
2023-08-30,Hisse Senedi,147.8132797736,SYNTHETIC,,2026-09-18
2023-08-31,Hisse Senedi,150.2337476002,SYNTHETIC,,2026-09-18
2023-09-01,Hisse Senedi,150.0266142652,SYNTHETIC,,2026-09-18
2023-09-04,Hisse Senedi,142.8537179263,SYNTHETIC,,2026-09-18
2023-09-05,Hisse Senedi,138.7053027688,SYNTHETIC,,2026-09-18
2023-09-06,Hisse Senedi,141.2104988416,SYNTHETIC,,2026-09-18
2023-09-07,Hisse Senedi,144.3168472881,SYNTHETIC,,2026-09-18
2023-09-08,Hisse Senedi,152.8173544167,SYNTHETIC,,2026-09-18
2023-09-11,Hisse Senedi,153.1708932790,SYNTHETIC,,2026-09-18
2023-09-12,Hisse Senedi,157.6713486829,SYNTHETIC,,2026-09-18
2023-09-13,Hisse Senedi,158.8936659246,SYNTHETIC,,2026-09-18
2023-09-14,Hisse Senedi,166.4221980199,SYNTHETIC,,2026-09-18
2023-09-15,Hisse Senedi,164.9427588275,SYNTHETIC,,2026-09-18
2023-09-18,Hisse Senedi,166.4026950699,SYNTHETIC,,2026-09-18
2023-09-19,Hisse Senedi,170.3064316402,SYNTHETIC,,2026-09-18
2023-09-20,Hisse Senedi,168.7157118579,SYNTHETIC,,2026-09-18
2023-09-21,Hisse Senedi,164.8322044647,SYNTHETIC,,2026-09-18
2023-09-22,Hisse Senedi,168.4540173141,SYNTHETIC,,2026-09-18
2023-09-25,Hisse Senedi,168.0909457336,SYNTHETIC,,2026-09-18
2023-09-26,Hisse Senedi,165.4535576591,SYNTHETIC,,2026-09-18
2023-09-27,Hisse Senedi,161.9606216995,SYNTHETIC,,2026-09-18
2023-09-28,Hisse Senedi,160.7539335325,SYNTHETIC,,2026-09-18
2023-09-29,Hisse Senedi,158.6994544468,SYNTHETIC,,2026-09-18
2023-10-02,Hisse Senedi,154.0037166844,SYNTHETIC,,2026-09-18
2023-10-03,Hisse Senedi,155.5731264102,SYNTHETIC,,2026-09-18
2023-10-04,Hisse Senedi,153.0171931105,SYNTHETIC,,2026-09-18
2023-10-05,Hisse Senedi,150.7853109877,SYNTHETIC,,2026-09-18
2023-10-06,Hisse Senedi,151.0605371320,SYNTHETIC,,2026-09-18
2023-10-09,Hisse Senedi,148.8565613417,SYNTHETIC,,2026-09-18
2023-10-10,Hisse Senedi,146.1220957840,SYNTHETIC,,2026-09-18
2023-10-11,Hisse Senedi,145.6658002240,SYNTHETIC,,2026-09-18
2023-10-12,Hisse Senedi,145.1575859076,SYNTHETIC,,2026-09-18
2023-10-13,Hisse Senedi,143.4815972442,SYNTHETIC,,2026-09-18
2023-10-16,Hisse Senedi,141.6724949050,SYNTHETIC,,2026-09-18
2023-10-17,Hisse Senedi,144.3372761736,SYNTHETIC,,2026-09-18
2023-10-18,Hisse Senedi,140.7726997073,SYNTHETIC,,2026-09-18
2023-10-19,Hisse Senedi,132.2893509406,SYNTHETIC,,2026-09-18
2023-10-20,Hisse Senedi,132.1322285743,SYNTHETIC,,2026-09-18
2023-10-23,Hisse Senedi,130.2188275292,SYNTHETIC,,2026-09-18
2023-10-24,Hisse Senedi,132.1996712211,SYNTHETIC,,2026-09-18
2023-10-25,Hisse Senedi,131.5164013623,SYNTHETIC,,2026-09-18
2023-10-26,Hisse Senedi,128.6096547761,SYNTHETIC,,2026-09-18
2023-10-27,Hisse Senedi,133.4507856299,SYNTHETIC,,2026-09-18
2023-10-30,Hisse Senedi,131.7505191423,SYNTHETIC,,2026-09-18
2023-10-31,Hisse Senedi,133.2859757326,SYNTHETIC,,2026-09-18
2023-11-01,Hisse Senedi,133.5391179648,SYNTHETIC,,2026-09-18
2023-11-02,Hisse Senedi,134.2147269214,SYNTHETIC,,2026-09-18
2023-11-03,Hisse Senedi,130.4481572651,SYNTHETIC,,2026-09-18
2023-11-06,Hisse Senedi,136.7746868675,SYNTHETIC,,2026-09-18
2023-11-07,Hisse Senedi,136.9542120918,SYNTHETIC,,2026-09-18
2023-11-08,Hisse Senedi,138.8806955450,SYNTHETIC,,2026-09-18
2023-11-09,Hisse Senedi,140.8486434967,SYNTHETIC,,2026-09-18
2023-11-10,Hisse Senedi,138.3059335934,SYNTHETIC,,2026-09-18
2023-11-13,Hisse Senedi,139.4090737764,SYNTHETIC,,2026-09-18
2023-11-14,Hisse Senedi,145.1819673533,SYNTHETIC,,2026-09-18
2023-11-15,Hisse Senedi,145.1186617569,SYNTHETIC,,2026-09-18
2023-11-16,Hisse Senedi,144.1332716218,SYNTHETIC,,2026-09-18
2023-11-17,Hisse Senedi,143.4220435660,SYNTHETIC,,2026-09-18
2023-11-20,Hisse Senedi,145.9396598442,SYNTHETIC,,2026-09-18
2023-11-21,Hisse Senedi,142.2155641067,SYNTHETIC,,2026-09-18
2023-11-22,Hisse Senedi,137.7287797743,SYNTHETIC,,2026-09-18
2023-11-23,Hisse Senedi,142.9368238863,SYNTHETIC,,2026-09-18
2023-11-24,Hisse Senedi,148.5176184957,SYNTHETIC,,2026-09-18
2023-11-27,Hisse Senedi,145.6543948997,SYNTHETIC,,2026-09-18
2023-11-28,Hisse Senedi,147.5478912476,SYNTHETIC,,2026-09-18
2023-11-29,Hisse Senedi,144.8644644785,SYNTHETIC,,2026-09-18
2023-11-30,Hisse Senedi,142.9669638716,SYNTHETIC,,2026-09-18
2023-12-01,Hisse Senedi,143.0738954735,SYNTHETIC,,2026-09-18
2023-12-04,Hisse Senedi,143.0041852521,SYNTHETIC,,2026-09-18
2023-12-05,Hisse Senedi,143.9283075638,SYNTHETIC,,2026-09-18
2023-12-06,Hisse Senedi,141.4476099529,SYNTHETIC,,2026-09-18
2023-12-07,Hisse Senedi,140.2418903849,SYNTHETIC,,2026-09-18
2023-12-08,Hisse Senedi,142.2130668702,SYNTHETIC,,2026-09-18
2023-12-11,Hisse Senedi,145.0168383601,SYNTHETIC,,2026-09-18
2023-12-12,Hisse Senedi,147.2955366765,SYNTHETIC,,2026-09-18
2023-12-13,Hisse Senedi,146.1048232878,SYNTHETIC,,2026-09-18
2023-12-14,Hisse Senedi,147.1834678309,SYNTHETIC,,2026-09-18
2023-12-15,Hisse Senedi,146.2471303976,SYNTHETIC,,2026-09-18
2023-12-18,Hisse Senedi,149.3968529763,SYNTHETIC,,2026-09-18
2023-12-19,Hisse Senedi,150.5800743131,SYNTHETIC,,2026-09-18
2023-12-20,Hisse Senedi,150.2611044423,SYNTHETIC,,2026-09-18
2023-12-21,Hisse Senedi,149.2261598114,SYNTHETIC,,2026-09-18
2023-12-22,Hisse Senedi,147.6948342205,SYNTHETIC,,2026-09-18
2023-12-25,Hisse Senedi,146.4474197191,SYNTHETIC,,2026-09-18
2023-12-26,Hisse Senedi,144.6505341800,SYNTHETIC,,2026-09-18
2023-12-27,Hisse Senedi,140.5411067446,SYNTHETIC,,2026-09-18
2023-12-28,Hisse Senedi,142.9117340480,SYNTHETIC,,2026-09-18
2023-12-29,Hisse Senedi,145.8808030260,SYNTHETIC,,2026-09-18
2024-01-01,Hisse Senedi,148.5228082014,SYNTHETIC,,2026-09-18
2024-01-02,Hisse Senedi,144.6043067820,SYNTHETIC,,2026-09-18
2024-01-03,Hisse Senedi,142.4304185902,SYNTHETIC,,2026-09-18
2024-01-04,Hisse Senedi,144.7524034883,SYNTHETIC,,2026-09-18
2024-01-05,Hisse Senedi,146.4693308819,SYNTHETIC,,2026-09-18
2024-01-08,Hisse Senedi,144.3445893802,SYNTHETIC,,2026-09-18
2024-01-09,Hisse Senedi,146.5420751823,SYNTHETIC,,2026-09-18
2024-01-10,Hisse Senedi,145.0172983486,SYNTHETIC,,2026-09-18
2024-01-11,Hisse Senedi,145.8638829268,SYNTHETIC,,2026-09-18
2024-01-12,Hisse Senedi,148.3840823724,SYNTHETIC,,2026-09-18
2024-01-15,Hisse Senedi,146.2319731409,SYNTHETIC,,2026-09-18
2024-01-16,Hisse Senedi,144.0075262158,SYNTHETIC,,2026-09-18
2024-01-17,Hisse Senedi,140.8866580636,SYNTHETIC,,2026-09-18
2024-01-18,Hisse Senedi,138.4035259962,SYNTHETIC,,2026-09-18
2024-01-19,Hisse Senedi,132.5044865311,SYNTHETIC,,2026-09-18
2024-01-22,Hisse Senedi,135.8333822731,SYNTHETIC,,2026-09-18
2024-01-23,Hisse Senedi,130.2204241483,SYNTHETIC,,2026-09-18
2024-01-24,Hisse Senedi,126.4658258367,SYNTHETIC,,2026-09-18
2024-01-25,Hisse Senedi,130.0004627788,SYNTHETIC,,2026-09-18
2024-01-26,Hisse Senedi,133.3915975970,SYNTHETIC,,2026-09-18
2024-01-29,Hisse Senedi,133.8447830781,SYNTHETIC,,2026-09-18
2024-01-30,Hisse Senedi,133.9208837330,SYNTHETIC,,2026-09-18
2024-01-31,Hisse Senedi,131.8596591612,SYNTHETIC,,2026-09-18
2024-02-01,Hisse Senedi,127.7379125471,SYNTHETIC,,2026-09-18
2024-02-02,Hisse Senedi,124.8378373256,SYNTHETIC,,2026-09-18
2024-02-05,Hisse Senedi,124.1728614253,SYNTHETIC,,2026-09-18
2024-02-06,Hisse Senedi,124.5465380432,SYNTHETIC,,2026-09-18
2024-02-07,Hisse Senedi,123.7756266072,SYNTHETIC,,2026-09-18
2024-02-08,Hisse Senedi,122.8116423921,SYNTHETIC,,2026-09-18
2024-02-09,Hisse Senedi,123.8054644388,SYNTHETIC,,2026-09-18
2024-02-12,Hisse Senedi,124.8676778844,SYNTHETIC,,2026-09-18
2024-02-13,Hisse Senedi,128.1482125881,SYNTHETIC,,2026-09-18
2024-02-14,Hisse Senedi,129.8841971389,SYNTHETIC,,2026-09-18
2024-02-15,Hisse Senedi,131.4844163833,SYNTHETIC,,2026-09-18
2024-02-16,Hisse Senedi,127.2256332275,SYNTHETIC,,2026-09-18
2024-02-19,Hisse Senedi,126.9290994146,SYNTHETIC,,2026-09-18
2024-02-20,Hisse Senedi,125.6654572226,SYNTHETIC,,2026-09-18
2024-02-21,Hisse Senedi,129.5215154442,SYNTHETIC,,2026-09-18
2024-02-22,Hisse Senedi,132.7200942888,SYNTHETIC,,2026-09-18
2024-02-23,Hisse Senedi,127.6697838408,SYNTHETIC,,2026-09-18
2024-02-26,Hisse Senedi,133.9310356607,SYNTHETIC,,2026-09-18
2024-02-27,Hisse Senedi,133.9598592666,SYNTHETIC,,2026-09-18
2024-02-28,Hisse Senedi,130.9200492166,SYNTHETIC,,2026-09-18
2024-02-29,Hisse Senedi,133.2602424385,SYNTHETIC,,2026-09-18
2024-03-01,Hisse Senedi,134.2675820980,SYNTHETIC,,2026-09-18
2024-03-04,Hisse Senedi,131.1452434070,SYNTHETIC,,2026-09-18
2024-03-05,Hisse Senedi,131.9507893599,SYNTHETIC,,2026-09-18
2024-03-06,Hisse Senedi,133.6373227756,SYNTHETIC,,2026-09-18
2024-03-07,Hisse Senedi,132.5810622866,SYNTHETIC,,2026-09-18
2024-03-08,Hisse Senedi,132.6465200899,SYNTHETIC,,2026-09-18
2024-03-11,Hisse Senedi,132.9315974130,SYNTHETIC,,2026-09-18
2024-03-12,Hisse Senedi,132.9903921299,SYNTHETIC,,2026-09-18
2024-03-13,Hisse Senedi,136.2891309665,SYNTHETIC,,2026-09-18
2024-03-14,Hisse Senedi,140.6556708524,SYNTHETIC,,2026-09-18
2024-03-15,Hisse Senedi,138.6965624473,SYNTHETIC,,2026-09-18
2024-03-18,Hisse Senedi,140.0178078655,SYNTHETIC,,2026-09-18
2024-03-19,Hisse Senedi,142.3511257766,SYNTHETIC,,2026-09-18
2024-03-20,Hisse Senedi,144.1112482902,SYNTHETIC,,2026-09-18
2024-03-21,Hisse Senedi,136.8143696967,SYNTHETIC,,2026-09-18
2024-03-22,Hisse Senedi,137.9241985997,SYNTHETIC,,2026-09-18
2024-03-25,Hisse Senedi,133.9956031948,SYNTHETIC,,2026-09-18
2024-03-26,Hisse Senedi,129.2540656324,SYNTHETIC,,2026-09-18
2024-03-27,Hisse Senedi,127.7362501318,SYNTHETIC,,2026-09-18
2024-03-28,Hisse Senedi,124.6874084551,SYNTHETIC,,2026-09-18
2024-03-29,Hisse Senedi,127.7262627667,SYNTHETIC,,2026-09-18
2024-04-01,Hisse Senedi,128.3618682456,SYNTHETIC,,2026-09-18
2024-04-02,Hisse Senedi,126.6306522066,SYNTHETIC,,2026-09-18
2024-04-03,Hisse Senedi,127.4295592182,SYNTHETIC,,2026-09-18
2024-04-04,Hisse Senedi,126.2647948273,SYNTHETIC,,2026-09-18
2024-04-05,Hisse Senedi,120.0183307703,SYNTHETIC,,2026-09-18
2024-04-08,Hisse Senedi,120.9215568910,SYNTHETIC,,2026-09-18
2024-04-09,Hisse Senedi,119.0452278996,SYNTHETIC,,2026-09-18
2024-04-10,Hisse Senedi,118.1007257730,SYNTHETIC,,2026-09-18
2024-04-11,Hisse Senedi,115.1524216764,SYNTHETIC,,2026-09-18
2024-04-12,Hisse Senedi,111.9788881873,SYNTHETIC,,2026-09-18
2024-04-15,Hisse Senedi,116.2745087650,SYNTHETIC,,2026-09-18
2024-04-16,Hisse Senedi,121.5157592097,SYNTHETIC,,2026-09-18
2024-04-17,Hisse Senedi,121.0993633052,SYNTHETIC,,2026-09-18
2024-04-18,Hisse Senedi,121.4284290265,SYNTHETIC,,2026-09-18
2024-04-19,Hisse Senedi,118.8702763456,SYNTHETIC,,2026-09-18
2024-04-22,Hisse Senedi,119.9328453249,SYNTHETIC,,2026-09-18
2024-04-23,Hisse Senedi,118.2912485349,SYNTHETIC,,2026-09-18
2024-04-24,Hisse Senedi,118.1434728352,SYNTHETIC,,2026-09-18
2024-04-25,Hisse Senedi,116.6797946014,SYNTHETIC,,2026-09-18
2024-04-26,Hisse Senedi,114.6639600140,SYNTHETIC,,2026-09-18
2024-04-29,Hisse Senedi,112.4580043286,SYNTHETIC,,2026-09-18
2024-04-30,Hisse Senedi,113.5511290558,SYNTHETIC,,2026-09-18
2024-05-01,Hisse Senedi,111.1839567809,SYNTHETIC,,2026-09-18
2024-05-02,Hisse Senedi,109.7840926893,SYNTHETIC,,2026-09-18
2024-05-03,Hisse Senedi,106.3305803216,SYNTHETIC,,2026-09-18
2024-05-06,Hisse Senedi,105.0698891927,SYNTHETIC,,2026-09-18
2024-05-07,Hisse Senedi,108.3568152374,SYNTHETIC,,2026-09-18
2024-05-08,Hisse Senedi,110.9255084518,SYNTHETIC,,2026-09-18
2024-05-09,Hisse Senedi,110.2345690381,SYNTHETIC,,2026-09-18
2024-05-10,Hisse Senedi,108.0986492587,SYNTHETIC,,2026-09-18
2024-05-13,Hisse Senedi,108.7947791934,SYNTHETIC,,2026-09-18
2024-05-14,Hisse Senedi,109.7703063605,SYNTHETIC,,2026-09-18
2024-05-15,Hisse Senedi,109.1219973661,SYNTHETIC,,2026-09-18
2024-05-16,Hisse Senedi,107.3473312169,SYNTHETIC,,2026-09-18
2024-05-17,Hisse Senedi,106.0891604443,SYNTHETIC,,2026-09-18
2024-05-20,Hisse Senedi,104.6565425536,SYNTHETIC,,2026-09-18
2024-05-21,Hisse Senedi,103.9401990901,SYNTHETIC,,2026-09-18
2024-05-22,Hisse Senedi,103.7984009709,SYNTHETIC,,2026-09-18
2024-05-23,Hisse Senedi,104.0290961654,SYNTHETIC,,2026-09-18
2024-05-24,Hisse Senedi,103.1610381897,SYNTHETIC,,2026-09-18
2024-05-27,Hisse Senedi,104.2700314669,SYNTHETIC,,2026-09-18
2024-05-28,Hisse Senedi,102.4074622445,SYNTHETIC,,2026-09-18
2024-05-29,Hisse Senedi,102.7319491146,SYNTHETIC,,2026-09-18
2024-05-30,Hisse Senedi,101.8736242537,SYNTHETIC,,2026-09-18
2024-05-31,Hisse Senedi,99.6191395988,SYNTHETIC,,2026-09-18
2024-06-03,Hisse Senedi,97.6571581040,SYNTHETIC,,2026-09-18
2024-06-04,Hisse Senedi,96.0359746780,SYNTHETIC,,2026-09-18
2024-06-05,Hisse Senedi,97.9470914134,SYNTHETIC,,2026-09-18
2024-06-06,Hisse Senedi,97.0680832108,SYNTHETIC,,2026-09-18
2024-06-07,Hisse Senedi,99.1329620683,SYNTHETIC,,2026-09-18
2024-06-10,Hisse Senedi,101.3238965744,SYNTHETIC,,2026-09-18
2024-06-11,Hisse Senedi,102.8831916678,SYNTHETIC,,2026-09-18
2024-06-12,Hisse Senedi,102.5471325523,SYNTHETIC,,2026-09-18
2024-06-13,Hisse Senedi,102.5673775982,SYNTHETIC,,2026-09-18
2024-06-14,Hisse Senedi,101.2543273949,SYNTHETIC,,2026-09-18
2024-06-17,Hisse Senedi,99.6111491346,SYNTHETIC,,2026-09-18
2024-06-18,Hisse Senedi,99.7771868199,SYNTHETIC,,2026-09-18
2024-06-19,Hisse Senedi,95.3038684301,SYNTHETIC,,2026-09-18
2024-06-20,Hisse Senedi,93.4973542964,SYNTHETIC,,2026-09-18
2024-06-21,Hisse Senedi,91.2855324517,SYNTHETIC,,2026-09-18
2024-06-24,Hisse Senedi,91.2869742654,SYNTHETIC,,2026-09-18
2024-06-25,Hisse Senedi,88.7211192400,SYNTHETIC,,2026-09-18
2024-06-26,Hisse Senedi,88.3763797186,SYNTHETIC,,2026-09-18
2024-06-27,Hisse Senedi,88.0954688676,SYNTHETIC,,2026-09-18
2024-06-28,Hisse Senedi,86.9893457469,SYNTHETIC,,2026-09-18
2024-07-01,Hisse Senedi,89.7085426707,SYNTHETIC,,2026-09-18
2024-07-02,Hisse Senedi,89.6706124915,SYNTHETIC,,2026-09-18
2024-07-03,Hisse Senedi,87.8327217928,SYNTHETIC,,2026-09-18
2024-07-04,Hisse Senedi,88.6664403479,SYNTHETIC,,2026-09-18
2024-07-05,Hisse Senedi,88.8861999407,SYNTHETIC,,2026-09-18
2024-07-08,Hisse Senedi,89.6088683540,SYNTHETIC,,2026-09-18
2024-07-09,Hisse Senedi,89.1242072132,SYNTHETIC,,2026-09-18
2024-07-10,Hisse Senedi,92.0071672187,SYNTHETIC,,2026-09-18
2024-07-11,Hisse Senedi,93.6720068881,SYNTHETIC,,2026-09-18
2024-07-12,Hisse Senedi,92.4885120568,SYNTHETIC,,2026-09-18
2024-07-15,Hisse Senedi,92.1084138578,SYNTHETIC,,2026-09-18
2024-07-16,Hisse Senedi,93.3551993282,SYNTHETIC,,2026-09-18
2024-07-17,Hisse Senedi,94.1237003841,SYNTHETIC,,2026-09-18
2024-07-18,Hisse Senedi,93.1820898401,SYNTHETIC,,2026-09-18
2024-07-19,Hisse Senedi,93.5169587081,SYNTHETIC,,2026-09-18
2024-07-22,Hisse Senedi,94.1662363181,SYNTHETIC,,2026-09-18
2024-07-23,Hisse Senedi,94.0958340986,SYNTHETIC,,2026-09-18
2024-07-24,Hisse Senedi,94.6672973408,SYNTHETIC,,2026-09-18
2024-07-25,Hisse Senedi,93.0570512597,SYNTHETIC,,2026-09-18
2024-07-26,Hisse Senedi,96.8841266971,SYNTHETIC,,2026-09-18
2024-07-29,Hisse Senedi,97.3590983861,SYNTHETIC,,2026-09-18
2024-07-30,Hisse Senedi,95.7832189039,SYNTHETIC,,2026-09-18
2024-07-31,Hisse Senedi,95.1832332444,SYNTHETIC,,2026-09-18
2024-08-01,Hisse Senedi,92.4888950692,SYNTHETIC,,2026-09-18
2024-08-02,Hisse Senedi,93.8904020930,SYNTHETIC,,2026-09-18
2024-08-05,Hisse Senedi,96.2583517812,SYNTHETIC,,2026-09-18
2024-08-06,Hisse Senedi,96.3577483447,SYNTHETIC,,2026-09-18
2024-08-07,Hisse Senedi,96.6373475673,SYNTHETIC,,2026-09-18
2024-08-08,Hisse Senedi,97.1984173263,SYNTHETIC,,2026-09-18
2024-08-09,Hisse Senedi,96.2302142456,SYNTHETIC,,2026-09-18
2024-08-12,Hisse Senedi,96.3476402342,SYNTHETIC,,2026-09-18
2024-08-13,Hisse Senedi,95.5491018446,SYNTHETIC,,2026-09-18
2024-08-14,Hisse Senedi,93.0763567530,SYNTHETIC,,2026-09-18
2024-08-15,Hisse Senedi,93.7870054320,SYNTHETIC,,2026-09-18
2024-08-16,Hisse Senedi,92.7053783589,SYNTHETIC,,2026-09-18
2024-08-19,Hisse Senedi,93.5019494013,SYNTHETIC,,2026-09-18
2024-08-20,Hisse Senedi,93.4836210586,SYNTHETIC,,2026-09-18
2024-08-21,Hisse Senedi,92.5770051768,SYNTHETIC,,2026-09-18
2024-08-22,Hisse Senedi,92.2145207390,SYNTHETIC,,2026-09-18
2024-08-23,Hisse Senedi,92.6956469545,SYNTHETIC,,2026-09-18
2024-08-26,Hisse Senedi,94.5303506247,SYNTHETIC,,2026-09-18
2024-08-27,Hisse Senedi,93.6779371782,SYNTHETIC,,2026-09-18
2024-08-28,Hisse Senedi,93.4361969307,SYNTHETIC,,2026-09-18
2024-08-29,Hisse Senedi,90.3073164122,SYNTHETIC,,2026-09-18
2024-08-30,Hisse Senedi,89.7222316022,SYNTHETIC,,2026-09-18
2024-09-02,Hisse Senedi,90.8363289913,SYNTHETIC,,2026-09-18
2024-09-03,Hisse Senedi,89.9256754478,SYNTHETIC,,2026-09-18
2024-09-04,Hisse Senedi,89.1357063732,SYNTHETIC,,2026-09-18
2024-09-05,Hisse Senedi,87.8545814742,SYNTHETIC,,2026-09-18
2024-09-06,Hisse Senedi,89.9102802547,SYNTHETIC,,2026-09-18
2024-09-09,Hisse Senedi,87.4421996981,SYNTHETIC,,2026-09-18
2024-09-10,Hisse Senedi,88.2300762352,SYNTHETIC,,2026-09-18
2024-09-11,Hisse Senedi,88.4162698192,SYNTHETIC,,2026-09-18
2024-09-12,Hisse Senedi,87.3554800531,SYNTHETIC,,2026-09-18
2024-09-13,Hisse Senedi,87.1746086056,SYNTHETIC,,2026-09-18
2024-09-16,Hisse Senedi,86.6474430358,SYNTHETIC,,2026-09-18
2024-09-17,Hisse Senedi,87.7068845296,SYNTHETIC,,2026-09-18
2024-09-18,Hisse Senedi,91.3220556785,SYNTHETIC,,2026-09-18
2024-09-19,Hisse Senedi,91.6371885197,SYNTHETIC,,2026-09-18
2024-09-20,Hisse Senedi,93.1924072614,SYNTHETIC,,2026-09-18
2024-09-23,Hisse Senedi,95.6778937449,SYNTHETIC,,2026-09-18
2024-09-24,Hisse Senedi,95.0854054561,SYNTHETIC,,2026-09-18
2024-09-25,Hisse Senedi,93.3403942537,SYNTHETIC,,2026-09-18
2024-09-26,Hisse Senedi,88.8210394465,SYNTHETIC,,2026-09-18
2024-09-27,Hisse Senedi,90.1437539709,SYNTHETIC,,2026-09-18
2024-09-30,Hisse Senedi,88.8867258393,SYNTHETIC,,2026-09-18
2024-10-01,Hisse Senedi,87.3559137183,SYNTHETIC,,2026-09-18
2024-10-02,Hisse Senedi,87.2009022539,SYNTHETIC,,2026-09-18
2024-10-03,Hisse Senedi,88.1407072382,SYNTHETIC,,2026-09-18
2024-10-04,Hisse Senedi,87.6067544173,SYNTHETIC,,2026-09-18
2024-10-07,Hisse Senedi,84.3277955917,SYNTHETIC,,2026-09-18
2024-10-08,Hisse Senedi,84.5733729408,SYNTHETIC,,2026-09-18
2024-10-09,Hisse Senedi,87.0231367099,SYNTHETIC,,2026-09-18
2024-10-10,Hisse Senedi,87.2344607326,SYNTHETIC,,2026-09-18
2024-10-11,Hisse Senedi,88.7668841562,SYNTHETIC,,2026-09-18
2024-10-14,Hisse Senedi,88.3619115208,SYNTHETIC,,2026-09-18
2024-10-15,Hisse Senedi,88.1540612609,SYNTHETIC,,2026-09-18
2024-10-16,Hisse Senedi,88.9396509860,SYNTHETIC,,2026-09-18
2024-10-17,Hisse Senedi,89.1794693143,SYNTHETIC,,2026-09-18
2024-10-18,Hisse Senedi,87.5188447166,SYNTHETIC,,2026-09-18
2024-10-21,Hisse Senedi,86.9724224278,SYNTHETIC,,2026-09-18
2024-10-22,Hisse Senedi,86.3726526099,SYNTHETIC,,2026-09-18
2024-10-23,Hisse Senedi,86.4784054195,SYNTHETIC,,2026-09-18
2024-10-24,Hisse Senedi,85.2440108788,SYNTHETIC,,2026-09-18
2024-10-25,Hisse Senedi,87.6587297202,SYNTHETIC,,2026-09-18
2024-10-28,Hisse Senedi,87.7620540035,SYNTHETIC,,2026-09-18
2024-10-29,Hisse Senedi,88.4607062574,SYNTHETIC,,2026-09-18
2024-10-30,Hisse Senedi,88.5017568654,SYNTHETIC,,2026-09-18
2024-10-31,Hisse Senedi,88.8355560715,SYNTHETIC,,2026-09-18
2024-11-01,Hisse Senedi,87.9793922539,SYNTHETIC,,2026-09-18
2024-11-04,Hisse Senedi,89.3341165445,SYNTHETIC,,2026-09-18
2024-11-05,Hisse Senedi,89.3801861534,SYNTHETIC,,2026-09-18
2024-11-06,Hisse Senedi,88.3377381985,SYNTHETIC,,2026-09-18
2024-11-07,Hisse Senedi,87.8248526733,SYNTHETIC,,2026-09-18
2024-11-08,Hisse Senedi,88.7001122344,SYNTHETIC,,2026-09-18
2024-11-11,Hisse Senedi,93.0844718348,SYNTHETIC,,2026-09-18
2024-11-12,Hisse Senedi,91.4989625009,SYNTHETIC,,2026-09-18
2024-11-13,Hisse Senedi,90.6677285361,SYNTHETIC,,2026-09-18
2024-11-14,Hisse Senedi,96.4691480364,SYNTHETIC,,2026-09-18
2024-11-15,Hisse Senedi,98.7181494270,SYNTHETIC,,2026-09-18
2024-11-18,Hisse Senedi,96.2905151484,SYNTHETIC,,2026-09-18
2024-11-19,Hisse Senedi,97.6848849776,SYNTHETIC,,2026-09-18
2024-11-20,Hisse Senedi,97.2483235663,SYNTHETIC,,2026-09-18
2024-11-21,Hisse Senedi,99.9319340544,SYNTHETIC,,2026-09-18
2024-11-22,Hisse Senedi,99.0364934908,SYNTHETIC,,2026-09-18
2024-11-25,Hisse Senedi,98.2725743995,SYNTHETIC,,2026-09-18
2024-11-26,Hisse Senedi,99.2043523377,SYNTHETIC,,2026-09-18
2024-11-27,Hisse Senedi,97.5845620961,SYNTHETIC,,2026-09-18
2024-11-28,Hisse Senedi,98.9528625943,SYNTHETIC,,2026-09-18
2024-11-29,Hisse Senedi,95.0287754519,SYNTHETIC,,2026-09-18
2024-12-02,Hisse Senedi,93.5228584723,SYNTHETIC,,2026-09-18
2024-12-03,Hisse Senedi,93.8915319073,SYNTHETIC,,2026-09-18
2024-12-04,Hisse Senedi,94.9962444446,SYNTHETIC,,2026-09-18
2024-12-05,Hisse Senedi,95.4803187474,SYNTHETIC,,2026-09-18
2024-12-06,Hisse Senedi,97.3587265720,SYNTHETIC,,2026-09-18
2024-12-09,Hisse Senedi,95.8007220719,SYNTHETIC,,2026-09-18
2024-12-10,Hisse Senedi,94.9878434258,SYNTHETIC,,2026-09-18
2024-12-11,Hisse Senedi,94.1725774368,SYNTHETIC,,2026-09-18
2024-12-12,Hisse Senedi,93.5308957968,SYNTHETIC,,2026-09-18
2024-12-13,Hisse Senedi,94.0935298203,SYNTHETIC,,2026-09-18
2024-12-16,Hisse Senedi,97.6096559905,SYNTHETIC,,2026-09-18
2024-12-17,Hisse Senedi,100.4096197234,SYNTHETIC,,2026-09-18
2024-12-18,Hisse Senedi,100.4299673965,SYNTHETIC,,2026-09-18
2024-12-19,Hisse Senedi,101.4579527038,SYNTHETIC,,2026-09-18
2024-12-20,Hisse Senedi,103.1007859744,SYNTHETIC,,2026-09-18
2024-12-23,Hisse Senedi,105.9725995799,SYNTHETIC,,2026-09-18
2024-12-24,Hisse Senedi,105.1219963633,SYNTHETIC,,2026-09-18
2024-12-25,Hisse Senedi,104.5960506704,SYNTHETIC,,2026-09-18
2024-12-26,Hisse Senedi,102.0779175454,SYNTHETIC,,2026-09-18
2024-12-27,Hisse Senedi,102.0307657433,SYNTHETIC,,2026-09-18
2024-12-30,Hisse Senedi,103.3582356025,SYNTHETIC,,2026-09-18
2024-12-31,Hisse Senedi,104.8537648823,SYNTHETIC,,2026-09-18
2025-01-01,Hisse Senedi,106.2044353766,SYNTHETIC,,2026-09-18
2025-01-02,Hisse Senedi,104.4464252692,SYNTHETIC,,2026-09-18
2025-01-03,Hisse Senedi,103.1024804431,SYNTHETIC,,2026-09-18
2025-01-06,Hisse Senedi,103.8765661239,SYNTHETIC,,2026-09-18
2025-01-07,Hisse Senedi,103.4556975244,SYNTHETIC,,2026-09-18
2025-01-08,Hisse Senedi,106.7158374285,SYNTHETIC,,2026-09-18
2025-01-09,Hisse Senedi,103.9834559095,SYNTHETIC,,2026-09-18
2025-01-10,Hisse Senedi,105.6303603518,SYNTHETIC,,2026-09-18
2025-01-13,Hisse Senedi,109.5752874469,SYNTHETIC,,2026-09-18
2025-01-14,Hisse Senedi,108.4038638009,SYNTHETIC,,2026-09-18
2025-01-15,Hisse Senedi,109.9389777597,SYNTHETIC,,2026-09-18
2025-01-16,Hisse Senedi,111.1605986522,SYNTHETIC,,2026-09-18
2025-01-17,Hisse Senedi,108.5095129661,SYNTHETIC,,2026-09-18
2025-01-20,Hisse Senedi,110.9887124674,SYNTHETIC,,2026-09-18
2025-01-21,Hisse Senedi,110.7438532749,SYNTHETIC,,2026-09-18
2025-01-22,Hisse Senedi,114.4116418781,SYNTHETIC,,2026-09-18
2025-01-23,Hisse Senedi,115.5502726280,SYNTHETIC,,2026-09-18
2025-01-24,Hisse Senedi,115.0690800687,SYNTHETIC,,2026-09-18
2025-01-27,Hisse Senedi,116.5061242959,SYNTHETIC,,2026-09-18
2025-01-28,Hisse Senedi,119.1451551043,SYNTHETIC,,2026-09-18
2025-01-29,Hisse Senedi,118.9677004338,SYNTHETIC,,2026-09-18
2025-01-30,Hisse Senedi,122.5963385575,SYNTHETIC,,2026-09-18
2025-01-31,Hisse Senedi,123.0563974795,SYNTHETIC,,2026-09-18
2025-02-03,Hisse Senedi,122.8389231689,SYNTHETIC,,2026-09-18
2025-02-04,Hisse Senedi,127.0378922645,SYNTHETIC,,2026-09-18
2025-02-05,Hisse Senedi,130.8204029331,SYNTHETIC,,2026-09-18
2025-02-06,Hisse Senedi,128.0429851837,SYNTHETIC,,2026-09-18
2025-02-07,Hisse Senedi,123.1597973269,SYNTHETIC,,2026-09-18
2025-02-10,Hisse Senedi,123.1653794583,SYNTHETIC,,2026-09-18
2025-02-11,Hisse Senedi,123.4979754937,SYNTHETIC,,2026-09-18
2025-02-12,Hisse Senedi,118.5736825587,SYNTHETIC,,2026-09-18
2025-02-13,Hisse Senedi,114.4952564205,SYNTHETIC,,2026-09-18
2025-02-14,Hisse Senedi,115.8659048546,SYNTHETIC,,2026-09-18
2025-02-17,Hisse Senedi,118.3458487196,SYNTHETIC,,2026-09-18
2025-02-18,Hisse Senedi,118.7732994200,SYNTHETIC,,2026-09-18
2025-02-19,Hisse Senedi,118.6639578549,SYNTHETIC,,2026-09-18
2025-02-20,Hisse Senedi,120.6190402897,SYNTHETIC,,2026-09-18
2025-02-21,Hisse Senedi,120.4500885463,SYNTHETIC,,2026-09-18
2025-02-24,Hisse Senedi,120.2056161408,SYNTHETIC,,2026-09-18
2025-02-25,Hisse Senedi,120.4969601124,SYNTHETIC,,2026-09-18
2025-02-26,Hisse Senedi,120.1206979725,SYNTHETIC,,2026-09-18
2025-02-27,Hisse Senedi,123.2475672831,SYNTHETIC,,2026-09-18
2025-02-28,Hisse Senedi,121.2985853569,SYNTHETIC,,2026-09-18
2025-03-03,Hisse Senedi,118.2354398985,SYNTHETIC,,2026-09-18
2025-03-04,Hisse Senedi,115.9724306124,SYNTHETIC,,2026-09-18
2025-03-05,Hisse Senedi,121.0477756982,SYNTHETIC,,2026-09-18
2025-03-06,Hisse Senedi,120.5876602678,SYNTHETIC,,2026-09-18
2025-03-07,Hisse Senedi,115.6075240951,SYNTHETIC,,2026-09-18
2025-03-10,Hisse Senedi,115.5084426331,SYNTHETIC,,2026-09-18
2025-03-11,Hisse Senedi,116.7847697398,SYNTHETIC,,2026-09-18
2025-03-12,Hisse Senedi,117.2191453208,SYNTHETIC,,2026-09-18
2025-03-13,Hisse Senedi,117.4612114737,SYNTHETIC,,2026-09-18
2025-03-14,Hisse Senedi,117.2089584060,SYNTHETIC,,2026-09-18
2025-03-17,Hisse Senedi,116.8160571836,SYNTHETIC,,2026-09-18
2025-03-18,Hisse Senedi,116.9407740298,SYNTHETIC,,2026-09-18
2025-03-19,Hisse Senedi,121.4097412163,SYNTHETIC,,2026-09-18
2025-03-20,Hisse Senedi,121.9617433144,SYNTHETIC,,2026-09-18
2025-03-21,Hisse Senedi,121.3266232077,SYNTHETIC,,2026-09-18
2025-03-24,Hisse Senedi,121.7292294720,SYNTHETIC,,2026-09-18
2025-03-25,Hisse Senedi,119.8797665239,SYNTHETIC,,2026-09-18
2025-03-26,Hisse Senedi,121.7934716034,SYNTHETIC,,2026-09-18
2025-03-27,Hisse Senedi,118.2136882587,SYNTHETIC,,2026-09-18
2025-03-28,Hisse Senedi,122.5597509399,SYNTHETIC,,2026-09-18
2025-03-31,Hisse Senedi,119.2509084584,SYNTHETIC,,2026-09-18
2025-04-01,Hisse Senedi,118.7102582697,SYNTHETIC,,2026-09-18
2025-04-02,Hisse Senedi,120.9055658008,SYNTHETIC,,2026-09-18
2025-04-03,Hisse Senedi,121.8689265069,SYNTHETIC,,2026-09-18
2025-04-04,Hisse Senedi,124.4529778108,SYNTHETIC,,2026-09-18
2025-04-07,Hisse Senedi,128.1662448218,SYNTHETIC,,2026-09-18
2025-04-08,Hisse Senedi,126.6961700803,SYNTHETIC,,2026-09-18
2025-04-09,Hisse Senedi,126.9427541159,SYNTHETIC,,2026-09-18
2025-04-10,Hisse Senedi,125.4515623525,SYNTHETIC,,2026-09-18
2025-04-11,Hisse Senedi,126.6576916805,SYNTHETIC,,2026-09-18
2025-04-14,Hisse Senedi,129.7129447031,SYNTHETIC,,2026-09-18
2025-04-15,Hisse Senedi,130.4035235493,SYNTHETIC,,2026-09-18
2025-04-16,Hisse Senedi,127.1593522667,SYNTHETIC,,2026-09-18
2025-04-17,Hisse Senedi,125.6490354784,SYNTHETIC,,2026-09-18
2025-04-18,Hisse Senedi,122.3227669794,SYNTHETIC,,2026-09-18
2025-04-21,Hisse Senedi,120.4736341330,SYNTHETIC,,2026-09-18
2025-04-22,Hisse Senedi,119.1787330773,SYNTHETIC,,2026-09-18
2025-04-23,Hisse Senedi,119.7756723443,SYNTHETIC,,2026-09-18
2025-04-24,Hisse Senedi,121.3889775656,SYNTHETIC,,2026-09-18
2025-04-25,Hisse Senedi,120.3239756835,SYNTHETIC,,2026-09-18
2025-04-28,Hisse Senedi,122.8113670880,SYNTHETIC,,2026-09-18
2025-04-29,Hisse Senedi,121.3075433206,SYNTHETIC,,2026-09-18
2025-04-30,Hisse Senedi,122.7966734563,SYNTHETIC,,2026-09-18
2025-05-01,Hisse Senedi,122.9029300566,SYNTHETIC,,2026-09-18
2025-05-02,Hisse Senedi,123.4733389353,SYNTHETIC,,2026-09-18
2025-05-05,Hisse Senedi,118.6347742895,SYNTHETIC,,2026-09-18
2025-05-06,Hisse Senedi,119.5264949368,SYNTHETIC,,2026-09-18
2025-05-07,Hisse Senedi,120.1107889624,SYNTHETIC,,2026-09-18
2025-05-08,Hisse Senedi,119.4873955961,SYNTHETIC,,2026-09-18
2025-05-09,Hisse Senedi,118.4786484761,SYNTHETIC,,2026-09-18
2025-05-12,Hisse Senedi,118.4879068807,SYNTHETIC,,2026-09-18
2025-05-13,Hisse Senedi,118.2570601619,SYNTHETIC,,2026-09-18
2025-05-14,Hisse Senedi,115.4370160208,SYNTHETIC,,2026-09-18
2025-05-15,Hisse Senedi,116.3471090273,SYNTHETIC,,2026-09-18
2025-05-16,Hisse Senedi,120.5653327602,SYNTHETIC,,2026-09-18
2025-05-19,Hisse Senedi,124.1253931658,SYNTHETIC,,2026-09-18
2025-05-20,Hisse Senedi,121.9949962815,SYNTHETIC,,2026-09-18
2025-05-21,Hisse Senedi,118.9656515733,SYNTHETIC,,2026-09-18
2025-05-22,Hisse Senedi,124.8941916060,SYNTHETIC,,2026-09-18
2025-05-23,Hisse Senedi,125.0672668921,SYNTHETIC,,2026-09-18
2025-05-26,Hisse Senedi,122.4706550600,SYNTHETIC,,2026-09-18
2025-05-27,Hisse Senedi,123.6402974629,SYNTHETIC,,2026-09-18
2025-05-28,Hisse Senedi,119.3951944262,SYNTHETIC,,2026-09-18
2025-05-29,Hisse Senedi,118.8200614119,SYNTHETIC,,2026-09-18
2025-05-30,Hisse Senedi,119.6598600918,SYNTHETIC,,2026-09-18
2025-06-02,Hisse Senedi,120.4270867686,SYNTHETIC,,2026-09-18
2025-06-03,Hisse Senedi,118.7960001866,SYNTHETIC,,2026-09-18
2025-06-04,Hisse Senedi,118.6645301901,SYNTHETIC,,2026-09-18
2025-06-05,Hisse Senedi,116.3774586258,SYNTHETIC,,2026-09-18
2025-06-06,Hisse Senedi,116.0975281057,SYNTHETIC,,2026-09-18
2025-06-09,Hisse Senedi,112.9423005801,SYNTHETIC,,2026-09-18
2025-06-10,Hisse Senedi,113.7269981599,SYNTHETIC,,2026-09-18
2025-06-11,Hisse Senedi,114.1469864612,SYNTHETIC,,2026-09-18
2025-06-12,Hisse Senedi,112.1590043832,SYNTHETIC,,2026-09-18
2025-06-13,Hisse Senedi,119.1919912667,SYNTHETIC,,2026-09-18
2025-06-16,Hisse Senedi,120.8661364769,SYNTHETIC,,2026-09-18
2025-06-17,Hisse Senedi,121.7655642907,SYNTHETIC,,2026-09-18
2025-06-18,Hisse Senedi,121.5931556074,SYNTHETIC,,2026-09-18
2025-06-19,Hisse Senedi,124.7624521034,SYNTHETIC,,2026-09-18
2025-06-20,Hisse Senedi,122.7092134852,SYNTHETIC,,2026-09-18
2025-06-23,Hisse Senedi,119.1287983771,SYNTHETIC,,2026-09-18
2025-06-24,Hisse Senedi,122.5241977507,SYNTHETIC,,2026-09-18
2025-06-25,Hisse Senedi,120.9430947907,SYNTHETIC,,2026-09-18
2025-06-26,Hisse Senedi,126.1577693892,SYNTHETIC,,2026-09-18
2025-06-27,Hisse Senedi,126.3612342917,SYNTHETIC,,2026-09-18
2025-06-30,Hisse Senedi,122.4012442898,SYNTHETIC,,2026-09-18
2025-07-01,Hisse Senedi,122.4175843387,SYNTHETIC,,2026-09-18
2025-07-02,Hisse Senedi,117.2041694895,SYNTHETIC,,2026-09-18
2025-07-03,Hisse Senedi,118.2328029196,SYNTHETIC,,2026-09-18
2025-07-04,Hisse Senedi,116.5724145528,SYNTHETIC,,2026-09-18
2025-07-07,Hisse Senedi,117.4340351999,SYNTHETIC,,2026-09-18
2025-07-08,Hisse Senedi,116.2712389231,SYNTHETIC,,2026-09-18
2025-07-09,Hisse Senedi,112.8007081696,SYNTHETIC,,2026-09-18
2025-07-10,Hisse Senedi,113.8315730917,SYNTHETIC,,2026-09-18
2025-07-11,Hisse Senedi,111.6756931210,SYNTHETIC,,2026-09-18
2025-07-14,Hisse Senedi,110.0683315112,SYNTHETIC,,2026-09-18
2025-07-15,Hisse Senedi,110.5605543448,SYNTHETIC,,2026-09-18
2025-07-16,Hisse Senedi,108.9206562947,SYNTHETIC,,2026-09-18
2025-07-17,Hisse Senedi,107.9125621144,SYNTHETIC,,2026-09-18
2025-07-18,Hisse Senedi,108.4546033090,SYNTHETIC,,2026-09-18
2025-07-21,Hisse Senedi,112.2885700956,SYNTHETIC,,2026-09-18
2025-07-22,Hisse Senedi,115.1674673944,SYNTHETIC,,2026-09-18
2025-07-23,Hisse Senedi,112.9303814063,SYNTHETIC,,2026-09-18
2025-07-24,Hisse Senedi,112.8352000954,SYNTHETIC,,2026-09-18
2025-07-25,Hisse Senedi,112.4616027681,SYNTHETIC,,2026-09-18
2025-07-28,Hisse Senedi,110.7662509022,SYNTHETIC,,2026-09-18
2025-07-29,Hisse Senedi,110.1329048789,SYNTHETIC,,2026-09-18
2025-07-30,Hisse Senedi,110.3705698761,SYNTHETIC,,2026-09-18
2025-07-31,Hisse Senedi,110.3850245120,SYNTHETIC,,2026-09-18
2025-08-01,Hisse Senedi,107.6362405858,SYNTHETIC,,2026-09-18
2025-08-04,Hisse Senedi,109.0927569574,SYNTHETIC,,2026-09-18
2025-08-05,Hisse Senedi,108.5517678782,SYNTHETIC,,2026-09-18
2025-08-06,Hisse Senedi,107.5972932818,SYNTHETIC,,2026-09-18
2025-08-07,Hisse Senedi,109.3038651207,SYNTHETIC,,2026-09-18
2025-08-08,Hisse Senedi,109.1919011251,SYNTHETIC,,2026-09-18
2025-08-11,Hisse Senedi,104.6369173977,SYNTHETIC,,2026-09-18
2025-08-12,Hisse Senedi,106.0093431563,SYNTHETIC,,2026-09-18
2025-08-13,Hisse Senedi,104.3640998391,SYNTHETIC,,2026-09-18
2025-08-14,Hisse Senedi,103.0076544111,SYNTHETIC,,2026-09-18
2025-08-15,Hisse Senedi,104.5550619734,SYNTHETIC,,2026-09-18
2025-08-18,Hisse Senedi,104.8882925201,SYNTHETIC,,2026-09-18
2025-08-19,Hisse Senedi,104.2038859627,SYNTHETIC,,2026-09-18
2025-08-20,Hisse Senedi,104.4094857572,SYNTHETIC,,2026-09-18
2025-08-21,Hisse Senedi,104.5765340697,SYNTHETIC,,2026-09-18
2025-08-22,Hisse Senedi,101.9508299281,SYNTHETIC,,2026-09-18
2025-08-25,Hisse Senedi,102.2223395467,SYNTHETIC,,2026-09-18
2025-08-26,Hisse Senedi,100.8653578793,SYNTHETIC,,2026-09-18
2025-08-27,Hisse Senedi,97.9625817864,SYNTHETIC,,2026-09-18
2025-08-28,Hisse Senedi,95.2451661722,SYNTHETIC,,2026-09-18
2025-08-29,Hisse Senedi,93.2274112753,SYNTHETIC,,2026-09-18
2025-09-01,Hisse Senedi,93.6226299098,SYNTHETIC,,2026-09-18
2025-09-02,Hisse Senedi,94.1513840690,SYNTHETIC,,2026-09-18
2025-09-03,Hisse Senedi,93.7866720533,SYNTHETIC,,2026-09-18
2025-09-04,Hisse Senedi,93.9597724613,SYNTHETIC,,2026-09-18
2025-09-05,Hisse Senedi,94.0530281960,SYNTHETIC,,2026-09-18
2025-09-08,Hisse Senedi,94.8653984704,SYNTHETIC,,2026-09-18
2025-09-09,Hisse Senedi,94.6000630927,SYNTHETIC,,2026-09-18
2025-09-10,Hisse Senedi,94.1398072275,SYNTHETIC,,2026-09-18
2025-09-11,Hisse Senedi,95.2056617338,SYNTHETIC,,2026-09-18
2025-09-12,Hisse Senedi,94.6309485584,SYNTHETIC,,2026-09-18
2025-09-15,Hisse Senedi,92.2994939460,SYNTHETIC,,2026-09-18
2025-09-16,Hisse Senedi,90.0933376412,SYNTHETIC,,2026-09-18
2025-09-17,Hisse Senedi,90.8535664497,SYNTHETIC,,2026-09-18
2025-09-18,Hisse Senedi,89.4001982720,SYNTHETIC,,2026-09-18
2025-09-19,Hisse Senedi,90.5096746209,SYNTHETIC,,2026-09-18
2025-09-22,Hisse Senedi,92.1869451417,SYNTHETIC,,2026-09-18
2025-09-23,Hisse Senedi,93.0327016428,SYNTHETIC,,2026-09-18
2025-09-24,Hisse Senedi,92.1885273223,SYNTHETIC,,2026-09-18
2025-09-25,Hisse Senedi,91.1606039243,SYNTHETIC,,2026-09-18
2025-09-26,Hisse Senedi,91.4668551022,SYNTHETIC,,2026-09-18
2025-09-29,Hisse Senedi,94.5914452868,SYNTHETIC,,2026-09-18
2025-09-30,Hisse Senedi,95.1725580511,SYNTHETIC,,2026-09-18
2025-10-01,Hisse Senedi,99.5281615421,SYNTHETIC,,2026-09-18
2025-10-02,Hisse Senedi,100.8770037106,SYNTHETIC,,2026-09-18
2025-10-03,Hisse Senedi,99.9779116778,SYNTHETIC,,2026-09-18
2025-10-06,Hisse Senedi,97.0592886004,SYNTHETIC,,2026-09-18
2025-10-07,Hisse Senedi,97.6647256530,SYNTHETIC,,2026-09-18
2025-10-08,Hisse Senedi,97.6370383831,SYNTHETIC,,2026-09-18
2025-10-09,Hisse Senedi,96.0208362683,SYNTHETIC,,2026-09-18
2025-10-10,Hisse Senedi,97.6422926374,SYNTHETIC,,2026-09-18
2025-10-13,Hisse Senedi,95.8241405061,SYNTHETIC,,2026-09-18
2025-10-14,Hisse Senedi,95.9229958562,SYNTHETIC,,2026-09-18
2025-10-15,Hisse Senedi,96.1434304239,SYNTHETIC,,2026-09-18
2025-10-16,Hisse Senedi,96.4398935153,SYNTHETIC,,2026-09-18
2025-10-17,Hisse Senedi,93.6100979955,SYNTHETIC,,2026-09-18
2025-10-20,Hisse Senedi,91.0541924695,SYNTHETIC,,2026-09-18
2025-10-21,Hisse Senedi,92.9198028403,SYNTHETIC,,2026-09-18
2025-10-22,Hisse Senedi,93.8668155547,SYNTHETIC,,2026-09-18
2025-10-23,Hisse Senedi,92.3007369077,SYNTHETIC,,2026-09-18
2025-10-24,Hisse Senedi,92.4868906603,SYNTHETIC,,2026-09-18
2025-10-27,Hisse Senedi,92.7751757443,SYNTHETIC,,2026-09-18
2025-10-28,Hisse Senedi,94.7406171964,SYNTHETIC,,2026-09-18
2025-10-29,Hisse Senedi,91.8592303489,SYNTHETIC,,2026-09-18
2025-10-30,Hisse Senedi,91.6767331654,SYNTHETIC,,2026-09-18
2025-10-31,Hisse Senedi,90.9431709458,SYNTHETIC,,2026-09-18
2025-11-03,Hisse Senedi,90.0413928397,SYNTHETIC,,2026-09-18
2025-11-04,Hisse Senedi,91.6338458533,SYNTHETIC,,2026-09-18
2025-11-05,Hisse Senedi,92.3503951783,SYNTHETIC,,2026-09-18
2025-11-06,Hisse Senedi,93.9221247890,SYNTHETIC,,2026-09-18
2025-11-07,Hisse Senedi,92.4121601141,SYNTHETIC,,2026-09-18
2025-11-10,Hisse Senedi,94.0843195225,SYNTHETIC,,2026-09-18
2025-11-11,Hisse Senedi,94.2496473396,SYNTHETIC,,2026-09-18
2025-11-12,Hisse Senedi,98.6646962134,SYNTHETIC,,2026-09-18
2025-11-13,Hisse Senedi,96.8081133837,SYNTHETIC,,2026-09-18
2025-11-14,Hisse Senedi,100.1258002237,SYNTHETIC,,2026-09-18
2025-11-17,Hisse Senedi,100.7172355265,SYNTHETIC,,2026-09-18
2025-11-18,Hisse Senedi,100.3032375812,SYNTHETIC,,2026-09-18
2025-11-19,Hisse Senedi,99.4430003409,SYNTHETIC,,2026-09-18
2025-11-20,Hisse Senedi,98.3711007560,SYNTHETIC,,2026-09-18
2025-11-21,Hisse Senedi,98.4581233110,SYNTHETIC,,2026-09-18
2025-11-24,Hisse Senedi,97.9111522837,SYNTHETIC,,2026-09-18
2025-11-25,Hisse Senedi,99.4238326810,SYNTHETIC,,2026-09-18
2025-11-26,Hisse Senedi,103.0844331315,SYNTHETIC,,2026-09-18
2025-11-27,Hisse Senedi,105.2217225158,SYNTHETIC,,2026-09-18
2025-11-28,Hisse Senedi,108.7945385352,SYNTHETIC,,2026-09-18
2025-12-01,Hisse Senedi,109.4556927755,SYNTHETIC,,2026-09-18
2025-12-02,Hisse Senedi,109.3600508745,SYNTHETIC,,2026-09-18
2025-12-03,Hisse Senedi,113.7317812595,SYNTHETIC,,2026-09-18
2025-12-04,Hisse Senedi,116.1888176095,SYNTHETIC,,2026-09-18
2025-12-05,Hisse Senedi,115.5331540090,SYNTHETIC,,2026-09-18
2025-12-08,Hisse Senedi,114.7213479956,SYNTHETIC,,2026-09-18
2025-12-09,Hisse Senedi,116.9384038338,SYNTHETIC,,2026-09-18
2025-12-10,Hisse Senedi,117.3778723588,SYNTHETIC,,2026-09-18
2025-12-11,Hisse Senedi,114.5657126175,SYNTHETIC,,2026-09-18
2025-12-12,Hisse Senedi,112.4881137353,SYNTHETIC,,2026-09-18
2025-12-15,Hisse Senedi,114.1838148529,SYNTHETIC,,2026-09-18
2025-12-16,Hisse Senedi,116.6368556971,SYNTHETIC,,2026-09-18
2025-12-17,Hisse Senedi,114.9055604694,SYNTHETIC,,2026-09-18
2025-12-18,Hisse Senedi,115.7596744511,SYNTHETIC,,2026-09-18
2025-12-19,Hisse Senedi,120.5927384209,SYNTHETIC,,2026-09-18
2025-12-22,Hisse Senedi,119.9858495505,SYNTHETIC,,2026-09-18
2025-12-23,Hisse Senedi,123.2678911055,SYNTHETIC,,2026-09-18
2025-12-24,Hisse Senedi,125.3743195316,SYNTHETIC,,2026-09-18
2025-12-25,Hisse Senedi,127.0035471552,SYNTHETIC,,2026-09-18
2025-12-26,Hisse Senedi,125.6584191043,SYNTHETIC,,2026-09-18
2025-12-29,Hisse Senedi,125.6855874970,SYNTHETIC,,2026-09-18
2025-12-30,Hisse Senedi,126.9449253549,SYNTHETIC,,2026-09-18
2025-12-31,Hisse Senedi,130.3286970026,SYNTHETIC,,2026-09-18
2026-01-01,Hisse Senedi,131.9553661058,SYNTHETIC,,2026-09-18
2026-01-02,Hisse Senedi,133.1535566174,SYNTHETIC,,2026-09-18
2026-01-05,Hisse Senedi,134.5644114986,SYNTHETIC,,2026-09-18
2026-01-06,Hisse Senedi,136.6395251962,SYNTHETIC,,2026-09-18
2026-01-07,Hisse Senedi,141.5926760904,SYNTHETIC,,2026-09-18
2026-01-08,Hisse Senedi,140.7495953069,SYNTHETIC,,2026-09-18
2026-01-09,Hisse Senedi,139.2825045470,SYNTHETIC,,2026-09-18
2026-01-12,Hisse Senedi,144.2009866819,SYNTHETIC,,2026-09-18
2026-01-13,Hisse Senedi,144.1878554168,SYNTHETIC,,2026-09-18
2026-01-14,Hisse Senedi,147.1131616567,SYNTHETIC,,2026-09-18
2026-01-15,Hisse Senedi,147.7013119318,SYNTHETIC,,2026-09-18
2026-01-16,Hisse Senedi,147.5561256505,SYNTHETIC,,2026-09-18
2026-01-19,Hisse Senedi,144.2795362441,SYNTHETIC,,2026-09-18
2026-01-20,Hisse Senedi,144.2285239612,SYNTHETIC,,2026-09-18
2026-01-21,Hisse Senedi,143.1444948952,SYNTHETIC,,2026-09-18
2026-01-22,Hisse Senedi,142.5896039357,SYNTHETIC,,2026-09-18
2026-01-23,Hisse Senedi,143.7819441069,SYNTHETIC,,2026-09-18
2026-01-26,Hisse Senedi,145.8144216977,SYNTHETIC,,2026-09-18
2026-01-27,Hisse Senedi,143.9073383253,SYNTHETIC,,2026-09-18
2026-01-28,Hisse Senedi,145.9508016837,SYNTHETIC,,2026-09-18
2026-01-29,Hisse Senedi,143.9145689531,SYNTHETIC,,2026-09-18
2026-01-30,Hisse Senedi,146.2081044815,SYNTHETIC,,2026-09-18
2026-02-02,Hisse Senedi,146.7144543957,SYNTHETIC,,2026-09-18
2026-02-03,Hisse Senedi,145.7949107625,SYNTHETIC,,2026-09-18
2026-02-04,Hisse Senedi,145.1946315278,SYNTHETIC,,2026-09-18
2026-02-05,Hisse Senedi,145.5644288283,SYNTHETIC,,2026-09-18
2026-02-06,Hisse Senedi,142.8014513935,SYNTHETIC,,2026-09-18
2026-02-09,Hisse Senedi,142.8144117310,SYNTHETIC,,2026-09-18
2026-02-10,Hisse Senedi,145.1269422310,SYNTHETIC,,2026-09-18
2026-02-11,Hisse Senedi,143.9639014389,SYNTHETIC,,2026-09-18
2026-02-12,Hisse Senedi,147.3133332782,SYNTHETIC,,2026-09-18
2026-02-13,Hisse Senedi,144.3077178689,SYNTHETIC,,2026-09-18
2026-02-16,Hisse Senedi,147.5841595622,SYNTHETIC,,2026-09-18
2026-02-17,Hisse Senedi,147.0713535408,SYNTHETIC,,2026-09-18
2026-02-18,Hisse Senedi,146.6565844822,SYNTHETIC,,2026-09-18
2026-02-19,Hisse Senedi,146.2166494593,SYNTHETIC,,2026-09-18
2026-02-20,Hisse Senedi,144.8787666907,SYNTHETIC,,2026-09-18
2026-02-23,Hisse Senedi,141.9418040510,SYNTHETIC,,2026-09-18
2026-02-24,Hisse Senedi,141.3212165866,SYNTHETIC,,2026-09-18
2026-02-25,Hisse Senedi,139.5638999928,SYNTHETIC,,2026-09-18
2026-02-26,Hisse Senedi,140.8612242997,SYNTHETIC,,2026-09-18
2026-02-27,Hisse Senedi,141.9868957968,SYNTHETIC,,2026-09-18
2026-03-02,Hisse Senedi,145.4055773620,SYNTHETIC,,2026-09-18
2026-03-03,Hisse Senedi,141.8298564023,SYNTHETIC,,2026-09-18
2026-03-04,Hisse Senedi,137.9209363523,SYNTHETIC,,2026-09-18
2026-03-05,Hisse Senedi,139.0080413173,SYNTHETIC,,2026-09-18
2026-03-06,Hisse Senedi,133.9639000954,SYNTHETIC,,2026-09-18
2026-03-09,Hisse Senedi,136.6285372766,SYNTHETIC,,2026-09-18
2026-03-10,Hisse Senedi,137.9904280837,SYNTHETIC,,2026-09-18
2026-03-11,Hisse Senedi,141.2966128018,SYNTHETIC,,2026-09-18
2026-03-12,Hisse Senedi,141.4896859664,SYNTHETIC,,2026-09-18
2026-03-13,Hisse Senedi,141.8450561795,SYNTHETIC,,2026-09-18
2026-03-16,Hisse Senedi,140.3788510687,SYNTHETIC,,2026-09-18
2026-03-17,Hisse Senedi,138.1804498169,SYNTHETIC,,2026-09-18
2026-03-18,Hisse Senedi,142.2639881296,SYNTHETIC,,2026-09-18
2026-03-19,Hisse Senedi,143.6746431486,SYNTHETIC,,2026-09-18
2026-03-20,Hisse Senedi,144.5611793148,SYNTHETIC,,2026-09-18
2026-03-23,Hisse Senedi,146.4361429858,SYNTHETIC,,2026-09-18
2026-03-24,Hisse Senedi,146.8390956463,SYNTHETIC,,2026-09-18
2026-03-25,Hisse Senedi,145.8786352408,SYNTHETIC,,2026-09-18
2026-03-26,Hisse Senedi,143.7707898094,SYNTHETIC,,2026-09-18
2026-03-27,Hisse Senedi,148.9247849014,SYNTHETIC,,2026-09-18
2026-03-30,Hisse Senedi,143.8606371864,SYNTHETIC,,2026-09-18
2026-03-31,Hisse Senedi,137.5819551526,SYNTHETIC,,2026-09-18
2026-04-01,Hisse Senedi,135.0422180215,SYNTHETIC,,2026-09-18
2026-04-02,Hisse Senedi,136.6592422249,SYNTHETIC,,2026-09-18
2026-04-03,Hisse Senedi,139.4766104776,SYNTHETIC,,2026-09-18
2026-04-06,Hisse Senedi,135.9398740587,SYNTHETIC,,2026-09-18
2026-04-07,Hisse Senedi,136.0140999768,SYNTHETIC,,2026-09-18
2026-04-08,Hisse Senedi,133.3904796783,SYNTHETIC,,2026-09-18
2026-04-09,Hisse Senedi,132.1021192191,SYNTHETIC,,2026-09-18
2026-04-10,Hisse Senedi,136.6282114564,SYNTHETIC,,2026-09-18
2026-04-13,Hisse Senedi,134.7840508872,SYNTHETIC,,2026-09-18
2026-04-14,Hisse Senedi,134.8833603132,SYNTHETIC,,2026-09-18
2026-04-15,Hisse Senedi,138.5592856569,SYNTHETIC,,2026-09-18
2026-04-16,Hisse Senedi,139.6757104834,SYNTHETIC,,2026-09-18
2026-04-17,Hisse Senedi,139.3059767879,SYNTHETIC,,2026-09-18
2026-04-20,Hisse Senedi,140.1956287836,SYNTHETIC,,2026-09-18
2026-04-21,Hisse Senedi,143.0326506056,SYNTHETIC,,2026-09-18
2026-04-22,Hisse Senedi,146.6652232560,SYNTHETIC,,2026-09-18
2026-04-23,Hisse Senedi,142.6457282888,SYNTHETIC,,2026-09-18
2026-04-24,Hisse Senedi,143.5605241276,SYNTHETIC,,2026-09-18
2026-04-27,Hisse Senedi,142.6654358864,SYNTHETIC,,2026-09-18
2026-04-28,Hisse Senedi,144.3648713787,SYNTHETIC,,2026-09-18
2026-04-29,Hisse Senedi,144.4319403445,SYNTHETIC,,2026-09-18
2026-04-30,Hisse Senedi,143.9846963411,SYNTHETIC,,2026-09-18
2026-05-01,Hisse Senedi,145.9371582354,SYNTHETIC,,2026-09-18
2026-05-04,Hisse Senedi,145.7952967206,SYNTHETIC,,2026-09-18
2026-05-05,Hisse Senedi,142.5917632529,SYNTHETIC,,2026-09-18
2026-05-06,Hisse Senedi,146.2025653130,SYNTHETIC,,2026-09-18
2026-05-07,Hisse Senedi,145.2395148531,SYNTHETIC,,2026-09-18
2026-05-08,Hisse Senedi,146.0152291739,SYNTHETIC,,2026-09-18
2026-05-11,Hisse Senedi,150.5704689717,SYNTHETIC,,2026-09-18
2026-05-12,Hisse Senedi,148.4004885413,SYNTHETIC,,2026-09-18
2026-05-13,Hisse Senedi,150.0100607050,SYNTHETIC,,2026-09-18
2026-05-14,Hisse Senedi,148.0670792834,SYNTHETIC,,2026-09-18
2026-05-15,Hisse Senedi,149.0305936505,SYNTHETIC,,2026-09-18
2026-05-18,Hisse Senedi,148.2443746985,SYNTHETIC,,2026-09-18
2026-05-19,Hisse Senedi,149.4049089196,SYNTHETIC,,2026-09-18
2026-05-20,Hisse Senedi,151.2686027495,SYNTHETIC,,2026-09-18
2026-05-21,Hisse Senedi,153.9176180837,SYNTHETIC,,2026-09-18
2026-05-22,Hisse Senedi,155.5304139362,SYNTHETIC,,2026-09-18
2026-05-25,Hisse Senedi,159.0633077685,SYNTHETIC,,2026-09-18
2026-05-26,Hisse Senedi,163.6891233853,SYNTHETIC,,2026-09-18
2026-05-27,Hisse Senedi,158.6673373616,SYNTHETIC,,2026-09-18
2026-05-28,Hisse Senedi,162.5927314079,SYNTHETIC,,2026-09-18
2026-05-29,Hisse Senedi,162.7502424048,SYNTHETIC,,2026-09-18
2026-06-01,Hisse Senedi,165.3660211125,SYNTHETIC,,2026-09-18
2026-06-02,Hisse Senedi,165.2871564389,SYNTHETIC,,2026-09-18
2026-06-03,Hisse Senedi,164.9065902747,SYNTHETIC,,2026-09-18
2026-06-04,Hisse Senedi,162.9798020430,SYNTHETIC,,2026-09-18
2026-06-05,Hisse Senedi,160.5072409405,SYNTHETIC,,2026-09-18
2026-06-08,Hisse Senedi,158.3253152999,SYNTHETIC,,2026-09-18
2026-06-09,Hisse Senedi,158.2970563833,SYNTHETIC,,2026-09-18
2026-06-10,Hisse Senedi,165.1282120927,SYNTHETIC,,2026-09-18
2026-06-11,Hisse Senedi,165.7580016115,SYNTHETIC,,2026-09-18
2026-06-12,Hisse Senedi,170.3024069536,SYNTHETIC,,2026-09-18
2026-06-15,Hisse Senedi,173.8300991448,SYNTHETIC,,2026-09-18
2026-06-16,Hisse Senedi,166.2500441745,SYNTHETIC,,2026-09-18
2026-06-17,Hisse Senedi,163.6130227589,SYNTHETIC,,2026-09-18
2026-06-18,Hisse Senedi,163.1190819923,SYNTHETIC,,2026-09-18
2026-06-19,Hisse Senedi,160.0326568547,SYNTHETIC,,2026-09-18
2026-06-22,Hisse Senedi,160.4681379722,SYNTHETIC,,2026-09-18
2026-06-23,Hisse Senedi,159.7744983818,SYNTHETIC,,2026-09-18
2026-06-24,Hisse Senedi,156.9329747715,SYNTHETIC,,2026-09-18
2026-06-25,Hisse Senedi,160.8611133654,SYNTHETIC,,2026-09-18
2026-06-26,Hisse Senedi,163.4609811520,SYNTHETIC,,2026-09-18
2026-06-29,Hisse Senedi,162.1740502233,SYNTHETIC,,2026-09-18
2026-06-30,Hisse Senedi,166.4180258537,SYNTHETIC,,2026-09-18
2026-07-01,Hisse Senedi,169.1797825009,SYNTHETIC,,2026-09-18
2026-07-02,Hisse Senedi,177.0784716044,SYNTHETIC,,2026-09-18
2026-07-03,Hisse Senedi,171.8171016138,SYNTHETIC,,2026-09-18
2026-07-06,Hisse Senedi,169.5057600376,SYNTHETIC,,2026-09-18
2026-07-07,Hisse Senedi,170.1497803797,SYNTHETIC,,2026-09-18
2026-07-08,Hisse Senedi,173.0412117480,SYNTHETIC,,2026-09-18
2026-07-09,Hisse Senedi,173.3289266792,SYNTHETIC,,2026-09-18
2026-07-10,Hisse Senedi,167.6290425706,SYNTHETIC,,2026-09-18
2026-07-13,Hisse Senedi,166.0932469239,SYNTHETIC,,2026-09-18
2026-07-14,Hisse Senedi,163.1316282105,SYNTHETIC,,2026-09-18
2026-07-15,Hisse Senedi,166.5393768867,SYNTHETIC,,2026-09-18
2026-07-16,Hisse Senedi,166.9953517514,SYNTHETIC,,2026-09-18
2026-07-17,Hisse Senedi,168.1381619156,SYNTHETIC,,2026-09-18
2026-07-20,Hisse Senedi,164.4304584613,SYNTHETIC,,2026-09-18
2026-07-21,Hisse Senedi,168.7730516136,SYNTHETIC,,2026-09-18
2026-07-22,Hisse Senedi,165.8439955301,SYNTHETIC,,2026-09-18
2026-07-23,Hisse Senedi,166.0368777172,SYNTHETIC,,2026-09-18
2026-07-24,Hisse Senedi,165.0590562877,SYNTHETIC,,2026-09-18
2026-07-27,Hisse Senedi,165.7066482966,SYNTHETIC,,2026-09-18
2026-07-28,Hisse Senedi,170.1010668887,SYNTHETIC,,2026-09-18
2026-07-29,Hisse Senedi,167.8997538225,SYNTHETIC,,2026-09-18
2026-07-30,Hisse Senedi,165.8668377719,SYNTHETIC,,2026-09-18
2026-07-31,Hisse Senedi,168.1158743593,SYNTHETIC,,2026-09-18
2026-08-03,Hisse Senedi,166.2834590504,SYNTHETIC,,2026-09-18
2026-08-04,Hisse Senedi,163.3531681612,SYNTHETIC,,2026-09-18
2026-08-05,Hisse Senedi,162.4788562174,SYNTHETIC,,2026-09-18
2026-08-06,Hisse Senedi,159.4703989313,SYNTHETIC,,2026-09-18
2026-08-07,Hisse Senedi,157.7560951565,SYNTHETIC,,2026-09-18
2026-08-10,Hisse Senedi,157.4141323705,SYNTHETIC,,2026-09-18
2026-08-11,Hisse Senedi,152.9111465525,SYNTHETIC,,2026-09-18
2026-08-12,Hisse Senedi,149.0876287084,SYNTHETIC,,2026-09-18
2026-08-13,Hisse Senedi,151.6880048670,SYNTHETIC,,2026-09-18
2026-08-14,Hisse Senedi,151.3792924433,SYNTHETIC,,2026-09-18
2026-08-17,Hisse Senedi,150.8202086330,SYNTHETIC,,2026-09-18
2026-08-18,Hisse Senedi,159.0671257982,SYNTHETIC,,2026-09-18
2026-08-19,Hisse Senedi,161.1688488633,SYNTHETIC,,2026-09-18
2026-08-20,Hisse Senedi,161.0482787323,SYNTHETIC,,2026-09-18
2026-08-21,Hisse Senedi,162.6139758609,SYNTHETIC,,2026-09-18
2026-08-24,Hisse Senedi,166.4954022037,SYNTHETIC,,2026-09-18
2026-08-25,Hisse Senedi,162.8147538224,SYNTHETIC,,2026-09-18
2026-08-26,Hisse Senedi,164.3405052377,SYNTHETIC,,2026-09-18
2026-08-27,Hisse Senedi,163.2529283385,SYNTHETIC,,2026-09-18
2026-08-28,Hisse Senedi,166.9846919915,SYNTHETIC,,2026-09-18
2026-08-31,Hisse Senedi,166.0574605647,SYNTHETIC,,2026-09-18
2026-09-01,Hisse Senedi,165.8264066103,SYNTHETIC,,2026-09-18
2026-09-02,Hisse Senedi,170.7494373639,SYNTHETIC,,2026-09-18
2026-09-03,Hisse Senedi,170.6685609061,SYNTHETIC,,2026-09-18
2026-09-04,Hisse Senedi,179.0416020073,SYNTHETIC,,2026-09-18
2026-09-07,Hisse Senedi,175.0990242901,SYNTHETIC,,2026-09-18
2026-09-08,Hisse Senedi,175.0296298641,SYNTHETIC,,2026-09-18
2026-09-09,Hisse Senedi,175.8221293670,SYNTHETIC,,2026-09-18
2026-09-10,Hisse Senedi,179.5067142098,SYNTHETIC,,2026-09-18
2026-09-11,Hisse Senedi,175.5142856429,SYNTHETIC,,2026-09-18
2026-09-14,Hisse Senedi,168.9336798273,SYNTHETIC,,2026-09-18
2026-09-15,Hisse Senedi,170.0971541845,SYNTHETIC,,2026-09-18
2026-09-16,Hisse Senedi,171.1412383885,SYNTHETIC,,2026-09-18
2026-09-17,Hisse Senedi,172.0320368923,SYNTHETIC,,2026-09-18
2026-09-18,Hisse Senedi,177.3961597217,SYNTHETIC,,2026-09-18
2022-01-03,Borçlanma Araçları,100.0000000000,SYNTHETIC,,2026-09-18
2022-01-04,Borçlanma Araçları,100.0338358478,SYNTHETIC,,2026-09-18
2022-01-05,Borçlanma Araçları,99.7417180281,SYNTHETIC,,2026-09-18
2022-01-06,Borçlanma Araçları,100.2498044877,SYNTHETIC,,2026-09-18
2022-01-07,Borçlanma Araçları,100.8145167318,SYNTHETIC,,2026-09-18
2022-01-10,Borçlanma Araçları,99.7059532546,SYNTHETIC,,2026-09-18
2022-01-11,Borçlanma Araçları,99.3699856705,SYNTHETIC,,2026-09-18
2022-01-12,Borçlanma Araçları,99.2243229508,SYNTHETIC,,2026-09-18
2022-01-13,Borçlanma Araçları,99.2141413124,SYNTHETIC,,2026-09-18
2022-01-14,Borçlanma Araçları,99.3087766691,SYNTHETIC,,2026-09-18
2022-01-17,Borçlanma Araçları,99.7431077287,SYNTHETIC,,2026-09-18
2022-01-18,Borçlanma Araçları,100.0969448268,SYNTHETIC,,2026-09-18
2022-01-19,Borçlanma Araçları,100.8409642258,SYNTHETIC,,2026-09-18
2022-01-20,Borçlanma Araçları,100.3584347228,SYNTHETIC,,2026-09-18
2022-01-21,Borçlanma Araçları,100.4180705619,SYNTHETIC,,2026-09-18
2022-01-24,Borçlanma Araçları,100.4197842478,SYNTHETIC,,2026-09-18
2022-01-25,Borçlanma Araçları,100.6829089570,SYNTHETIC,,2026-09-18
2022-01-26,Borçlanma Araçları,100.6065624046,SYNTHETIC,,2026-09-18
2022-01-27,Borçlanma Araçları,100.5607975266,SYNTHETIC,,2026-09-18
2022-01-28,Borçlanma Araçları,99.4231764668,SYNTHETIC,,2026-09-18
2022-01-31,Borçlanma Araçları,100.4852127549,SYNTHETIC,,2026-09-18
2022-02-01,Borçlanma Araçları,100.2525819326,SYNTHETIC,,2026-09-18
2022-02-02,Borçlanma Araçları,100.2480711107,SYNTHETIC,,2026-09-18
2022-02-03,Borçlanma Araçları,100.3212121128,SYNTHETIC,,2026-09-18
2022-02-04,Borçlanma Araçları,100.2859008537,SYNTHETIC,,2026-09-18
2022-02-07,Borçlanma Araçları,100.3473439893,SYNTHETIC,,2026-09-18
2022-02-08,Borçlanma Araçları,100.7435958037,SYNTHETIC,,2026-09-18
2022-02-09,Borçlanma Araçları,100.6396443265,SYNTHETIC,,2026-09-18
2022-02-10,Borçlanma Araçları,100.3864026901,SYNTHETIC,,2026-09-18
2022-02-11,Borçlanma Araçları,100.6340831691,SYNTHETIC,,2026-09-18
2022-02-14,Borçlanma Araçları,100.5793156972,SYNTHETIC,,2026-09-18
2022-02-15,Borçlanma Araçları,100.2672768045,SYNTHETIC,,2026-09-18
2022-02-16,Borçlanma Araçları,100.2460700810,SYNTHETIC,,2026-09-18
2022-02-17,Borçlanma Araçları,99.8247383203,SYNTHETIC,,2026-09-18
2022-02-18,Borçlanma Araçları,100.0044188380,SYNTHETIC,,2026-09-18
2022-02-21,Borçlanma Araçları,100.1668768141,SYNTHETIC,,2026-09-18
2022-02-22,Borçlanma Araçları,100.2136435059,SYNTHETIC,,2026-09-18
2022-02-23,Borçlanma Araçları,100.5969987337,SYNTHETIC,,2026-09-18
2022-02-24,Borçlanma Araçları,100.4358108133,SYNTHETIC,,2026-09-18
2022-02-25,Borçlanma Araçları,100.3488034427,SYNTHETIC,,2026-09-18
2022-02-28,Borçlanma Araçları,100.0886762618,SYNTHETIC,,2026-09-18
2022-03-01,Borçlanma Araçları,100.2066526809,SYNTHETIC,,2026-09-18
2022-03-02,Borçlanma Araçları,101.2580411456,SYNTHETIC,,2026-09-18
2022-03-03,Borçlanma Araçları,101.6101132448,SYNTHETIC,,2026-09-18
2022-03-04,Borçlanma Araçları,101.7769472218,SYNTHETIC,,2026-09-18
2022-03-07,Borçlanma Araçları,102.4956990136,SYNTHETIC,,2026-09-18
2022-03-08,Borçlanma Araçları,102.1434027783,SYNTHETIC,,2026-09-18
2022-03-09,Borçlanma Araçları,102.3702821747,SYNTHETIC,,2026-09-18
2022-03-10,Borçlanma Araçları,102.5254171274,SYNTHETIC,,2026-09-18
2022-03-11,Borçlanma Araçları,102.9689079427,SYNTHETIC,,2026-09-18
2022-03-14,Borçlanma Araçları,102.7493094159,SYNTHETIC,,2026-09-18
2022-03-15,Borçlanma Araçları,102.0943107872,SYNTHETIC,,2026-09-18
2022-03-16,Borçlanma Araçları,102.5483871423,SYNTHETIC,,2026-09-18
2022-03-17,Borçlanma Araçları,101.9211730446,SYNTHETIC,,2026-09-18
2022-03-18,Borçlanma Araçları,101.5294296348,SYNTHETIC,,2026-09-18
2022-03-21,Borçlanma Araçları,101.7620514076,SYNTHETIC,,2026-09-18
2022-03-22,Borçlanma Araçları,101.0767597983,SYNTHETIC,,2026-09-18
2022-03-23,Borçlanma Araçları,101.5699007997,SYNTHETIC,,2026-09-18
2022-03-24,Borçlanma Araçları,101.5547389188,SYNTHETIC,,2026-09-18
2022-03-25,Borçlanma Araçları,101.5475561324,SYNTHETIC,,2026-09-18
2022-03-28,Borçlanma Araçları,101.7914046840,SYNTHETIC,,2026-09-18
2022-03-29,Borçlanma Araçları,102.0626856598,SYNTHETIC,,2026-09-18
2022-03-30,Borçlanma Araçları,102.9039432531,SYNTHETIC,,2026-09-18
2022-03-31,Borçlanma Araçları,103.2707932285,SYNTHETIC,,2026-09-18
2022-04-01,Borçlanma Araçları,103.4861443573,SYNTHETIC,,2026-09-18
2022-04-04,Borçlanma Araçları,103.8186793660,SYNTHETIC,,2026-09-18
2022-04-05,Borçlanma Araçları,103.4248657779,SYNTHETIC,,2026-09-18
2022-04-06,Borçlanma Araçları,102.8283370173,SYNTHETIC,,2026-09-18
2022-04-07,Borçlanma Araçları,102.7907327098,SYNTHETIC,,2026-09-18
2022-04-08,Borçlanma Araçları,102.8949503528,SYNTHETIC,,2026-09-18
2022-04-11,Borçlanma Araçları,103.1307530714,SYNTHETIC,,2026-09-18
2022-04-12,Borçlanma Araçları,103.4553319152,SYNTHETIC,,2026-09-18
2022-04-13,Borçlanma Araçları,103.4249498504,SYNTHETIC,,2026-09-18
2022-04-14,Borçlanma Araçları,103.1699652553,SYNTHETIC,,2026-09-18
2022-04-15,Borçlanma Araçları,102.3659397617,SYNTHETIC,,2026-09-18
2022-04-18,Borçlanma Araçları,102.4631328697,SYNTHETIC,,2026-09-18
2022-04-19,Borçlanma Araçları,103.4278216886,SYNTHETIC,,2026-09-18
2022-04-20,Borçlanma Araçları,103.5257007680,SYNTHETIC,,2026-09-18
2022-04-21,Borçlanma Araçları,102.8784420408,SYNTHETIC,,2026-09-18
2022-04-22,Borçlanma Araçları,103.3570458754,SYNTHETIC,,2026-09-18
2022-04-25,Borçlanma Araçları,103.8427510222,SYNTHETIC,,2026-09-18
2022-04-26,Borçlanma Araçları,103.6691241793,SYNTHETIC,,2026-09-18
2022-04-27,Borçlanma Araçları,104.1448643980,SYNTHETIC,,2026-09-18
2022-04-28,Borçlanma Araçları,104.2506477988,SYNTHETIC,,2026-09-18
2022-04-29,Borçlanma Araçları,104.5425378171,SYNTHETIC,,2026-09-18
2022-05-02,Borçlanma Araçları,104.7396520689,SYNTHETIC,,2026-09-18
2022-05-03,Borçlanma Araçları,105.2391228476,SYNTHETIC,,2026-09-18
2022-05-04,Borçlanma Araçları,105.1899074200,SYNTHETIC,,2026-09-18
2022-05-05,Borçlanma Araçları,105.0174491945,SYNTHETIC,,2026-09-18
2022-05-06,Borçlanma Araçları,105.0159312904,SYNTHETIC,,2026-09-18
2022-05-09,Borçlanma Araçları,105.5677562969,SYNTHETIC,,2026-09-18
2022-05-10,Borçlanma Araçları,105.7724430538,SYNTHETIC,,2026-09-18
2022-05-11,Borçlanma Araçları,105.9995187730,SYNTHETIC,,2026-09-18
2022-05-12,Borçlanma Araçları,105.4649778829,SYNTHETIC,,2026-09-18
2022-05-13,Borçlanma Araçları,105.7025303458,SYNTHETIC,,2026-09-18
2022-05-16,Borçlanma Araçları,106.0327640838,SYNTHETIC,,2026-09-18
2022-05-17,Borçlanma Araçları,106.5542220102,SYNTHETIC,,2026-09-18
2022-05-18,Borçlanma Araçları,106.9453033773,SYNTHETIC,,2026-09-18
2022-05-19,Borçlanma Araçları,106.9173659029,SYNTHETIC,,2026-09-18
2022-05-20,Borçlanma Araçları,107.0592471503,SYNTHETIC,,2026-09-18
2022-05-23,Borçlanma Araçları,107.3477289144,SYNTHETIC,,2026-09-18
2022-05-24,Borçlanma Araçları,107.4116886171,SYNTHETIC,,2026-09-18
2022-05-25,Borçlanma Araçları,107.2580198229,SYNTHETIC,,2026-09-18
2022-05-26,Borçlanma Araçları,107.2437261721,SYNTHETIC,,2026-09-18
2022-05-27,Borçlanma Araçları,107.4164928904,SYNTHETIC,,2026-09-18
2022-05-30,Borçlanma Araçları,107.8319550722,SYNTHETIC,,2026-09-18
2022-05-31,Borçlanma Araçları,108.3134736822,SYNTHETIC,,2026-09-18
2022-06-01,Borçlanma Araçları,109.0088726260,SYNTHETIC,,2026-09-18
2022-06-02,Borçlanma Araçları,108.6456942039,SYNTHETIC,,2026-09-18
2022-06-03,Borçlanma Araçları,108.3253492782,SYNTHETIC,,2026-09-18
2022-06-06,Borçlanma Araçları,108.1898172775,SYNTHETIC,,2026-09-18
2022-06-07,Borçlanma Araçları,107.0510800786,SYNTHETIC,,2026-09-18
2022-06-08,Borçlanma Araçları,106.8373898525,SYNTHETIC,,2026-09-18
2022-06-09,Borçlanma Araçları,107.6891544769,SYNTHETIC,,2026-09-18
2022-06-10,Borçlanma Araçları,107.0262162707,SYNTHETIC,,2026-09-18
2022-06-13,Borçlanma Araçları,107.2185610402,SYNTHETIC,,2026-09-18
2022-06-14,Borçlanma Araçları,107.2889704994,SYNTHETIC,,2026-09-18
2022-06-15,Borçlanma Araçları,106.8932470653,SYNTHETIC,,2026-09-18
2022-06-16,Borçlanma Araçları,107.3181827297,SYNTHETIC,,2026-09-18
2022-06-17,Borçlanma Araçları,107.3409848109,SYNTHETIC,,2026-09-18
2022-06-20,Borçlanma Araçları,107.6129523867,SYNTHETIC,,2026-09-18
2022-06-21,Borçlanma Araçları,108.1221488219,SYNTHETIC,,2026-09-18
2022-06-22,Borçlanma Araçları,108.3677025490,SYNTHETIC,,2026-09-18
2022-06-23,Borçlanma Araçları,108.7348260120,SYNTHETIC,,2026-09-18
2022-06-24,Borçlanma Araçları,108.9492368853,SYNTHETIC,,2026-09-18
2022-06-27,Borçlanma Araçları,109.9085354582,SYNTHETIC,,2026-09-18
2022-06-28,Borçlanma Araçları,110.3398833407,SYNTHETIC,,2026-09-18
2022-06-29,Borçlanma Araçları,111.7954852750,SYNTHETIC,,2026-09-18
2022-06-30,Borçlanma Araçları,111.6007483660,SYNTHETIC,,2026-09-18
2022-07-01,Borçlanma Araçları,112.3750428038,SYNTHETIC,,2026-09-18
2022-07-04,Borçlanma Araçları,112.4314428470,SYNTHETIC,,2026-09-18
2022-07-05,Borçlanma Araçları,111.9144253024,SYNTHETIC,,2026-09-18
2022-07-06,Borçlanma Araçları,112.0478964332,SYNTHETIC,,2026-09-18
2022-07-07,Borçlanma Araçları,111.7852386040,SYNTHETIC,,2026-09-18
2022-07-08,Borçlanma Araçları,112.0282315484,SYNTHETIC,,2026-09-18
2022-07-11,Borçlanma Araçları,112.0958410279,SYNTHETIC,,2026-09-18
2022-07-12,Borçlanma Araçları,112.1526558888,SYNTHETIC,,2026-09-18
2022-07-13,Borçlanma Araçları,111.6416963339,SYNTHETIC,,2026-09-18
2022-07-14,Borçlanma Araçları,111.6229292493,SYNTHETIC,,2026-09-18
2022-07-15,Borçlanma Araçları,112.5273425946,SYNTHETIC,,2026-09-18
2022-07-18,Borçlanma Araçları,112.9396207896,SYNTHETIC,,2026-09-18
2022-07-19,Borçlanma Araçları,113.5636313756,SYNTHETIC,,2026-09-18
2022-07-20,Borçlanma Araçları,113.1570379601,SYNTHETIC,,2026-09-18
2022-07-21,Borçlanma Araçları,112.7645515437,SYNTHETIC,,2026-09-18
2022-07-22,Borçlanma Araçları,112.2971950354,SYNTHETIC,,2026-09-18
2022-07-25,Borçlanma Araçları,112.3638272444,SYNTHETIC,,2026-09-18
2022-07-26,Borçlanma Araçları,111.4919643265,SYNTHETIC,,2026-09-18
2022-07-27,Borçlanma Araçları,111.9811577815,SYNTHETIC,,2026-09-18
2022-07-28,Borçlanma Araçları,112.5167228069,SYNTHETIC,,2026-09-18
2022-07-29,Borçlanma Araçları,113.2479359679,SYNTHETIC,,2026-09-18
2022-08-01,Borçlanma Araçları,113.1047779332,SYNTHETIC,,2026-09-18
2022-08-02,Borçlanma Araçları,114.0165933425,SYNTHETIC,,2026-09-18
2022-08-03,Borçlanma Araçları,113.6754506774,SYNTHETIC,,2026-09-18
2022-08-04,Borçlanma Araçları,113.5871117628,SYNTHETIC,,2026-09-18
2022-08-05,Borçlanma Araçları,113.4150205373,SYNTHETIC,,2026-09-18
2022-08-08,Borçlanma Araçları,113.2002028895,SYNTHETIC,,2026-09-18
2022-08-09,Borçlanma Araçları,113.6854529864,SYNTHETIC,,2026-09-18
2022-08-10,Borçlanma Araçları,114.6822419549,SYNTHETIC,,2026-09-18
2022-08-11,Borçlanma Araçları,114.9886912843,SYNTHETIC,,2026-09-18
2022-08-12,Borçlanma Araçları,113.7716640035,SYNTHETIC,,2026-09-18
2022-08-15,Borçlanma Araçları,113.7732695704,SYNTHETIC,,2026-09-18
2022-08-16,Borçlanma Araçları,113.4422303656,SYNTHETIC,,2026-09-18
2022-08-17,Borçlanma Araçları,112.6146220829,SYNTHETIC,,2026-09-18
2022-08-18,Borçlanma Araçları,112.4928286070,SYNTHETIC,,2026-09-18
2022-08-19,Borçlanma Araçları,112.8246220830,SYNTHETIC,,2026-09-18
2022-08-22,Borçlanma Araçları,112.9593207626,SYNTHETIC,,2026-09-18
2022-08-23,Borçlanma Araçları,112.9563896953,SYNTHETIC,,2026-09-18
2022-08-24,Borçlanma Araçları,112.9473992134,SYNTHETIC,,2026-09-18
2022-08-25,Borçlanma Araçları,113.1959391452,SYNTHETIC,,2026-09-18
2022-08-26,Borçlanma Araçları,113.3216188125,SYNTHETIC,,2026-09-18
2022-08-29,Borçlanma Araçları,113.6040132793,SYNTHETIC,,2026-09-18
2022-08-30,Borçlanma Araçları,113.4972817446,SYNTHETIC,,2026-09-18
2022-08-31,Borçlanma Araçları,113.1256407069,SYNTHETIC,,2026-09-18
2022-09-01,Borçlanma Araçları,113.1437417532,SYNTHETIC,,2026-09-18
2022-09-02,Borçlanma Araçları,113.8842392793,SYNTHETIC,,2026-09-18
2022-09-05,Borçlanma Araçları,114.2988678402,SYNTHETIC,,2026-09-18
2022-09-06,Borçlanma Araçları,114.2754932729,SYNTHETIC,,2026-09-18
2022-09-07,Borçlanma Araçları,115.1643127430,SYNTHETIC,,2026-09-18
2022-09-08,Borçlanma Araçları,115.3123470193,SYNTHETIC,,2026-09-18
2022-09-09,Borçlanma Araçları,115.4317031353,SYNTHETIC,,2026-09-18
2022-09-12,Borçlanma Araçları,115.1161396729,SYNTHETIC,,2026-09-18
2022-09-13,Borçlanma Araçları,114.7561261754,SYNTHETIC,,2026-09-18
2022-09-14,Borçlanma Araçları,114.7644325840,SYNTHETIC,,2026-09-18
2022-09-15,Borçlanma Araçları,114.6951638127,SYNTHETIC,,2026-09-18
2022-09-16,Borçlanma Araçları,114.6717621170,SYNTHETIC,,2026-09-18
2022-09-19,Borçlanma Araçları,114.5998256347,SYNTHETIC,,2026-09-18
2022-09-20,Borçlanma Araçları,115.1539484509,SYNTHETIC,,2026-09-18
2022-09-21,Borçlanma Araçları,116.1058195459,SYNTHETIC,,2026-09-18
2022-09-22,Borçlanma Araçları,116.7606235111,SYNTHETIC,,2026-09-18
2022-09-23,Borçlanma Araçları,116.3968840094,SYNTHETIC,,2026-09-18
2022-09-26,Borçlanma Araçları,117.0439489417,SYNTHETIC,,2026-09-18
2022-09-27,Borçlanma Araçları,117.4201823996,SYNTHETIC,,2026-09-18
2022-09-28,Borçlanma Araçları,117.9050695335,SYNTHETIC,,2026-09-18
2022-09-29,Borçlanma Araçları,118.3798151368,SYNTHETIC,,2026-09-18
2022-09-30,Borçlanma Araçları,118.5490026899,SYNTHETIC,,2026-09-18
2022-10-03,Borçlanma Araçları,118.3328339943,SYNTHETIC,,2026-09-18
2022-10-04,Borçlanma Araçları,118.4042519972,SYNTHETIC,,2026-09-18
2022-10-05,Borçlanma Araçları,119.8993838604,SYNTHETIC,,2026-09-18
2022-10-06,Borçlanma Araçları,119.9171178770,SYNTHETIC,,2026-09-18
2022-10-07,Borçlanma Araçları,120.1412858913,SYNTHETIC,,2026-09-18
2022-10-10,Borçlanma Araçları,120.6335666761,SYNTHETIC,,2026-09-18
2022-10-11,Borçlanma Araçları,120.9974384521,SYNTHETIC,,2026-09-18
2022-10-12,Borçlanma Araçları,121.4067025082,SYNTHETIC,,2026-09-18
2022-10-13,Borçlanma Araçları,121.6191573148,SYNTHETIC,,2026-09-18
2022-10-14,Borçlanma Araçları,122.1904570025,SYNTHETIC,,2026-09-18
2022-10-17,Borçlanma Araçları,121.4730473885,SYNTHETIC,,2026-09-18
2022-10-18,Borçlanma Araçları,121.6410297744,SYNTHETIC,,2026-09-18
2022-10-19,Borçlanma Araçları,121.5131517219,SYNTHETIC,,2026-09-18
2022-10-20,Borçlanma Araçları,121.1390339833,SYNTHETIC,,2026-09-18
2022-10-21,Borçlanma Araçları,121.2427472712,SYNTHETIC,,2026-09-18
2022-10-24,Borçlanma Araçları,122.4307842271,SYNTHETIC,,2026-09-18
2022-10-25,Borçlanma Araçları,122.2536377739,SYNTHETIC,,2026-09-18
2022-10-26,Borçlanma Araçları,121.9376883664,SYNTHETIC,,2026-09-18
2022-10-27,Borçlanma Araçları,122.2422859822,SYNTHETIC,,2026-09-18
2022-10-28,Borçlanma Araçları,122.2994685786,SYNTHETIC,,2026-09-18
2022-10-31,Borçlanma Araçları,122.7003095732,SYNTHETIC,,2026-09-18
2022-11-01,Borçlanma Araçları,122.5274752615,SYNTHETIC,,2026-09-18
2022-11-02,Borçlanma Araçları,123.3386738962,SYNTHETIC,,2026-09-18
2022-11-03,Borçlanma Araçları,123.9243237965,SYNTHETIC,,2026-09-18
2022-11-04,Borçlanma Araçları,124.0698366631,SYNTHETIC,,2026-09-18
2022-11-07,Borçlanma Araçları,124.3194455508,SYNTHETIC,,2026-09-18
2022-11-08,Borçlanma Araçları,124.2197904636,SYNTHETIC,,2026-09-18
2022-11-09,Borçlanma Araçları,124.4869689849,SYNTHETIC,,2026-09-18
2022-11-10,Borçlanma Araçları,125.0760836565,SYNTHETIC,,2026-09-18
2022-11-11,Borçlanma Araçları,125.5472779149,SYNTHETIC,,2026-09-18
2022-11-14,Borçlanma Araçları,125.7518318511,SYNTHETIC,,2026-09-18
2022-11-15,Borçlanma Araçları,126.0047100887,SYNTHETIC,,2026-09-18
2022-11-16,Borçlanma Araçları,126.2825452991,SYNTHETIC,,2026-09-18
2022-11-17,Borçlanma Araçları,127.0325873407,SYNTHETIC,,2026-09-18
2022-11-18,Borçlanma Araçları,127.1457430446,SYNTHETIC,,2026-09-18
2022-11-21,Borçlanma Araçları,126.8245620132,SYNTHETIC,,2026-09-18
2022-11-22,Borçlanma Araçları,126.5349162625,SYNTHETIC,,2026-09-18
2022-11-23,Borçlanma Araçları,125.7815825277,SYNTHETIC,,2026-09-18
2022-11-24,Borçlanma Araçları,126.0001525609,SYNTHETIC,,2026-09-18
2022-11-25,Borçlanma Araçları,126.8836200138,SYNTHETIC,,2026-09-18
2022-11-28,Borçlanma Araçları,126.6526866664,SYNTHETIC,,2026-09-18
2022-11-29,Borçlanma Araçları,127.2767316734,SYNTHETIC,,2026-09-18
2022-11-30,Borçlanma Araçları,126.8881569588,SYNTHETIC,,2026-09-18
2022-12-01,Borçlanma Araçları,126.9621835811,SYNTHETIC,,2026-09-18
2022-12-02,Borçlanma Araçları,126.7922461509,SYNTHETIC,,2026-09-18
2022-12-05,Borçlanma Araçları,126.7806143191,SYNTHETIC,,2026-09-18
2022-12-06,Borçlanma Araçları,126.9592122405,SYNTHETIC,,2026-09-18
2022-12-07,Borçlanma Araçları,125.4909910399,SYNTHETIC,,2026-09-18
2022-12-08,Borçlanma Araçları,125.6637712188,SYNTHETIC,,2026-09-18
2022-12-09,Borçlanma Araçları,126.1572694587,SYNTHETIC,,2026-09-18
2022-12-12,Borçlanma Araçları,126.7518585075,SYNTHETIC,,2026-09-18
2022-12-13,Borçlanma Araçları,126.7048140680,SYNTHETIC,,2026-09-18
2022-12-14,Borçlanma Araçları,125.7947103957,SYNTHETIC,,2026-09-18
2022-12-15,Borçlanma Araçları,125.3827155058,SYNTHETIC,,2026-09-18
2022-12-16,Borçlanma Araçları,125.5389035320,SYNTHETIC,,2026-09-18
2022-12-19,Borçlanma Araçları,124.9625479311,SYNTHETIC,,2026-09-18
2022-12-20,Borçlanma Araçları,124.6610175611,SYNTHETIC,,2026-09-18
2022-12-21,Borçlanma Araçları,124.6168760262,SYNTHETIC,,2026-09-18
2022-12-22,Borçlanma Araçları,124.1101062631,SYNTHETIC,,2026-09-18
2022-12-23,Borçlanma Araçları,124.2904955350,SYNTHETIC,,2026-09-18
2022-12-26,Borçlanma Araçları,124.3328041507,SYNTHETIC,,2026-09-18
2022-12-27,Borçlanma Araçları,123.5758154488,SYNTHETIC,,2026-09-18
2022-12-28,Borçlanma Araçları,123.6481057373,SYNTHETIC,,2026-09-18
2022-12-29,Borçlanma Araçları,123.6353832064,SYNTHETIC,,2026-09-18
2022-12-30,Borçlanma Araçları,124.2392724819,SYNTHETIC,,2026-09-18
2023-01-02,Borçlanma Araçları,124.3743912328,SYNTHETIC,,2026-09-18
2023-01-03,Borçlanma Araçları,124.2097957372,SYNTHETIC,,2026-09-18
2023-01-04,Borçlanma Araçları,124.0843976833,SYNTHETIC,,2026-09-18
2023-01-05,Borçlanma Araçları,123.7533865704,SYNTHETIC,,2026-09-18
2023-01-06,Borçlanma Araçları,123.0394576282,SYNTHETIC,,2026-09-18
2023-01-09,Borçlanma Araçları,123.4690538011,SYNTHETIC,,2026-09-18
2023-01-10,Borçlanma Araçları,123.6737227227,SYNTHETIC,,2026-09-18
2023-01-11,Borçlanma Araçları,123.7438092708,SYNTHETIC,,2026-09-18
2023-01-12,Borçlanma Araçları,124.0891705578,SYNTHETIC,,2026-09-18
2023-01-13,Borçlanma Araçları,124.6838075646,SYNTHETIC,,2026-09-18
2023-01-16,Borçlanma Araçları,125.0909044293,SYNTHETIC,,2026-09-18
2023-01-17,Borçlanma Araçları,125.0587640542,SYNTHETIC,,2026-09-18
2023-01-18,Borçlanma Araçları,124.4656078806,SYNTHETIC,,2026-09-18
2023-01-19,Borçlanma Araçları,124.5550955120,SYNTHETIC,,2026-09-18
2023-01-20,Borçlanma Araçları,125.1573265288,SYNTHETIC,,2026-09-18
2023-01-23,Borçlanma Araçları,124.4512963025,SYNTHETIC,,2026-09-18
2023-01-24,Borçlanma Araçları,124.7533888963,SYNTHETIC,,2026-09-18
2023-01-25,Borçlanma Araçları,124.9625625782,SYNTHETIC,,2026-09-18
2023-01-26,Borçlanma Araçları,124.6609075208,SYNTHETIC,,2026-09-18
2023-01-27,Borçlanma Araçları,124.5027594166,SYNTHETIC,,2026-09-18
2023-01-30,Borçlanma Araçları,125.0929013966,SYNTHETIC,,2026-09-18
2023-01-31,Borçlanma Araçları,125.8903425622,SYNTHETIC,,2026-09-18
2023-02-01,Borçlanma Araçları,126.9038195662,SYNTHETIC,,2026-09-18
2023-02-02,Borçlanma Araçları,127.3735982948,SYNTHETIC,,2026-09-18
2023-02-03,Borçlanma Araçları,127.5934600577,SYNTHETIC,,2026-09-18
2023-02-06,Borçlanma Araçları,128.1678765087,SYNTHETIC,,2026-09-18
2023-02-07,Borçlanma Araçları,129.7274076924,SYNTHETIC,,2026-09-18
2023-02-08,Borçlanma Araçları,129.7859121315,SYNTHETIC,,2026-09-18
2023-02-09,Borçlanma Araçları,130.5644763645,SYNTHETIC,,2026-09-18
2023-02-10,Borçlanma Araçları,129.9479176493,SYNTHETIC,,2026-09-18
2023-02-13,Borçlanma Araçları,129.0571070982,SYNTHETIC,,2026-09-18
2023-02-14,Borçlanma Araçları,128.2849028777,SYNTHETIC,,2026-09-18
2023-02-15,Borçlanma Araçları,127.6406352451,SYNTHETIC,,2026-09-18
2023-02-16,Borçlanma Araçları,128.7738675719,SYNTHETIC,,2026-09-18
2023-02-17,Borçlanma Araçları,129.6188060360,SYNTHETIC,,2026-09-18
2023-02-20,Borçlanma Araçları,130.8654203547,SYNTHETIC,,2026-09-18
2023-02-21,Borçlanma Araçları,131.0134537285,SYNTHETIC,,2026-09-18
2023-02-22,Borçlanma Araçları,131.5075436058,SYNTHETIC,,2026-09-18
2023-02-23,Borçlanma Araçları,131.6187100027,SYNTHETIC,,2026-09-18
2023-02-24,Borçlanma Araçları,132.2172018569,SYNTHETIC,,2026-09-18
2023-02-27,Borçlanma Araçları,132.3745172015,SYNTHETIC,,2026-09-18
2023-02-28,Borçlanma Araçları,132.3564532293,SYNTHETIC,,2026-09-18
2023-03-01,Borçlanma Araçları,132.2690121395,SYNTHETIC,,2026-09-18
2023-03-02,Borçlanma Araçları,132.7389296047,SYNTHETIC,,2026-09-18
2023-03-03,Borçlanma Araçları,132.3741319501,SYNTHETIC,,2026-09-18
2023-03-06,Borçlanma Araçları,132.1321537716,SYNTHETIC,,2026-09-18
2023-03-07,Borçlanma Araçları,132.9528248039,SYNTHETIC,,2026-09-18
2023-03-08,Borçlanma Araçları,133.6895519010,SYNTHETIC,,2026-09-18
2023-03-09,Borçlanma Araçları,133.6864594577,SYNTHETIC,,2026-09-18
2023-03-10,Borçlanma Araçları,134.1904177209,SYNTHETIC,,2026-09-18
2023-03-13,Borçlanma Araçları,134.7394205376,SYNTHETIC,,2026-09-18
2023-03-14,Borçlanma Araçları,135.1895810276,SYNTHETIC,,2026-09-18
2023-03-15,Borçlanma Araçları,135.3352830332,SYNTHETIC,,2026-09-18
2023-03-16,Borçlanma Araçları,135.6873898248,SYNTHETIC,,2026-09-18
2023-03-17,Borçlanma Araçları,135.7003119557,SYNTHETIC,,2026-09-18
2023-03-20,Borçlanma Araçları,135.6032539757,SYNTHETIC,,2026-09-18
2023-03-21,Borçlanma Araçları,135.5357160876,SYNTHETIC,,2026-09-18
2023-03-22,Borçlanma Araçları,135.2897261608,SYNTHETIC,,2026-09-18
2023-03-23,Borçlanma Araçları,134.9723771784,SYNTHETIC,,2026-09-18
2023-03-24,Borçlanma Araçları,135.3553015298,SYNTHETIC,,2026-09-18
2023-03-27,Borçlanma Araçları,135.5248996520,SYNTHETIC,,2026-09-18
2023-03-28,Borçlanma Araçları,136.0257221712,SYNTHETIC,,2026-09-18
2023-03-29,Borçlanma Araçları,136.0596777643,SYNTHETIC,,2026-09-18
2023-03-30,Borçlanma Araçları,134.8842700150,SYNTHETIC,,2026-09-18
2023-03-31,Borçlanma Araçları,133.9872113719,SYNTHETIC,,2026-09-18
2023-04-03,Borçlanma Araçları,133.8204393976,SYNTHETIC,,2026-09-18
2023-04-04,Borçlanma Araçları,134.4108117410,SYNTHETIC,,2026-09-18
2023-04-05,Borçlanma Araçları,134.7159611734,SYNTHETIC,,2026-09-18
2023-04-06,Borçlanma Araçları,134.1650289130,SYNTHETIC,,2026-09-18
2023-04-07,Borçlanma Araçları,134.4815969002,SYNTHETIC,,2026-09-18
2023-04-10,Borçlanma Araçları,135.7223353667,SYNTHETIC,,2026-09-18
2023-04-11,Borçlanma Araçları,135.1529249204,SYNTHETIC,,2026-09-18
2023-04-12,Borçlanma Araçları,134.9472818014,SYNTHETIC,,2026-09-18
2023-04-13,Borçlanma Araçları,134.2389777066,SYNTHETIC,,2026-09-18
2023-04-14,Borçlanma Araçları,133.8295198271,SYNTHETIC,,2026-09-18
2023-04-17,Borçlanma Araçları,133.9852060572,SYNTHETIC,,2026-09-18
2023-04-18,Borçlanma Araçları,133.5423781428,SYNTHETIC,,2026-09-18
2023-04-19,Borçlanma Araçları,134.5437467857,SYNTHETIC,,2026-09-18
2023-04-20,Borçlanma Araçları,134.4843861102,SYNTHETIC,,2026-09-18
2023-04-21,Borçlanma Araçları,134.5961737244,SYNTHETIC,,2026-09-18
2023-04-24,Borçlanma Araçları,135.2806409375,SYNTHETIC,,2026-09-18
2023-04-25,Borçlanma Araçları,135.2499371651,SYNTHETIC,,2026-09-18
2023-04-26,Borçlanma Araçları,135.5598818492,SYNTHETIC,,2026-09-18
2023-04-27,Borçlanma Araçları,135.2999243644,SYNTHETIC,,2026-09-18
2023-04-28,Borçlanma Araçları,136.6361472166,SYNTHETIC,,2026-09-18
2023-05-01,Borçlanma Araçları,136.7305602701,SYNTHETIC,,2026-09-18
2023-05-02,Borçlanma Araçları,137.5026024331,SYNTHETIC,,2026-09-18
2023-05-03,Borçlanma Araçları,138.0224195286,SYNTHETIC,,2026-09-18
2023-05-04,Borçlanma Araçları,137.4530422181,SYNTHETIC,,2026-09-18
2023-05-05,Borçlanma Araçları,138.8768714581,SYNTHETIC,,2026-09-18
2023-05-08,Borçlanma Araçları,140.0299394330,SYNTHETIC,,2026-09-18
2023-05-09,Borçlanma Araçları,141.3898925214,SYNTHETIC,,2026-09-18
2023-05-10,Borçlanma Araçları,141.2874477375,SYNTHETIC,,2026-09-18
2023-05-11,Borçlanma Araçları,141.4268739633,SYNTHETIC,,2026-09-18
2023-05-12,Borçlanma Araçları,141.7413710711,SYNTHETIC,,2026-09-18
2023-05-15,Borçlanma Araçları,141.3307074682,SYNTHETIC,,2026-09-18
2023-05-16,Borçlanma Araçları,142.6340380777,SYNTHETIC,,2026-09-18
2023-05-17,Borçlanma Araçları,142.9211065190,SYNTHETIC,,2026-09-18
2023-05-18,Borçlanma Araçları,144.2095595257,SYNTHETIC,,2026-09-18
2023-05-19,Borçlanma Araçları,143.8078816498,SYNTHETIC,,2026-09-18
2023-05-22,Borçlanma Araçları,144.1919229620,SYNTHETIC,,2026-09-18
2023-05-23,Borçlanma Araçları,144.0618249157,SYNTHETIC,,2026-09-18
2023-05-24,Borçlanma Araçları,143.6908120352,SYNTHETIC,,2026-09-18
2023-05-25,Borçlanma Araçları,143.7140200363,SYNTHETIC,,2026-09-18
2023-05-26,Borçlanma Araçları,143.5208429857,SYNTHETIC,,2026-09-18
2023-05-29,Borçlanma Araçları,144.1098569722,SYNTHETIC,,2026-09-18
2023-05-30,Borçlanma Araçları,145.5033273800,SYNTHETIC,,2026-09-18
2023-05-31,Borçlanma Araçları,145.7901049582,SYNTHETIC,,2026-09-18
2023-06-01,Borçlanma Araçları,146.5037659678,SYNTHETIC,,2026-09-18
2023-06-02,Borçlanma Araçları,146.4159037958,SYNTHETIC,,2026-09-18
2023-06-05,Borçlanma Araçları,146.2241610597,SYNTHETIC,,2026-09-18
2023-06-06,Borçlanma Araçları,146.8024618834,SYNTHETIC,,2026-09-18
2023-06-07,Borçlanma Araçları,147.9380331966,SYNTHETIC,,2026-09-18
2023-06-08,Borçlanma Araçları,147.5122698288,SYNTHETIC,,2026-09-18
2023-06-09,Borçlanma Araçları,147.3044973921,SYNTHETIC,,2026-09-18
2023-06-12,Borçlanma Araçları,146.6287182421,SYNTHETIC,,2026-09-18
2023-06-13,Borçlanma Araçları,147.0701209125,SYNTHETIC,,2026-09-18
2023-06-14,Borçlanma Araçları,147.1104232122,SYNTHETIC,,2026-09-18
2023-06-15,Borçlanma Araçları,147.6457981667,SYNTHETIC,,2026-09-18
2023-06-16,Borçlanma Araçları,148.2050096309,SYNTHETIC,,2026-09-18
2023-06-19,Borçlanma Araçları,148.9446736420,SYNTHETIC,,2026-09-18
2023-06-20,Borçlanma Araçları,149.0308002072,SYNTHETIC,,2026-09-18
2023-06-21,Borçlanma Araçları,149.2141617977,SYNTHETIC,,2026-09-18
2023-06-22,Borçlanma Araçları,148.3453264025,SYNTHETIC,,2026-09-18
2023-06-23,Borçlanma Araçları,148.9611167529,SYNTHETIC,,2026-09-18
2023-06-26,Borçlanma Araçları,148.6980223304,SYNTHETIC,,2026-09-18
2023-06-27,Borçlanma Araçları,150.1148605927,SYNTHETIC,,2026-09-18
2023-06-28,Borçlanma Araçları,149.8464985881,SYNTHETIC,,2026-09-18
2023-06-29,Borçlanma Araçları,148.8329236118,SYNTHETIC,,2026-09-18
2023-06-30,Borçlanma Araçları,149.2761592031,SYNTHETIC,,2026-09-18
2023-07-03,Borçlanma Araçları,148.8715629137,SYNTHETIC,,2026-09-18
2023-07-04,Borçlanma Araçları,148.2568255943,SYNTHETIC,,2026-09-18
2023-07-05,Borçlanma Araçları,147.5966843311,SYNTHETIC,,2026-09-18
2023-07-06,Borçlanma Araçları,147.8813896376,SYNTHETIC,,2026-09-18
2023-07-07,Borçlanma Araçları,147.9095247408,SYNTHETIC,,2026-09-18
2023-07-10,Borçlanma Araçları,146.8508548575,SYNTHETIC,,2026-09-18
2023-07-11,Borçlanma Araçları,147.1131207660,SYNTHETIC,,2026-09-18
2023-07-12,Borçlanma Araçları,146.7057467573,SYNTHETIC,,2026-09-18
2023-07-13,Borçlanma Araçları,146.2925583457,SYNTHETIC,,2026-09-18
2023-07-14,Borçlanma Araçları,147.6213948695,SYNTHETIC,,2026-09-18
2023-07-17,Borçlanma Araçları,147.0665336524,SYNTHETIC,,2026-09-18
2023-07-18,Borçlanma Araçları,147.4214592581,SYNTHETIC,,2026-09-18
2023-07-19,Borçlanma Araçları,147.6516098463,SYNTHETIC,,2026-09-18
2023-07-20,Borçlanma Araçları,148.7811151810,SYNTHETIC,,2026-09-18
2023-07-21,Borçlanma Araçları,149.6982223801,SYNTHETIC,,2026-09-18
2023-07-24,Borçlanma Araçları,149.9023597847,SYNTHETIC,,2026-09-18
2023-07-25,Borçlanma Araçları,149.8598445661,SYNTHETIC,,2026-09-18
2023-07-26,Borçlanma Araçları,151.0088463576,SYNTHETIC,,2026-09-18
2023-07-27,Borçlanma Araçları,150.3954633815,SYNTHETIC,,2026-09-18
2023-07-28,Borçlanma Araçları,150.4110340578,SYNTHETIC,,2026-09-18
2023-07-31,Borçlanma Araçları,149.6897550871,SYNTHETIC,,2026-09-18
2023-08-01,Borçlanma Araçları,149.6891482133,SYNTHETIC,,2026-09-18
2023-08-02,Borçlanma Araçları,149.8566039670,SYNTHETIC,,2026-09-18
2023-08-03,Borçlanma Araçları,149.6131592607,SYNTHETIC,,2026-09-18
2023-08-04,Borçlanma Araçları,148.9584825863,SYNTHETIC,,2026-09-18
2023-08-07,Borçlanma Araçları,149.1212322086,SYNTHETIC,,2026-09-18
2023-08-08,Borçlanma Araçları,148.8001374523,SYNTHETIC,,2026-09-18
2023-08-09,Borçlanma Araçları,148.0835697510,SYNTHETIC,,2026-09-18
2023-08-10,Borçlanma Araçları,147.9663937485,SYNTHETIC,,2026-09-18
2023-08-11,Borçlanma Araçları,147.4801783652,SYNTHETIC,,2026-09-18
2023-08-14,Borçlanma Araçları,146.9593617619,SYNTHETIC,,2026-09-18
2023-08-15,Borçlanma Araçları,148.4675154219,SYNTHETIC,,2026-09-18
2023-08-16,Borçlanma Araçları,147.9800106761,SYNTHETIC,,2026-09-18
2023-08-17,Borçlanma Araçları,148.5183886506,SYNTHETIC,,2026-09-18
2023-08-18,Borçlanma Araçları,148.7034321697,SYNTHETIC,,2026-09-18
2023-08-21,Borçlanma Araçları,148.7599331489,SYNTHETIC,,2026-09-18
2023-08-22,Borçlanma Araçları,149.2166319535,SYNTHETIC,,2026-09-18
2023-08-23,Borçlanma Araçları,149.1161006565,SYNTHETIC,,2026-09-18
2023-08-24,Borçlanma Araçları,150.3645821553,SYNTHETIC,,2026-09-18
2023-08-25,Borçlanma Araçları,149.6907391230,SYNTHETIC,,2026-09-18
2023-08-28,Borçlanma Araçları,149.9241109113,SYNTHETIC,,2026-09-18
2023-08-29,Borçlanma Araçları,151.1765623044,SYNTHETIC,,2026-09-18
2023-08-30,Borçlanma Araçları,151.3829604243,SYNTHETIC,,2026-09-18
2023-08-31,Borçlanma Araçları,153.0174054714,SYNTHETIC,,2026-09-18
2023-09-01,Borçlanma Araçları,153.4931193067,SYNTHETIC,,2026-09-18
2023-09-04,Borçlanma Araçları,152.7876903288,SYNTHETIC,,2026-09-18
2023-09-05,Borçlanma Araçları,151.5316024755,SYNTHETIC,,2026-09-18
2023-09-06,Borçlanma Araçları,151.5945710805,SYNTHETIC,,2026-09-18
2023-09-07,Borçlanma Araçları,151.8391630043,SYNTHETIC,,2026-09-18
2023-09-08,Borçlanma Araçları,152.3316486416,SYNTHETIC,,2026-09-18
2023-09-11,Borçlanma Araçları,152.0279619907,SYNTHETIC,,2026-09-18
2023-09-12,Borçlanma Araçları,151.6160420699,SYNTHETIC,,2026-09-18
2023-09-13,Borçlanma Araçları,151.9181122469,SYNTHETIC,,2026-09-18
2023-09-14,Borçlanma Araçları,152.6983789892,SYNTHETIC,,2026-09-18
2023-09-15,Borçlanma Araçları,152.9837726098,SYNTHETIC,,2026-09-18
2023-09-18,Borçlanma Araçları,153.0333351129,SYNTHETIC,,2026-09-18
2023-09-19,Borçlanma Araçları,154.1872207558,SYNTHETIC,,2026-09-18
2023-09-20,Borçlanma Araçları,153.4802639396,SYNTHETIC,,2026-09-18
2023-09-21,Borçlanma Araçları,153.3386740441,SYNTHETIC,,2026-09-18
2023-09-22,Borçlanma Araçları,154.1973088166,SYNTHETIC,,2026-09-18
2023-09-25,Borçlanma Araçları,155.0747249580,SYNTHETIC,,2026-09-18
2023-09-26,Borçlanma Araçları,156.3826753132,SYNTHETIC,,2026-09-18
2023-09-27,Borçlanma Araçları,157.5472876765,SYNTHETIC,,2026-09-18
2023-09-28,Borçlanma Araçları,156.8105443951,SYNTHETIC,,2026-09-18
2023-09-29,Borçlanma Araçları,157.1771420940,SYNTHETIC,,2026-09-18
2023-10-02,Borçlanma Araçları,157.0211176772,SYNTHETIC,,2026-09-18
2023-10-03,Borçlanma Araçları,157.2876187132,SYNTHETIC,,2026-09-18
2023-10-04,Borçlanma Araçları,156.7532010280,SYNTHETIC,,2026-09-18
2023-10-05,Borçlanma Araçları,157.1420072046,SYNTHETIC,,2026-09-18
2023-10-06,Borçlanma Araçları,156.8843401947,SYNTHETIC,,2026-09-18
2023-10-09,Borçlanma Araçları,156.9109281605,SYNTHETIC,,2026-09-18
2023-10-10,Borçlanma Araçları,156.2130956831,SYNTHETIC,,2026-09-18
2023-10-11,Borçlanma Araçları,155.9046182274,SYNTHETIC,,2026-09-18
2023-10-12,Borçlanma Araçları,155.9228053659,SYNTHETIC,,2026-09-18
2023-10-13,Borçlanma Araçları,155.2691583258,SYNTHETIC,,2026-09-18
2023-10-16,Borçlanma Araçları,155.6312988880,SYNTHETIC,,2026-09-18
2023-10-17,Borçlanma Araçları,155.0892333424,SYNTHETIC,,2026-09-18
2023-10-18,Borçlanma Araçları,155.3608535953,SYNTHETIC,,2026-09-18
2023-10-19,Borçlanma Araçları,155.8721804570,SYNTHETIC,,2026-09-18
2023-10-20,Borçlanma Araçları,155.8441045665,SYNTHETIC,,2026-09-18
2023-10-23,Borçlanma Araçları,155.8483024571,SYNTHETIC,,2026-09-18
2023-10-24,Borçlanma Araçları,155.1637528262,SYNTHETIC,,2026-09-18
2023-10-25,Borçlanma Araçları,154.8770565127,SYNTHETIC,,2026-09-18
2023-10-26,Borçlanma Araçları,154.6288569144,SYNTHETIC,,2026-09-18
2023-10-27,Borçlanma Araçları,155.0710542774,SYNTHETIC,,2026-09-18
2023-10-30,Borçlanma Araçları,155.5309619875,SYNTHETIC,,2026-09-18
2023-10-31,Borçlanma Araçları,155.6833419045,SYNTHETIC,,2026-09-18
2023-11-01,Borçlanma Araçları,155.7858501179,SYNTHETIC,,2026-09-18
2023-11-02,Borçlanma Araçları,155.4967979735,SYNTHETIC,,2026-09-18
2023-11-03,Borçlanma Araçları,155.4966160687,SYNTHETIC,,2026-09-18
2023-11-06,Borçlanma Araçları,156.9415130305,SYNTHETIC,,2026-09-18
2023-11-07,Borçlanma Araçları,156.1252279261,SYNTHETIC,,2026-09-18
2023-11-08,Borçlanma Araçları,155.9452348715,SYNTHETIC,,2026-09-18
2023-11-09,Borçlanma Araçları,156.2116720828,SYNTHETIC,,2026-09-18
2023-11-10,Borçlanma Araçları,156.2887841909,SYNTHETIC,,2026-09-18
2023-11-13,Borçlanma Araçları,156.2004375778,SYNTHETIC,,2026-09-18
2023-11-14,Borçlanma Araçları,157.4514346223,SYNTHETIC,,2026-09-18
2023-11-15,Borçlanma Araçları,157.8463747633,SYNTHETIC,,2026-09-18
2023-11-16,Borçlanma Araçları,156.8586594613,SYNTHETIC,,2026-09-18
2023-11-17,Borçlanma Araçları,156.8662108873,SYNTHETIC,,2026-09-18
2023-11-20,Borçlanma Araçları,157.6770182523,SYNTHETIC,,2026-09-18
2023-11-21,Borçlanma Araçları,156.7570571298,SYNTHETIC,,2026-09-18
2023-11-22,Borçlanma Araçları,156.9361720399,SYNTHETIC,,2026-09-18
2023-11-23,Borçlanma Araçları,157.5888374515,SYNTHETIC,,2026-09-18
2023-11-24,Borçlanma Araçları,157.1586902801,SYNTHETIC,,2026-09-18
2023-11-27,Borçlanma Araçları,156.4401944358,SYNTHETIC,,2026-09-18
2023-11-28,Borçlanma Araçları,156.9991653962,SYNTHETIC,,2026-09-18
2023-11-29,Borçlanma Araçları,156.3259915645,SYNTHETIC,,2026-09-18
2023-11-30,Borçlanma Araçları,157.5345211621,SYNTHETIC,,2026-09-18
2023-12-01,Borçlanma Araçları,157.7711796870,SYNTHETIC,,2026-09-18
2023-12-04,Borçlanma Araçları,158.2159158319,SYNTHETIC,,2026-09-18
2023-12-05,Borçlanma Araçları,158.9063669072,SYNTHETIC,,2026-09-18
2023-12-06,Borçlanma Araçları,159.2898869149,SYNTHETIC,,2026-09-18
2023-12-07,Borçlanma Araçları,160.2350796273,SYNTHETIC,,2026-09-18
2023-12-08,Borçlanma Araçları,159.8168388417,SYNTHETIC,,2026-09-18
2023-12-11,Borçlanma Araçları,160.2111030938,SYNTHETIC,,2026-09-18
2023-12-12,Borçlanma Araçları,160.4215573340,SYNTHETIC,,2026-09-18
2023-12-13,Borçlanma Araçları,160.2508797011,SYNTHETIC,,2026-09-18
2023-12-14,Borçlanma Araçları,160.3655183753,SYNTHETIC,,2026-09-18
2023-12-15,Borçlanma Araçları,160.9822970300,SYNTHETIC,,2026-09-18
2023-12-18,Borçlanma Araçları,161.4074370614,SYNTHETIC,,2026-09-18
2023-12-19,Borçlanma Araçları,160.2926573933,SYNTHETIC,,2026-09-18
2023-12-20,Borçlanma Araçları,158.9946649108,SYNTHETIC,,2026-09-18
2023-12-21,Borçlanma Araçları,159.9015317027,SYNTHETIC,,2026-09-18
2023-12-22,Borçlanma Araçları,160.6811670207,SYNTHETIC,,2026-09-18
2023-12-25,Borçlanma Araçları,160.8307840098,SYNTHETIC,,2026-09-18
2023-12-26,Borçlanma Araçları,161.1298420111,SYNTHETIC,,2026-09-18
2023-12-27,Borçlanma Araçları,160.5260572026,SYNTHETIC,,2026-09-18
2023-12-28,Borçlanma Araçları,161.5210656903,SYNTHETIC,,2026-09-18
2023-12-29,Borçlanma Araçları,163.0726664929,SYNTHETIC,,2026-09-18
2024-01-01,Borçlanma Araçları,163.3654117107,SYNTHETIC,,2026-09-18
2024-01-02,Borçlanma Araçları,164.0849497795,SYNTHETIC,,2026-09-18
2024-01-03,Borçlanma Araçları,164.1402154200,SYNTHETIC,,2026-09-18
2024-01-04,Borçlanma Araçları,164.4236170720,SYNTHETIC,,2026-09-18
2024-01-05,Borçlanma Araçları,163.7799255085,SYNTHETIC,,2026-09-18
2024-01-08,Borçlanma Araçları,164.1877758169,SYNTHETIC,,2026-09-18
2024-01-09,Borçlanma Araçları,164.7788394476,SYNTHETIC,,2026-09-18
2024-01-10,Borçlanma Araçları,164.6948680474,SYNTHETIC,,2026-09-18
2024-01-11,Borçlanma Araçları,165.3019722246,SYNTHETIC,,2026-09-18
2024-01-12,Borçlanma Araçları,165.7729103472,SYNTHETIC,,2026-09-18
2024-01-15,Borçlanma Araçları,164.9711491105,SYNTHETIC,,2026-09-18
2024-01-16,Borçlanma Araçları,164.3495989952,SYNTHETIC,,2026-09-18
2024-01-17,Borçlanma Araçları,164.7438712783,SYNTHETIC,,2026-09-18
2024-01-18,Borçlanma Araçları,164.4383703868,SYNTHETIC,,2026-09-18
2024-01-19,Borçlanma Araçları,165.1442257833,SYNTHETIC,,2026-09-18
2024-01-22,Borçlanma Araçları,165.9276649203,SYNTHETIC,,2026-09-18
2024-01-23,Borçlanma Araçları,164.8720974085,SYNTHETIC,,2026-09-18
2024-01-24,Borçlanma Araçları,165.6811185940,SYNTHETIC,,2026-09-18
2024-01-25,Borçlanma Araçları,165.7297990412,SYNTHETIC,,2026-09-18
2024-01-26,Borçlanma Araçları,166.8256029920,SYNTHETIC,,2026-09-18
2024-01-29,Borçlanma Araçları,166.2703378844,SYNTHETIC,,2026-09-18
2024-01-30,Borçlanma Araçları,167.1715429242,SYNTHETIC,,2026-09-18
2024-01-31,Borçlanma Araçları,167.1003071065,SYNTHETIC,,2026-09-18
2024-02-01,Borçlanma Araçları,166.7306688901,SYNTHETIC,,2026-09-18
2024-02-02,Borçlanma Araçları,165.8228600546,SYNTHETIC,,2026-09-18
2024-02-05,Borçlanma Araçları,164.9848605263,SYNTHETIC,,2026-09-18
2024-02-06,Borçlanma Araçları,164.6871747945,SYNTHETIC,,2026-09-18
2024-02-07,Borçlanma Araçları,165.9519920515,SYNTHETIC,,2026-09-18
2024-02-08,Borçlanma Araçları,166.2381847745,SYNTHETIC,,2026-09-18
2024-02-09,Borçlanma Araçları,166.8922819081,SYNTHETIC,,2026-09-18
2024-02-12,Borçlanma Araçları,167.5809170337,SYNTHETIC,,2026-09-18
2024-02-13,Borçlanma Araçları,168.8935622771,SYNTHETIC,,2026-09-18
2024-02-14,Borçlanma Araçları,169.2143575235,SYNTHETIC,,2026-09-18
2024-02-15,Borçlanma Araçları,169.4713785446,SYNTHETIC,,2026-09-18
2024-02-16,Borçlanma Araçları,169.0521365133,SYNTHETIC,,2026-09-18
2024-02-19,Borçlanma Araçları,169.0412186219,SYNTHETIC,,2026-09-18
2024-02-20,Borçlanma Araçları,169.2261446752,SYNTHETIC,,2026-09-18
2024-02-21,Borçlanma Araçları,169.3162448310,SYNTHETIC,,2026-09-18
2024-02-22,Borçlanma Araçları,169.7136571466,SYNTHETIC,,2026-09-18
2024-02-23,Borçlanma Araçları,170.1919945173,SYNTHETIC,,2026-09-18
2024-02-26,Borçlanma Araçları,170.8532133081,SYNTHETIC,,2026-09-18
2024-02-27,Borçlanma Araçları,171.6611874156,SYNTHETIC,,2026-09-18
2024-02-28,Borçlanma Araçları,171.1615773540,SYNTHETIC,,2026-09-18
2024-02-29,Borçlanma Araçları,171.5278265484,SYNTHETIC,,2026-09-18
2024-03-01,Borçlanma Araçları,171.2087124197,SYNTHETIC,,2026-09-18
2024-03-04,Borçlanma Araçları,170.5225618409,SYNTHETIC,,2026-09-18
2024-03-05,Borçlanma Araçları,171.7071898049,SYNTHETIC,,2026-09-18
2024-03-06,Borçlanma Araçları,172.1363781050,SYNTHETIC,,2026-09-18
2024-03-07,Borçlanma Araçları,171.8030714337,SYNTHETIC,,2026-09-18
2024-03-08,Borçlanma Araçları,171.0789204992,SYNTHETIC,,2026-09-18
2024-03-11,Borçlanma Araçları,171.9029106745,SYNTHETIC,,2026-09-18
2024-03-12,Borçlanma Araçları,172.3768559061,SYNTHETIC,,2026-09-18
2024-03-13,Borçlanma Araçları,173.2552125947,SYNTHETIC,,2026-09-18
2024-03-14,Borçlanma Araçları,172.9740889349,SYNTHETIC,,2026-09-18
2024-03-15,Borçlanma Araçları,172.3584017123,SYNTHETIC,,2026-09-18
2024-03-18,Borçlanma Araçları,170.5542687250,SYNTHETIC,,2026-09-18
2024-03-19,Borçlanma Araçları,170.2293746692,SYNTHETIC,,2026-09-18
2024-03-20,Borçlanma Araçları,170.0550612836,SYNTHETIC,,2026-09-18
2024-03-21,Borçlanma Araçları,169.4318712691,SYNTHETIC,,2026-09-18
2024-03-22,Borçlanma Araçları,170.1315374976,SYNTHETIC,,2026-09-18
2024-03-25,Borçlanma Araçları,170.3061664999,SYNTHETIC,,2026-09-18
2024-03-26,Borçlanma Araçları,169.5661283622,SYNTHETIC,,2026-09-18
2024-03-27,Borçlanma Araçları,168.9596582721,SYNTHETIC,,2026-09-18
2024-03-28,Borçlanma Araçları,168.5894002622,SYNTHETIC,,2026-09-18
2024-03-29,Borçlanma Araçları,167.4321688533,SYNTHETIC,,2026-09-18
2024-04-01,Borçlanma Araçları,167.8846508597,SYNTHETIC,,2026-09-18
2024-04-02,Borçlanma Araçları,167.6981786578,SYNTHETIC,,2026-09-18
2024-04-03,Borçlanma Araçları,166.9123394029,SYNTHETIC,,2026-09-18
2024-04-04,Borçlanma Araçları,167.5955528507,SYNTHETIC,,2026-09-18
2024-04-05,Borçlanma Araçları,167.2318623230,SYNTHETIC,,2026-09-18
2024-04-08,Borçlanma Araçları,167.4941127002,SYNTHETIC,,2026-09-18
2024-04-09,Borçlanma Araçları,167.2406424002,SYNTHETIC,,2026-09-18
2024-04-10,Borçlanma Araçları,167.2188511005,SYNTHETIC,,2026-09-18
2024-04-11,Borçlanma Araçları,167.5500829801,SYNTHETIC,,2026-09-18
2024-04-12,Borçlanma Araçları,168.0173478928,SYNTHETIC,,2026-09-18
2024-04-15,Borçlanma Araçları,168.0449887051,SYNTHETIC,,2026-09-18
2024-04-16,Borçlanma Araçları,168.6378208928,SYNTHETIC,,2026-09-18
2024-04-17,Borçlanma Araçları,168.0567722446,SYNTHETIC,,2026-09-18
2024-04-18,Borçlanma Araçları,168.2060344073,SYNTHETIC,,2026-09-18
2024-04-19,Borçlanma Araçları,168.5358687508,SYNTHETIC,,2026-09-18
2024-04-22,Borçlanma Araçları,168.0858628178,SYNTHETIC,,2026-09-18
2024-04-23,Borçlanma Araçları,169.5270923764,SYNTHETIC,,2026-09-18
2024-04-24,Borçlanma Araçları,169.3895081470,SYNTHETIC,,2026-09-18
2024-04-25,Borçlanma Araçları,169.5600303493,SYNTHETIC,,2026-09-18
2024-04-26,Borçlanma Araçları,168.6872513478,SYNTHETIC,,2026-09-18
2024-04-29,Borçlanma Araçları,167.9987847452,SYNTHETIC,,2026-09-18
2024-04-30,Borçlanma Araçları,167.8167732991,SYNTHETIC,,2026-09-18
2024-05-01,Borçlanma Araçları,167.9748241837,SYNTHETIC,,2026-09-18
2024-05-02,Borçlanma Araçları,167.7851310028,SYNTHETIC,,2026-09-18
2024-05-03,Borçlanma Araçları,167.8131575563,SYNTHETIC,,2026-09-18
2024-05-06,Borçlanma Araçları,167.9559690801,SYNTHETIC,,2026-09-18
2024-05-07,Borçlanma Araçları,168.1201869761,SYNTHETIC,,2026-09-18
2024-05-08,Borçlanma Araçları,168.3560886354,SYNTHETIC,,2026-09-18
2024-05-09,Borçlanma Araçları,167.4670318099,SYNTHETIC,,2026-09-18
2024-05-10,Borçlanma Araçları,167.4932076129,SYNTHETIC,,2026-09-18
2024-05-13,Borçlanma Araçları,167.2589566338,SYNTHETIC,,2026-09-18
2024-05-14,Borçlanma Araçları,168.3241450034,SYNTHETIC,,2026-09-18
2024-05-15,Borçlanma Araçları,168.4714659866,SYNTHETIC,,2026-09-18
2024-05-16,Borçlanma Araçları,167.6518690036,SYNTHETIC,,2026-09-18
2024-05-17,Borçlanma Araçları,166.6216687121,SYNTHETIC,,2026-09-18
2024-05-20,Borçlanma Araçları,166.2453679696,SYNTHETIC,,2026-09-18
2024-05-21,Borçlanma Araçları,165.0592475710,SYNTHETIC,,2026-09-18
2024-05-22,Borçlanma Araçları,164.4670457334,SYNTHETIC,,2026-09-18
2024-05-23,Borçlanma Araçları,164.2350712534,SYNTHETIC,,2026-09-18
2024-05-24,Borçlanma Araçları,163.0004017380,SYNTHETIC,,2026-09-18
2024-05-27,Borçlanma Araçları,162.5439561618,SYNTHETIC,,2026-09-18
2024-05-28,Borçlanma Araçları,161.9137039340,SYNTHETIC,,2026-09-18
2024-05-29,Borçlanma Araçları,161.3095074670,SYNTHETIC,,2026-09-18
2024-05-30,Borçlanma Araçları,160.8273365279,SYNTHETIC,,2026-09-18
2024-05-31,Borçlanma Araçları,159.8890860043,SYNTHETIC,,2026-09-18
2024-06-03,Borçlanma Araçları,160.1497910181,SYNTHETIC,,2026-09-18
2024-06-04,Borçlanma Araçları,161.2989084235,SYNTHETIC,,2026-09-18
2024-06-05,Borçlanma Araçları,160.6147292532,SYNTHETIC,,2026-09-18
2024-06-06,Borçlanma Araçları,160.9470913903,SYNTHETIC,,2026-09-18
2024-06-07,Borçlanma Araçları,160.1801386502,SYNTHETIC,,2026-09-18
2024-06-10,Borçlanma Araçları,161.7244623489,SYNTHETIC,,2026-09-18
2024-06-11,Borçlanma Araçları,162.1973325818,SYNTHETIC,,2026-09-18
2024-06-12,Borçlanma Araçları,162.2435610300,SYNTHETIC,,2026-09-18
2024-06-13,Borçlanma Araçları,163.4033879026,SYNTHETIC,,2026-09-18
2024-06-14,Borçlanma Araçları,164.8828159328,SYNTHETIC,,2026-09-18
2024-06-17,Borçlanma Araçları,164.3440642483,SYNTHETIC,,2026-09-18
2024-06-18,Borçlanma Araçları,164.9437325361,SYNTHETIC,,2026-09-18
2024-06-19,Borçlanma Araçları,164.0144380162,SYNTHETIC,,2026-09-18
2024-06-20,Borçlanma Araçları,164.5543143642,SYNTHETIC,,2026-09-18
2024-06-21,Borçlanma Araçları,165.0925135126,SYNTHETIC,,2026-09-18
2024-06-24,Borçlanma Araçları,165.2132882292,SYNTHETIC,,2026-09-18
2024-06-25,Borçlanma Araçları,165.1323199818,SYNTHETIC,,2026-09-18
2024-06-26,Borçlanma Araçları,164.4925772168,SYNTHETIC,,2026-09-18
2024-06-27,Borçlanma Araçları,163.7543082942,SYNTHETIC,,2026-09-18
2024-06-28,Borçlanma Araçları,163.8801663283,SYNTHETIC,,2026-09-18
2024-07-01,Borçlanma Araçları,163.6382493239,SYNTHETIC,,2026-09-18
2024-07-02,Borçlanma Araçları,165.4262623076,SYNTHETIC,,2026-09-18
2024-07-03,Borçlanma Araçları,165.5486961062,SYNTHETIC,,2026-09-18
2024-07-04,Borçlanma Araçları,166.8055375362,SYNTHETIC,,2026-09-18
2024-07-05,Borçlanma Araçları,167.2357888760,SYNTHETIC,,2026-09-18
2024-07-08,Borçlanma Araçları,167.4713239151,SYNTHETIC,,2026-09-18
2024-07-09,Borçlanma Araçları,168.4629839840,SYNTHETIC,,2026-09-18
2024-07-10,Borçlanma Araçları,168.6592119786,SYNTHETIC,,2026-09-18
2024-07-11,Borçlanma Araçları,170.1465323437,SYNTHETIC,,2026-09-18
2024-07-12,Borçlanma Araçları,170.5908335276,SYNTHETIC,,2026-09-18
2024-07-15,Borçlanma Araçları,171.0978405956,SYNTHETIC,,2026-09-18
2024-07-16,Borçlanma Araçları,171.7069534331,SYNTHETIC,,2026-09-18
2024-07-17,Borçlanma Araçları,172.1300488565,SYNTHETIC,,2026-09-18
2024-07-18,Borçlanma Araçları,171.7104602583,SYNTHETIC,,2026-09-18
2024-07-19,Borçlanma Araçları,170.8922094617,SYNTHETIC,,2026-09-18
2024-07-22,Borçlanma Araçları,170.3037393073,SYNTHETIC,,2026-09-18
2024-07-23,Borçlanma Araçları,170.2569607446,SYNTHETIC,,2026-09-18
2024-07-24,Borçlanma Araçları,169.6791837110,SYNTHETIC,,2026-09-18
2024-07-25,Borçlanma Araçları,170.2698299339,SYNTHETIC,,2026-09-18
2024-07-26,Borçlanma Araçları,170.6798314667,SYNTHETIC,,2026-09-18
2024-07-29,Borçlanma Araçları,170.2511017344,SYNTHETIC,,2026-09-18
2024-07-30,Borçlanma Araçları,170.1264663267,SYNTHETIC,,2026-09-18
2024-07-31,Borçlanma Araçları,171.0221209371,SYNTHETIC,,2026-09-18
2024-08-01,Borçlanma Araçları,170.2646034101,SYNTHETIC,,2026-09-18
2024-08-02,Borçlanma Araçları,170.2263443950,SYNTHETIC,,2026-09-18
2024-08-05,Borçlanma Araçları,170.8331950050,SYNTHETIC,,2026-09-18
2024-08-06,Borçlanma Araçları,170.5603002798,SYNTHETIC,,2026-09-18
2024-08-07,Borçlanma Araçları,170.0515653447,SYNTHETIC,,2026-09-18
2024-08-08,Borçlanma Araçları,171.2911380611,SYNTHETIC,,2026-09-18
2024-08-09,Borçlanma Araçları,170.6985401198,SYNTHETIC,,2026-09-18
2024-08-12,Borçlanma Araçları,171.0271371837,SYNTHETIC,,2026-09-18
2024-08-13,Borçlanma Araçları,171.2685110260,SYNTHETIC,,2026-09-18
2024-08-14,Borçlanma Araçları,171.0340818749,SYNTHETIC,,2026-09-18
2024-08-15,Borçlanma Araçları,172.0769796695,SYNTHETIC,,2026-09-18
2024-08-16,Borçlanma Araçları,172.6867840435,SYNTHETIC,,2026-09-18
2024-08-19,Borçlanma Araçları,172.5472794475,SYNTHETIC,,2026-09-18
2024-08-20,Borçlanma Araçları,172.8422126767,SYNTHETIC,,2026-09-18
2024-08-21,Borçlanma Araçları,172.4968705510,SYNTHETIC,,2026-09-18
2024-08-22,Borçlanma Araçları,172.8752804120,SYNTHETIC,,2026-09-18
2024-08-23,Borçlanma Araçları,173.5623526709,SYNTHETIC,,2026-09-18
2024-08-26,Borçlanma Araçları,173.5948039767,SYNTHETIC,,2026-09-18
2024-08-27,Borçlanma Araçları,174.6283197641,SYNTHETIC,,2026-09-18
2024-08-28,Borçlanma Araçları,175.0508504175,SYNTHETIC,,2026-09-18
2024-08-29,Borçlanma Araçları,175.9692070220,SYNTHETIC,,2026-09-18
2024-08-30,Borçlanma Araçları,176.3399694710,SYNTHETIC,,2026-09-18
2024-09-02,Borçlanma Araçları,176.5896884974,SYNTHETIC,,2026-09-18
2024-09-03,Borçlanma Araçları,176.1074646264,SYNTHETIC,,2026-09-18
2024-09-04,Borçlanma Araçları,175.8943266079,SYNTHETIC,,2026-09-18
2024-09-05,Borçlanma Araçları,176.5553134902,SYNTHETIC,,2026-09-18
2024-09-06,Borçlanma Araçları,175.6233294767,SYNTHETIC,,2026-09-18
2024-09-09,Borçlanma Araçları,174.9224887006,SYNTHETIC,,2026-09-18
2024-09-10,Borçlanma Araçları,176.3575406258,SYNTHETIC,,2026-09-18
2024-09-11,Borçlanma Araçları,178.6020089345,SYNTHETIC,,2026-09-18
2024-09-12,Borçlanma Araçları,178.7966170083,SYNTHETIC,,2026-09-18
2024-09-13,Borçlanma Araçları,180.3239386581,SYNTHETIC,,2026-09-18
2024-09-16,Borçlanma Araçları,179.9828937036,SYNTHETIC,,2026-09-18
2024-09-17,Borçlanma Araçları,179.2871901620,SYNTHETIC,,2026-09-18
2024-09-18,Borçlanma Araçları,180.5007174616,SYNTHETIC,,2026-09-18
2024-09-19,Borçlanma Araçları,180.6874551450,SYNTHETIC,,2026-09-18
2024-09-20,Borçlanma Araçları,181.2132244647,SYNTHETIC,,2026-09-18
2024-09-23,Borçlanma Araçları,181.7858977751,SYNTHETIC,,2026-09-18
2024-09-24,Borçlanma Araçları,182.2073389487,SYNTHETIC,,2026-09-18
2024-09-25,Borçlanma Araçları,181.7610592961,SYNTHETIC,,2026-09-18
2024-09-26,Borçlanma Araçları,182.2437676879,SYNTHETIC,,2026-09-18
2024-09-27,Borçlanma Araçları,181.9616399820,SYNTHETIC,,2026-09-18
2024-09-30,Borçlanma Araçları,182.5066634853,SYNTHETIC,,2026-09-18
2024-10-01,Borçlanma Araçları,183.4922213524,SYNTHETIC,,2026-09-18
2024-10-02,Borçlanma Araçları,182.8698240483,SYNTHETIC,,2026-09-18
2024-10-03,Borçlanma Araçları,184.1847302118,SYNTHETIC,,2026-09-18
2024-10-04,Borçlanma Araçları,183.3219640572,SYNTHETIC,,2026-09-18
2024-10-07,Borçlanma Araçları,184.2977449116,SYNTHETIC,,2026-09-18
2024-10-08,Borçlanma Araçları,184.9182003260,SYNTHETIC,,2026-09-18
2024-10-09,Borçlanma Araçları,184.6190831721,SYNTHETIC,,2026-09-18
2024-10-10,Borçlanma Araçları,184.7276915341,SYNTHETIC,,2026-09-18
2024-10-11,Borçlanma Araçları,186.0802624167,SYNTHETIC,,2026-09-18
2024-10-14,Borçlanma Araçları,185.6356364248,SYNTHETIC,,2026-09-18
2024-10-15,Borçlanma Araçları,185.4988922303,SYNTHETIC,,2026-09-18
2024-10-16,Borçlanma Araçları,186.4178705611,SYNTHETIC,,2026-09-18
2024-10-17,Borçlanma Araçları,187.1565728936,SYNTHETIC,,2026-09-18
2024-10-18,Borçlanma Araçları,186.5770219651,SYNTHETIC,,2026-09-18
2024-10-21,Borçlanma Araçları,187.9591529483,SYNTHETIC,,2026-09-18
2024-10-22,Borçlanma Araçları,187.9350402284,SYNTHETIC,,2026-09-18
2024-10-23,Borçlanma Araçları,188.8055515292,SYNTHETIC,,2026-09-18
2024-10-24,Borçlanma Araçları,187.5955613736,SYNTHETIC,,2026-09-18
2024-10-25,Borçlanma Araçları,187.8073404927,SYNTHETIC,,2026-09-18
2024-10-28,Borçlanma Araçları,187.2053432028,SYNTHETIC,,2026-09-18
2024-10-29,Borçlanma Araçları,187.6865408241,SYNTHETIC,,2026-09-18
2024-10-30,Borçlanma Araçları,187.8968023456,SYNTHETIC,,2026-09-18
2024-10-31,Borçlanma Araçları,188.2596626348,SYNTHETIC,,2026-09-18
2024-11-01,Borçlanma Araçları,188.7963690680,SYNTHETIC,,2026-09-18
2024-11-04,Borçlanma Araçları,188.7136709198,SYNTHETIC,,2026-09-18
2024-11-05,Borçlanma Araçları,188.6145939677,SYNTHETIC,,2026-09-18
2024-11-06,Borçlanma Araçları,188.5213044686,SYNTHETIC,,2026-09-18
2024-11-07,Borçlanma Araçları,186.8337729254,SYNTHETIC,,2026-09-18
2024-11-08,Borçlanma Araçları,187.0047755256,SYNTHETIC,,2026-09-18
2024-11-11,Borçlanma Araçları,187.8196824427,SYNTHETIC,,2026-09-18
2024-11-12,Borçlanma Araçları,187.5304848393,SYNTHETIC,,2026-09-18
2024-11-13,Borçlanma Araçları,187.0305055220,SYNTHETIC,,2026-09-18
2024-11-14,Borçlanma Araçları,189.5468073361,SYNTHETIC,,2026-09-18
2024-11-15,Borçlanma Araçları,190.7977252696,SYNTHETIC,,2026-09-18
2024-11-18,Borçlanma Araçları,189.8395257801,SYNTHETIC,,2026-09-18
2024-11-19,Borçlanma Araçları,190.4859508145,SYNTHETIC,,2026-09-18
2024-11-20,Borçlanma Araçları,188.7836776020,SYNTHETIC,,2026-09-18
2024-11-21,Borçlanma Araçları,188.9591498459,SYNTHETIC,,2026-09-18
2024-11-22,Borçlanma Araçları,190.0674294642,SYNTHETIC,,2026-09-18
2024-11-25,Borçlanma Araçları,189.6497685712,SYNTHETIC,,2026-09-18
2024-11-26,Borçlanma Araçları,189.4882433167,SYNTHETIC,,2026-09-18
2024-11-27,Borçlanma Araçları,189.6545950302,SYNTHETIC,,2026-09-18
2024-11-28,Borçlanma Araçları,189.3591290096,SYNTHETIC,,2026-09-18
2024-11-29,Borçlanma Araçları,189.2121553128,SYNTHETIC,,2026-09-18
2024-12-02,Borçlanma Araçları,189.6629852113,SYNTHETIC,,2026-09-18
2024-12-03,Borçlanma Araçları,189.3481073783,SYNTHETIC,,2026-09-18
2024-12-04,Borçlanma Araçları,189.9426787481,SYNTHETIC,,2026-09-18
2024-12-05,Borçlanma Araçları,188.9158230314,SYNTHETIC,,2026-09-18
2024-12-06,Borçlanma Araçları,189.1582048710,SYNTHETIC,,2026-09-18
2024-12-09,Borçlanma Araçları,188.5722770842,SYNTHETIC,,2026-09-18
2024-12-10,Borçlanma Araçları,188.4218468527,SYNTHETIC,,2026-09-18
2024-12-11,Borçlanma Araçları,188.1842110241,SYNTHETIC,,2026-09-18
2024-12-12,Borçlanma Araçları,188.8256903222,SYNTHETIC,,2026-09-18
2024-12-13,Borçlanma Araçları,189.1766990320,SYNTHETIC,,2026-09-18
2024-12-16,Borçlanma Araçları,189.5348838736,SYNTHETIC,,2026-09-18
2024-12-17,Borçlanma Araçları,188.7040751770,SYNTHETIC,,2026-09-18
2024-12-18,Borçlanma Araçları,189.2855004114,SYNTHETIC,,2026-09-18
2024-12-19,Borçlanma Araçları,189.5045855933,SYNTHETIC,,2026-09-18
2024-12-20,Borçlanma Araçları,189.3680286789,SYNTHETIC,,2026-09-18
2024-12-23,Borçlanma Araçları,189.2673663114,SYNTHETIC,,2026-09-18
2024-12-24,Borçlanma Araçları,190.4540917238,SYNTHETIC,,2026-09-18
2024-12-25,Borçlanma Araçları,190.1232032692,SYNTHETIC,,2026-09-18
2024-12-26,Borçlanma Araçları,190.1622813415,SYNTHETIC,,2026-09-18
2024-12-27,Borçlanma Araçları,190.0774892540,SYNTHETIC,,2026-09-18
2024-12-30,Borçlanma Araçları,190.9561632187,SYNTHETIC,,2026-09-18
2024-12-31,Borçlanma Araçları,191.3139849638,SYNTHETIC,,2026-09-18
2025-01-01,Borçlanma Araçları,190.7162066713,SYNTHETIC,,2026-09-18
2025-01-02,Borçlanma Araçları,189.8358959851,SYNTHETIC,,2026-09-18
2025-01-03,Borçlanma Araçları,189.1820007411,SYNTHETIC,,2026-09-18
2025-01-06,Borçlanma Araçları,190.0519552986,SYNTHETIC,,2026-09-18
2025-01-07,Borçlanma Araçları,189.5215552360,SYNTHETIC,,2026-09-18
2025-01-08,Borçlanma Araçları,190.8374958152,SYNTHETIC,,2026-09-18
2025-01-09,Borçlanma Araçları,192.0389210565,SYNTHETIC,,2026-09-18
2025-01-10,Borçlanma Araçları,192.2732843887,SYNTHETIC,,2026-09-18
2025-01-13,Borçlanma Araçları,192.7220336630,SYNTHETIC,,2026-09-18
2025-01-14,Borçlanma Araçları,193.3534685948,SYNTHETIC,,2026-09-18
2025-01-15,Borçlanma Araçları,192.9113978033,SYNTHETIC,,2026-09-18
2025-01-16,Borçlanma Araçları,192.2233661860,SYNTHETIC,,2026-09-18
2025-01-17,Borçlanma Araçları,191.6721028032,SYNTHETIC,,2026-09-18
2025-01-20,Borçlanma Araçları,193.3757490336,SYNTHETIC,,2026-09-18
2025-01-21,Borçlanma Araçları,193.3362832542,SYNTHETIC,,2026-09-18
2025-01-22,Borçlanma Araçları,195.4624384496,SYNTHETIC,,2026-09-18
2025-01-23,Borçlanma Araçları,195.2202717931,SYNTHETIC,,2026-09-18
2025-01-24,Borçlanma Araçları,196.8099010336,SYNTHETIC,,2026-09-18
2025-01-27,Borçlanma Araçları,198.3310786468,SYNTHETIC,,2026-09-18
2025-01-28,Borçlanma Araçları,198.4744632359,SYNTHETIC,,2026-09-18
2025-01-29,Borçlanma Araçları,199.1942062613,SYNTHETIC,,2026-09-18
2025-01-30,Borçlanma Araçları,199.3359163304,SYNTHETIC,,2026-09-18
2025-01-31,Borçlanma Araçları,200.1145419032,SYNTHETIC,,2026-09-18
2025-02-03,Borçlanma Araçları,200.3820817667,SYNTHETIC,,2026-09-18
2025-02-04,Borçlanma Araçları,200.3025999082,SYNTHETIC,,2026-09-18
2025-02-05,Borçlanma Araçları,201.7821647094,SYNTHETIC,,2026-09-18
2025-02-06,Borçlanma Araçları,200.7399143306,SYNTHETIC,,2026-09-18
2025-02-07,Borçlanma Araçları,200.1430559621,SYNTHETIC,,2026-09-18
2025-02-10,Borçlanma Araçları,200.6353810012,SYNTHETIC,,2026-09-18
2025-02-11,Borçlanma Araçları,200.6519704372,SYNTHETIC,,2026-09-18
2025-02-12,Borçlanma Araçları,200.2941136971,SYNTHETIC,,2026-09-18
2025-02-13,Borçlanma Araçları,200.5089888939,SYNTHETIC,,2026-09-18
2025-02-14,Borçlanma Araçları,199.7101569145,SYNTHETIC,,2026-09-18
2025-02-17,Borçlanma Araçları,200.2253456317,SYNTHETIC,,2026-09-18
2025-02-18,Borçlanma Araçları,200.7994636947,SYNTHETIC,,2026-09-18
2025-02-19,Borçlanma Araçları,200.3979436120,SYNTHETIC,,2026-09-18
2025-02-20,Borçlanma Araçları,201.2493912508,SYNTHETIC,,2026-09-18
2025-02-21,Borçlanma Araçları,201.2039751037,SYNTHETIC,,2026-09-18
2025-02-24,Borçlanma Araçları,201.6995244188,SYNTHETIC,,2026-09-18
2025-02-25,Borçlanma Araçları,202.6796191742,SYNTHETIC,,2026-09-18
2025-02-26,Borçlanma Araçları,201.7929593373,SYNTHETIC,,2026-09-18
2025-02-27,Borçlanma Araçları,202.1025295270,SYNTHETIC,,2026-09-18
2025-02-28,Borçlanma Araçları,200.1101039295,SYNTHETIC,,2026-09-18
2025-03-03,Borçlanma Araçları,200.8882863317,SYNTHETIC,,2026-09-18
2025-03-04,Borçlanma Araçları,199.7803552031,SYNTHETIC,,2026-09-18
2025-03-05,Borçlanma Araçları,200.9743654558,SYNTHETIC,,2026-09-18
2025-03-06,Borçlanma Araçları,200.6055477481,SYNTHETIC,,2026-09-18
2025-03-07,Borçlanma Araçları,200.5167328372,SYNTHETIC,,2026-09-18
2025-03-10,Borçlanma Araçları,201.5857278925,SYNTHETIC,,2026-09-18
2025-03-11,Borçlanma Araçları,201.2335806966,SYNTHETIC,,2026-09-18
2025-03-12,Borçlanma Araçları,201.5019751430,SYNTHETIC,,2026-09-18
2025-03-13,Borçlanma Araçları,202.2883562151,SYNTHETIC,,2026-09-18
2025-03-14,Borçlanma Araçları,202.4488704322,SYNTHETIC,,2026-09-18
2025-03-17,Borçlanma Araçları,203.8080942411,SYNTHETIC,,2026-09-18
2025-03-18,Borçlanma Araçları,204.2787937944,SYNTHETIC,,2026-09-18
2025-03-19,Borçlanma Araçları,204.6578481974,SYNTHETIC,,2026-09-18
2025-03-20,Borçlanma Araçları,204.1880934746,SYNTHETIC,,2026-09-18
2025-03-21,Borçlanma Araçları,204.7228062654,SYNTHETIC,,2026-09-18
2025-03-24,Borçlanma Araçları,204.2571021092,SYNTHETIC,,2026-09-18
2025-03-25,Borçlanma Araçları,205.1097691054,SYNTHETIC,,2026-09-18
2025-03-26,Borçlanma Araçları,205.7471086780,SYNTHETIC,,2026-09-18
2025-03-27,Borçlanma Araçları,207.3916104658,SYNTHETIC,,2026-09-18
2025-03-28,Borçlanma Araçları,208.3676260475,SYNTHETIC,,2026-09-18
2025-03-31,Borçlanma Araçları,206.9372059245,SYNTHETIC,,2026-09-18
2025-04-01,Borçlanma Araçları,205.5988479883,SYNTHETIC,,2026-09-18
2025-04-02,Borçlanma Araçları,206.4254907385,SYNTHETIC,,2026-09-18
2025-04-03,Borçlanma Araçları,207.2160130472,SYNTHETIC,,2026-09-18
2025-04-04,Borçlanma Araçları,207.7102801486,SYNTHETIC,,2026-09-18
2025-04-07,Borçlanma Araçları,209.1783257488,SYNTHETIC,,2026-09-18
2025-04-08,Borçlanma Araçları,210.3681504128,SYNTHETIC,,2026-09-18
2025-04-09,Borçlanma Araçları,210.8956193245,SYNTHETIC,,2026-09-18
2025-04-10,Borçlanma Araçları,210.8897461808,SYNTHETIC,,2026-09-18
2025-04-11,Borçlanma Araçları,210.3465397611,SYNTHETIC,,2026-09-18
2025-04-14,Borçlanma Araçları,212.0270877789,SYNTHETIC,,2026-09-18
2025-04-15,Borçlanma Araçları,212.2838320649,SYNTHETIC,,2026-09-18
2025-04-16,Borçlanma Araçları,211.0535118213,SYNTHETIC,,2026-09-18
2025-04-17,Borçlanma Araçları,210.7140207538,SYNTHETIC,,2026-09-18
2025-04-18,Borçlanma Araçları,211.8382167802,SYNTHETIC,,2026-09-18
2025-04-21,Borçlanma Araçları,213.6322215634,SYNTHETIC,,2026-09-18
2025-04-22,Borçlanma Araçları,215.6625551210,SYNTHETIC,,2026-09-18
2025-04-23,Borçlanma Araçları,215.0933154903,SYNTHETIC,,2026-09-18
2025-04-24,Borçlanma Araçları,216.1283721900,SYNTHETIC,,2026-09-18
2025-04-25,Borçlanma Araçları,215.5736976238,SYNTHETIC,,2026-09-18
2025-04-28,Borçlanma Araçları,217.3445252379,SYNTHETIC,,2026-09-18
2025-04-29,Borçlanma Araçları,216.5048137765,SYNTHETIC,,2026-09-18
2025-04-30,Borçlanma Araçları,217.2369393417,SYNTHETIC,,2026-09-18
2025-05-01,Borçlanma Araçları,216.2453719939,SYNTHETIC,,2026-09-18
2025-05-02,Borçlanma Araçları,216.1949298727,SYNTHETIC,,2026-09-18
2025-05-05,Borçlanma Araçları,217.1166136591,SYNTHETIC,,2026-09-18
2025-05-06,Borçlanma Araçları,216.9763513530,SYNTHETIC,,2026-09-18
2025-05-07,Borçlanma Araçları,215.9677020457,SYNTHETIC,,2026-09-18
2025-05-08,Borçlanma Araçları,216.6552949162,SYNTHETIC,,2026-09-18
2025-05-09,Borçlanma Araçları,216.6054958607,SYNTHETIC,,2026-09-18
2025-05-12,Borçlanma Araçları,217.8371170244,SYNTHETIC,,2026-09-18
2025-05-13,Borçlanma Araçları,218.5222580739,SYNTHETIC,,2026-09-18
2025-05-14,Borçlanma Araçları,218.9323621409,SYNTHETIC,,2026-09-18
2025-05-15,Borçlanma Araçları,219.9217955789,SYNTHETIC,,2026-09-18
2025-05-16,Borçlanma Araçları,220.5460278082,SYNTHETIC,,2026-09-18
2025-05-19,Borçlanma Araçları,220.7559782685,SYNTHETIC,,2026-09-18
2025-05-20,Borçlanma Araçları,218.7517843468,SYNTHETIC,,2026-09-18
2025-05-21,Borçlanma Araçları,217.2939970717,SYNTHETIC,,2026-09-18
2025-05-22,Borçlanma Araçları,218.2990933001,SYNTHETIC,,2026-09-18
2025-05-23,Borçlanma Araçları,219.3275202561,SYNTHETIC,,2026-09-18
2025-05-26,Borçlanma Araçları,218.7687115519,SYNTHETIC,,2026-09-18
2025-05-27,Borçlanma Araçları,218.1568481920,SYNTHETIC,,2026-09-18
2025-05-28,Borçlanma Araçları,220.2392996794,SYNTHETIC,,2026-09-18
2025-05-29,Borçlanma Araçları,221.0378762303,SYNTHETIC,,2026-09-18
2025-05-30,Borçlanma Araçları,221.5571429189,SYNTHETIC,,2026-09-18
2025-06-02,Borçlanma Araçları,222.7712566351,SYNTHETIC,,2026-09-18
2025-06-03,Borçlanma Araçları,224.0676499228,SYNTHETIC,,2026-09-18
2025-06-04,Borçlanma Araçları,223.6850356846,SYNTHETIC,,2026-09-18
2025-06-05,Borçlanma Araçları,222.6228135266,SYNTHETIC,,2026-09-18
2025-06-06,Borçlanma Araçları,224.0633938427,SYNTHETIC,,2026-09-18
2025-06-09,Borçlanma Araçları,223.4147503019,SYNTHETIC,,2026-09-18
2025-06-10,Borçlanma Araçları,225.3540268484,SYNTHETIC,,2026-09-18
2025-06-11,Borçlanma Araçları,227.2521916493,SYNTHETIC,,2026-09-18
2025-06-12,Borçlanma Araçları,227.7607687217,SYNTHETIC,,2026-09-18
2025-06-13,Borçlanma Araçları,227.7436204548,SYNTHETIC,,2026-09-18
2025-06-16,Borçlanma Araçları,227.4623230043,SYNTHETIC,,2026-09-18
2025-06-17,Borçlanma Araçları,227.9400780088,SYNTHETIC,,2026-09-18
2025-06-18,Borçlanma Araçları,227.9029668265,SYNTHETIC,,2026-09-18
2025-06-19,Borçlanma Araçları,228.4669006467,SYNTHETIC,,2026-09-18
2025-06-20,Borçlanma Araçları,229.3903294196,SYNTHETIC,,2026-09-18
2025-06-23,Borçlanma Araçları,229.7499616628,SYNTHETIC,,2026-09-18
2025-06-24,Borçlanma Araçları,230.1178156351,SYNTHETIC,,2026-09-18
2025-06-25,Borçlanma Araçları,229.2974316159,SYNTHETIC,,2026-09-18
2025-06-26,Borçlanma Araçları,229.3808638969,SYNTHETIC,,2026-09-18
2025-06-27,Borçlanma Araçları,229.2531277620,SYNTHETIC,,2026-09-18
2025-06-30,Borçlanma Araçları,228.5192157145,SYNTHETIC,,2026-09-18
2025-07-01,Borçlanma Araçları,227.5365639853,SYNTHETIC,,2026-09-18
2025-07-02,Borçlanma Araçları,226.9255285936,SYNTHETIC,,2026-09-18
2025-07-03,Borçlanma Araçları,226.9701074754,SYNTHETIC,,2026-09-18
2025-07-04,Borçlanma Araçları,226.9665292898,SYNTHETIC,,2026-09-18
2025-07-07,Borçlanma Araçları,228.6389366754,SYNTHETIC,,2026-09-18
2025-07-08,Borçlanma Araçları,230.2239078253,SYNTHETIC,,2026-09-18
2025-07-09,Borçlanma Araçları,229.8935062595,SYNTHETIC,,2026-09-18
2025-07-10,Borçlanma Araçları,230.9153385702,SYNTHETIC,,2026-09-18
2025-07-11,Borçlanma Araçları,230.7178936952,SYNTHETIC,,2026-09-18
2025-07-14,Borçlanma Araçları,230.8561324287,SYNTHETIC,,2026-09-18
2025-07-15,Borçlanma Araçları,230.0043791295,SYNTHETIC,,2026-09-18
2025-07-16,Borçlanma Araçları,229.7734168381,SYNTHETIC,,2026-09-18
2025-07-17,Borçlanma Araçları,228.8854463243,SYNTHETIC,,2026-09-18
2025-07-18,Borçlanma Araçları,227.6912987099,SYNTHETIC,,2026-09-18
2025-07-21,Borçlanma Araçları,227.6959522073,SYNTHETIC,,2026-09-18
2025-07-22,Borçlanma Araçları,228.3651759729,SYNTHETIC,,2026-09-18
2025-07-23,Borçlanma Araçları,228.3775111977,SYNTHETIC,,2026-09-18
2025-07-24,Borçlanma Araçları,230.3288194035,SYNTHETIC,,2026-09-18
2025-07-25,Borçlanma Araçları,229.6078715831,SYNTHETIC,,2026-09-18
2025-07-28,Borçlanma Araçları,229.2928467767,SYNTHETIC,,2026-09-18
2025-07-29,Borçlanma Araçları,227.9887977066,SYNTHETIC,,2026-09-18
2025-07-30,Borçlanma Araçları,226.7678238599,SYNTHETIC,,2026-09-18
2025-07-31,Borçlanma Araçları,227.2482969832,SYNTHETIC,,2026-09-18
2025-08-01,Borçlanma Araçları,226.9914202759,SYNTHETIC,,2026-09-18
2025-08-04,Borçlanma Araçları,229.1733540671,SYNTHETIC,,2026-09-18
2025-08-05,Borçlanma Araçları,229.0552036494,SYNTHETIC,,2026-09-18
2025-08-06,Borçlanma Araçları,228.9563383938,SYNTHETIC,,2026-09-18
2025-08-07,Borçlanma Araçları,230.5530282395,SYNTHETIC,,2026-09-18
2025-08-08,Borçlanma Araçları,230.5751456253,SYNTHETIC,,2026-09-18
2025-08-11,Borçlanma Araçları,230.8617440724,SYNTHETIC,,2026-09-18
2025-08-12,Borçlanma Araçları,231.1708629040,SYNTHETIC,,2026-09-18
2025-08-13,Borçlanma Araçları,230.2376218748,SYNTHETIC,,2026-09-18
2025-08-14,Borçlanma Araçları,228.5091166690,SYNTHETIC,,2026-09-18
2025-08-15,Borçlanma Araçları,227.9036368130,SYNTHETIC,,2026-09-18
2025-08-18,Borçlanma Araçları,227.5054667191,SYNTHETIC,,2026-09-18
2025-08-19,Borçlanma Araçları,226.1828811506,SYNTHETIC,,2026-09-18
2025-08-20,Borçlanma Araçları,225.7339356257,SYNTHETIC,,2026-09-18
2025-08-21,Borçlanma Araçları,227.1476062109,SYNTHETIC,,2026-09-18
2025-08-22,Borçlanma Araçları,228.7541947181,SYNTHETIC,,2026-09-18
2025-08-25,Borçlanma Araçları,229.7486799156,SYNTHETIC,,2026-09-18
2025-08-26,Borçlanma Araçları,229.0164020011,SYNTHETIC,,2026-09-18
2025-08-27,Borçlanma Araçları,230.4009587388,SYNTHETIC,,2026-09-18
2025-08-28,Borçlanma Araçları,231.0735859726,SYNTHETIC,,2026-09-18
2025-08-29,Borçlanma Araçları,230.8992220955,SYNTHETIC,,2026-09-18
2025-09-01,Borçlanma Araçları,230.2443471229,SYNTHETIC,,2026-09-18
2025-09-02,Borçlanma Araçları,229.4604507635,SYNTHETIC,,2026-09-18
2025-09-03,Borçlanma Araçları,229.2598989364,SYNTHETIC,,2026-09-18
2025-09-04,Borçlanma Araçları,229.3919683842,SYNTHETIC,,2026-09-18
2025-09-05,Borçlanma Araçları,228.9443246137,SYNTHETIC,,2026-09-18
2025-09-08,Borçlanma Araçları,229.9265567296,SYNTHETIC,,2026-09-18
2025-09-09,Borçlanma Araçları,229.4374711296,SYNTHETIC,,2026-09-18
2025-09-10,Borçlanma Araçları,230.1566582275,SYNTHETIC,,2026-09-18
2025-09-11,Borçlanma Araçları,230.7654699277,SYNTHETIC,,2026-09-18
2025-09-12,Borçlanma Araçları,231.2555547865,SYNTHETIC,,2026-09-18
2025-09-15,Borçlanma Araçları,231.2752994426,SYNTHETIC,,2026-09-18
2025-09-16,Borçlanma Araçları,230.7524330649,SYNTHETIC,,2026-09-18
2025-09-17,Borçlanma Araçları,230.8181659853,SYNTHETIC,,2026-09-18
2025-09-18,Borçlanma Araçları,229.9238682125,SYNTHETIC,,2026-09-18
2025-09-19,Borçlanma Araçları,232.9940599366,SYNTHETIC,,2026-09-18
2025-09-22,Borçlanma Araçları,233.8957432051,SYNTHETIC,,2026-09-18
2025-09-23,Borçlanma Araçları,233.3560946924,SYNTHETIC,,2026-09-18
2025-09-24,Borçlanma Araçları,231.7012259052,SYNTHETIC,,2026-09-18
2025-09-25,Borçlanma Araçları,231.2762924727,SYNTHETIC,,2026-09-18
2025-09-26,Borçlanma Araçları,232.0955271679,SYNTHETIC,,2026-09-18
2025-09-29,Borçlanma Araçları,232.1459525020,SYNTHETIC,,2026-09-18
2025-09-30,Borçlanma Araçları,232.7636894807,SYNTHETIC,,2026-09-18
2025-10-01,Borçlanma Araçları,233.6015566351,SYNTHETIC,,2026-09-18
2025-10-02,Borçlanma Araçları,233.6030163163,SYNTHETIC,,2026-09-18
2025-10-03,Borçlanma Araçları,233.9596736727,SYNTHETIC,,2026-09-18
2025-10-06,Borçlanma Araçları,234.3991261776,SYNTHETIC,,2026-09-18
2025-10-07,Borçlanma Araçları,234.8429076296,SYNTHETIC,,2026-09-18
2025-10-08,Borçlanma Araçları,235.9044108635,SYNTHETIC,,2026-09-18
2025-10-09,Borçlanma Araçları,236.6361756651,SYNTHETIC,,2026-09-18
2025-10-10,Borçlanma Araçları,235.7955523079,SYNTHETIC,,2026-09-18
2025-10-13,Borçlanma Araçları,235.2063977027,SYNTHETIC,,2026-09-18
2025-10-14,Borçlanma Araçları,235.9900143364,SYNTHETIC,,2026-09-18
2025-10-15,Borçlanma Araçları,236.7166479138,SYNTHETIC,,2026-09-18
2025-10-16,Borçlanma Araçları,237.6265931396,SYNTHETIC,,2026-09-18
2025-10-17,Borçlanma Araçları,236.6864321899,SYNTHETIC,,2026-09-18
2025-10-20,Borçlanma Araçları,237.0550869256,SYNTHETIC,,2026-09-18
2025-10-21,Borçlanma Araçları,236.3208930373,SYNTHETIC,,2026-09-18
2025-10-22,Borçlanma Araçları,236.2707169883,SYNTHETIC,,2026-09-18
2025-10-23,Borçlanma Araçları,236.9054394369,SYNTHETIC,,2026-09-18
2025-10-24,Borçlanma Araçları,237.3280439966,SYNTHETIC,,2026-09-18
2025-10-27,Borçlanma Araçları,237.4060099786,SYNTHETIC,,2026-09-18
2025-10-28,Borçlanma Araçları,238.9306400960,SYNTHETIC,,2026-09-18
2025-10-29,Borçlanma Araçları,238.2839344067,SYNTHETIC,,2026-09-18
2025-10-30,Borçlanma Araçları,239.6707112230,SYNTHETIC,,2026-09-18
2025-10-31,Borçlanma Araçları,239.1216106602,SYNTHETIC,,2026-09-18
2025-11-03,Borçlanma Araçları,240.1725144037,SYNTHETIC,,2026-09-18
2025-11-04,Borçlanma Araçları,240.6337402044,SYNTHETIC,,2026-09-18
2025-11-05,Borçlanma Araçları,240.2768355219,SYNTHETIC,,2026-09-18
2025-11-06,Borçlanma Araçları,239.9816813769,SYNTHETIC,,2026-09-18
2025-11-07,Borçlanma Araçları,239.2204768235,SYNTHETIC,,2026-09-18
2025-11-10,Borçlanma Araçları,238.8879722299,SYNTHETIC,,2026-09-18
2025-11-11,Borçlanma Araçları,238.7219393243,SYNTHETIC,,2026-09-18
2025-11-12,Borçlanma Araçları,240.0288119609,SYNTHETIC,,2026-09-18
2025-11-13,Borçlanma Araçları,238.7080142201,SYNTHETIC,,2026-09-18
2025-11-14,Borçlanma Araçları,238.0751525521,SYNTHETIC,,2026-09-18
2025-11-17,Borçlanma Araçları,238.9202618150,SYNTHETIC,,2026-09-18
2025-11-18,Borçlanma Araçları,238.4883036692,SYNTHETIC,,2026-09-18
2025-11-19,Borçlanma Araçları,240.5642660418,SYNTHETIC,,2026-09-18
2025-11-20,Borçlanma Araçları,242.4036538687,SYNTHETIC,,2026-09-18
2025-11-21,Borçlanma Araçları,241.4834310545,SYNTHETIC,,2026-09-18
2025-11-24,Borçlanma Araçları,242.6389586023,SYNTHETIC,,2026-09-18
2025-11-25,Borçlanma Araçları,242.3681269657,SYNTHETIC,,2026-09-18
2025-11-26,Borçlanma Araçları,242.8558803127,SYNTHETIC,,2026-09-18
2025-11-27,Borçlanma Araçları,242.6848422416,SYNTHETIC,,2026-09-18
2025-11-28,Borçlanma Araçları,244.6377382757,SYNTHETIC,,2026-09-18
2025-12-01,Borçlanma Araçları,243.2794122273,SYNTHETIC,,2026-09-18
2025-12-02,Borçlanma Araçları,243.0052818583,SYNTHETIC,,2026-09-18
2025-12-03,Borçlanma Araçları,241.9177744412,SYNTHETIC,,2026-09-18
2025-12-04,Borçlanma Araçları,243.8469044550,SYNTHETIC,,2026-09-18
2025-12-05,Borçlanma Araçları,244.2204762827,SYNTHETIC,,2026-09-18
2025-12-08,Borçlanma Araçları,244.4314671961,SYNTHETIC,,2026-09-18
2025-12-09,Borçlanma Araçları,245.5706157515,SYNTHETIC,,2026-09-18
2025-12-10,Borçlanma Araçları,246.1274846525,SYNTHETIC,,2026-09-18
2025-12-11,Borçlanma Araçları,248.1234608389,SYNTHETIC,,2026-09-18
2025-12-12,Borçlanma Araçları,247.1143443898,SYNTHETIC,,2026-09-18
2025-12-15,Borçlanma Araçları,247.5602058121,SYNTHETIC,,2026-09-18
2025-12-16,Borçlanma Araçları,248.9672412680,SYNTHETIC,,2026-09-18
2025-12-17,Borçlanma Araçları,249.7037588700,SYNTHETIC,,2026-09-18
2025-12-18,Borçlanma Araçları,249.5329231960,SYNTHETIC,,2026-09-18
2025-12-19,Borçlanma Araçları,250.7913496266,SYNTHETIC,,2026-09-18
2025-12-22,Borçlanma Araçları,252.2629535886,SYNTHETIC,,2026-09-18
2025-12-23,Borçlanma Araçları,252.5812636747,SYNTHETIC,,2026-09-18
2025-12-24,Borçlanma Araçları,254.5810804958,SYNTHETIC,,2026-09-18
2025-12-25,Borçlanma Araçları,257.7769530848,SYNTHETIC,,2026-09-18
2025-12-26,Borçlanma Araçları,258.3497099795,SYNTHETIC,,2026-09-18
2025-12-29,Borçlanma Araçları,259.4785186837,SYNTHETIC,,2026-09-18
2025-12-30,Borçlanma Araçları,257.7927968437,SYNTHETIC,,2026-09-18
2025-12-31,Borçlanma Araçları,259.3391904417,SYNTHETIC,,2026-09-18
2026-01-01,Borçlanma Araçları,260.0854362655,SYNTHETIC,,2026-09-18
2026-01-02,Borçlanma Araçları,262.0627477331,SYNTHETIC,,2026-09-18
2026-01-05,Borçlanma Araçları,262.8117145150,SYNTHETIC,,2026-09-18
2026-01-06,Borçlanma Araçları,264.2725321763,SYNTHETIC,,2026-09-18
2026-01-07,Borçlanma Araçları,263.2049542746,SYNTHETIC,,2026-09-18
2026-01-08,Borçlanma Araçları,262.8090558832,SYNTHETIC,,2026-09-18
2026-01-09,Borçlanma Araçları,262.3232206998,SYNTHETIC,,2026-09-18
2026-01-12,Borçlanma Araçları,261.5765225996,SYNTHETIC,,2026-09-18
2026-01-13,Borçlanma Araçları,261.8833355527,SYNTHETIC,,2026-09-18
2026-01-14,Borçlanma Araçları,264.2205642056,SYNTHETIC,,2026-09-18
2026-01-15,Borçlanma Araçları,265.1813557917,SYNTHETIC,,2026-09-18
2026-01-16,Borçlanma Araçları,264.1979474135,SYNTHETIC,,2026-09-18
2026-01-19,Borçlanma Araçları,266.0872986281,SYNTHETIC,,2026-09-18
2026-01-20,Borçlanma Araçları,264.6647711746,SYNTHETIC,,2026-09-18
2026-01-21,Borçlanma Araçları,263.6521023185,SYNTHETIC,,2026-09-18
2026-01-22,Borçlanma Araçları,262.3348918336,SYNTHETIC,,2026-09-18
2026-01-23,Borçlanma Araçları,261.4444174672,SYNTHETIC,,2026-09-18
2026-01-26,Borçlanma Araçları,261.0489721579,SYNTHETIC,,2026-09-18
2026-01-27,Borçlanma Araçları,262.3914059036,SYNTHETIC,,2026-09-18
2026-01-28,Borçlanma Araçları,261.7705121498,SYNTHETIC,,2026-09-18
2026-01-29,Borçlanma Araçları,263.6918220963,SYNTHETIC,,2026-09-18
2026-01-30,Borçlanma Araçları,265.9381558720,SYNTHETIC,,2026-09-18
2026-02-02,Borçlanma Araçları,266.2838065584,SYNTHETIC,,2026-09-18
2026-02-03,Borçlanma Araçları,267.5882463124,SYNTHETIC,,2026-09-18
2026-02-04,Borçlanma Araçları,267.5982205709,SYNTHETIC,,2026-09-18
2026-02-05,Borçlanma Araçları,267.3715708943,SYNTHETIC,,2026-09-18
2026-02-06,Borçlanma Araçları,267.3689881476,SYNTHETIC,,2026-09-18
2026-02-09,Borçlanma Araçları,268.8893373801,SYNTHETIC,,2026-09-18
2026-02-10,Borçlanma Araçları,270.2635516384,SYNTHETIC,,2026-09-18
2026-02-11,Borçlanma Araçları,270.4197801901,SYNTHETIC,,2026-09-18
2026-02-12,Borçlanma Araçları,272.0920655573,SYNTHETIC,,2026-09-18
2026-02-13,Borçlanma Araçları,270.7326047609,SYNTHETIC,,2026-09-18
2026-02-16,Borçlanma Araçları,271.3488885454,SYNTHETIC,,2026-09-18
2026-02-17,Borçlanma Araçları,273.0067488283,SYNTHETIC,,2026-09-18
2026-02-18,Borçlanma Araçları,273.4058059207,SYNTHETIC,,2026-09-18
2026-02-19,Borçlanma Araçları,273.6713483603,SYNTHETIC,,2026-09-18
2026-02-20,Borçlanma Araçları,272.8596861061,SYNTHETIC,,2026-09-18
2026-02-23,Borçlanma Araçları,272.0434414769,SYNTHETIC,,2026-09-18
2026-02-24,Borçlanma Araçları,270.5409266067,SYNTHETIC,,2026-09-18
2026-02-25,Borçlanma Araçları,268.8621990353,SYNTHETIC,,2026-09-18
2026-02-26,Borçlanma Araçları,270.7100995574,SYNTHETIC,,2026-09-18
2026-02-27,Borçlanma Araçları,270.7355990276,SYNTHETIC,,2026-09-18
2026-03-02,Borçlanma Araçları,271.3697912380,SYNTHETIC,,2026-09-18
2026-03-03,Borçlanma Araçları,270.6450005135,SYNTHETIC,,2026-09-18
2026-03-04,Borçlanma Araçları,269.4465648945,SYNTHETIC,,2026-09-18
2026-03-05,Borçlanma Araçları,270.0424602364,SYNTHETIC,,2026-09-18
2026-03-06,Borçlanma Araçları,271.2395231858,SYNTHETIC,,2026-09-18
2026-03-09,Borçlanma Araçları,270.6270146645,SYNTHETIC,,2026-09-18
2026-03-10,Borçlanma Araçları,273.3025193484,SYNTHETIC,,2026-09-18
2026-03-11,Borçlanma Araçları,274.5220663490,SYNTHETIC,,2026-09-18
2026-03-12,Borçlanma Araçları,274.5099204631,SYNTHETIC,,2026-09-18
2026-03-13,Borçlanma Araçları,273.3451635401,SYNTHETIC,,2026-09-18
2026-03-16,Borçlanma Araçları,273.8572785744,SYNTHETIC,,2026-09-18
2026-03-17,Borçlanma Araçları,273.3150168125,SYNTHETIC,,2026-09-18
2026-03-18,Borçlanma Araçları,273.5127725837,SYNTHETIC,,2026-09-18
2026-03-19,Borçlanma Araçları,271.9743151757,SYNTHETIC,,2026-09-18
2026-03-20,Borçlanma Araçları,274.4771835654,SYNTHETIC,,2026-09-18
2026-03-23,Borçlanma Araçları,277.1776194502,SYNTHETIC,,2026-09-18
2026-03-24,Borçlanma Araçları,278.2526802830,SYNTHETIC,,2026-09-18
2026-03-25,Borçlanma Araçları,277.9748912317,SYNTHETIC,,2026-09-18
2026-03-26,Borçlanma Araçları,277.9174291506,SYNTHETIC,,2026-09-18
2026-03-27,Borçlanma Araçları,277.5021456493,SYNTHETIC,,2026-09-18
2026-03-30,Borçlanma Araçları,278.4758511766,SYNTHETIC,,2026-09-18
2026-03-31,Borçlanma Araçları,276.4971173344,SYNTHETIC,,2026-09-18
2026-04-01,Borçlanma Araçları,277.6245349358,SYNTHETIC,,2026-09-18
2026-04-02,Borçlanma Araçları,277.6867615996,SYNTHETIC,,2026-09-18
2026-04-03,Borçlanma Araçları,276.2095551028,SYNTHETIC,,2026-09-18
2026-04-06,Borçlanma Araçları,276.7294130954,SYNTHETIC,,2026-09-18
2026-04-07,Borçlanma Araçları,276.3740591084,SYNTHETIC,,2026-09-18
2026-04-08,Borçlanma Araçları,275.5536372299,SYNTHETIC,,2026-09-18
2026-04-09,Borçlanma Araçları,275.0618302710,SYNTHETIC,,2026-09-18
2026-04-10,Borçlanma Araçları,275.5914148759,SYNTHETIC,,2026-09-18
2026-04-13,Borçlanma Araçları,273.3210526481,SYNTHETIC,,2026-09-18
2026-04-14,Borçlanma Araçları,273.5090847795,SYNTHETIC,,2026-09-18
2026-04-15,Borçlanma Araçları,272.8508688403,SYNTHETIC,,2026-09-18
2026-04-16,Borçlanma Araçları,275.4804449479,SYNTHETIC,,2026-09-18
2026-04-17,Borçlanma Araçları,276.9436951518,SYNTHETIC,,2026-09-18
2026-04-20,Borçlanma Araçları,278.8073537960,SYNTHETIC,,2026-09-18
2026-04-21,Borçlanma Araçları,279.7094966404,SYNTHETIC,,2026-09-18
2026-04-22,Borçlanma Araçları,280.6069485651,SYNTHETIC,,2026-09-18
2026-04-23,Borçlanma Araçları,282.3308405574,SYNTHETIC,,2026-09-18
2026-04-24,Borçlanma Araçları,284.4949718052,SYNTHETIC,,2026-09-18
2026-04-27,Borçlanma Araçları,283.3697091624,SYNTHETIC,,2026-09-18
2026-04-28,Borçlanma Araçları,284.5645849341,SYNTHETIC,,2026-09-18
2026-04-29,Borçlanma Araçları,284.5148160572,SYNTHETIC,,2026-09-18
2026-04-30,Borçlanma Araçları,284.8810764606,SYNTHETIC,,2026-09-18
2026-05-01,Borçlanma Araçları,289.0645099859,SYNTHETIC,,2026-09-18
2026-05-04,Borçlanma Araçları,288.6756963732,SYNTHETIC,,2026-09-18
2026-05-05,Borçlanma Araçları,290.0229680269,SYNTHETIC,,2026-09-18
2026-05-06,Borçlanma Araçları,289.0116707280,SYNTHETIC,,2026-09-18
2026-05-07,Borçlanma Araçları,288.9325503421,SYNTHETIC,,2026-09-18
2026-05-08,Borçlanma Araçları,288.5636966364,SYNTHETIC,,2026-09-18
2026-05-11,Borçlanma Araçları,289.4023914408,SYNTHETIC,,2026-09-18
2026-05-12,Borçlanma Araçları,288.2526494714,SYNTHETIC,,2026-09-18
2026-05-13,Borçlanma Araçları,289.2989496114,SYNTHETIC,,2026-09-18
2026-05-14,Borçlanma Araçları,289.1715654479,SYNTHETIC,,2026-09-18
2026-05-15,Borçlanma Araçları,289.9633946171,SYNTHETIC,,2026-09-18
2026-05-18,Borçlanma Araçları,290.3462750303,SYNTHETIC,,2026-09-18
2026-05-19,Borçlanma Araçları,291.5659905611,SYNTHETIC,,2026-09-18
2026-05-20,Borçlanma Araçları,291.7932920100,SYNTHETIC,,2026-09-18
2026-05-21,Borçlanma Araçları,290.2049241475,SYNTHETIC,,2026-09-18
2026-05-22,Borçlanma Araçları,290.2132081521,SYNTHETIC,,2026-09-18
2026-05-25,Borçlanma Araçları,290.6141577051,SYNTHETIC,,2026-09-18
2026-05-26,Borçlanma Araçları,289.9296104063,SYNTHETIC,,2026-09-18
2026-05-27,Borçlanma Araçları,290.1668505278,SYNTHETIC,,2026-09-18
2026-05-28,Borçlanma Araçları,290.7707164865,SYNTHETIC,,2026-09-18
2026-05-29,Borçlanma Araçları,291.0198243810,SYNTHETIC,,2026-09-18
2026-06-01,Borçlanma Araçları,291.0527464569,SYNTHETIC,,2026-09-18
2026-06-02,Borçlanma Araçları,290.3352106811,SYNTHETIC,,2026-09-18
2026-06-03,Borçlanma Araçları,291.8599516968,SYNTHETIC,,2026-09-18
2026-06-04,Borçlanma Araçları,294.2674945856,SYNTHETIC,,2026-09-18
2026-06-05,Borçlanma Araçları,295.9314835878,SYNTHETIC,,2026-09-18
2026-06-08,Borçlanma Araçları,293.8750803913,SYNTHETIC,,2026-09-18
2026-06-09,Borçlanma Araçları,293.2210721644,SYNTHETIC,,2026-09-18
2026-06-10,Borçlanma Araçları,291.8091590092,SYNTHETIC,,2026-09-18
2026-06-11,Borçlanma Araçları,291.4055004627,SYNTHETIC,,2026-09-18
2026-06-12,Borçlanma Araçları,290.7026547440,SYNTHETIC,,2026-09-18
2026-06-15,Borçlanma Araçları,292.1452350316,SYNTHETIC,,2026-09-18
2026-06-16,Borçlanma Araçları,290.8166882308,SYNTHETIC,,2026-09-18
2026-06-17,Borçlanma Araçları,291.4975431573,SYNTHETIC,,2026-09-18
2026-06-18,Borçlanma Araçları,292.2237121278,SYNTHETIC,,2026-09-18
2026-06-19,Borçlanma Araçları,291.6596318243,SYNTHETIC,,2026-09-18
2026-06-22,Borçlanma Araçları,292.7612560519,SYNTHETIC,,2026-09-18
2026-06-23,Borçlanma Araçları,293.7240512513,SYNTHETIC,,2026-09-18
2026-06-24,Borçlanma Araçları,294.4211636014,SYNTHETIC,,2026-09-18
2026-06-25,Borçlanma Araçları,296.1163464626,SYNTHETIC,,2026-09-18
2026-06-26,Borçlanma Araçları,296.1282874238,SYNTHETIC,,2026-09-18
2026-06-29,Borçlanma Araçları,295.3283219214,SYNTHETIC,,2026-09-18
2026-06-30,Borçlanma Araçları,296.2247185974,SYNTHETIC,,2026-09-18
2026-07-01,Borçlanma Araçları,298.3086913972,SYNTHETIC,,2026-09-18
2026-07-02,Borçlanma Araçları,300.6494959276,SYNTHETIC,,2026-09-18
2026-07-03,Borçlanma Araçları,300.2358970372,SYNTHETIC,,2026-09-18
2026-07-06,Borçlanma Araçları,300.0406103878,SYNTHETIC,,2026-09-18
2026-07-07,Borçlanma Araçları,299.1598081663,SYNTHETIC,,2026-09-18
2026-07-08,Borçlanma Araçları,299.5779847347,SYNTHETIC,,2026-09-18
2026-07-09,Borçlanma Araçları,299.2719060548,SYNTHETIC,,2026-09-18
2026-07-10,Borçlanma Araçları,297.3337526791,SYNTHETIC,,2026-09-18
2026-07-13,Borçlanma Araçları,295.7008471831,SYNTHETIC,,2026-09-18
2026-07-14,Borçlanma Araçları,295.1080245228,SYNTHETIC,,2026-09-18
2026-07-15,Borçlanma Araçları,295.5888705398,SYNTHETIC,,2026-09-18
2026-07-16,Borçlanma Araçları,295.2531520879,SYNTHETIC,,2026-09-18
2026-07-17,Borçlanma Araçları,297.3285801858,SYNTHETIC,,2026-09-18
2026-07-20,Borçlanma Araçları,297.0562345215,SYNTHETIC,,2026-09-18
2026-07-21,Borçlanma Araçları,295.9312771751,SYNTHETIC,,2026-09-18
2026-07-22,Borçlanma Araçları,296.5087615480,SYNTHETIC,,2026-09-18
2026-07-23,Borçlanma Araçları,296.2208067230,SYNTHETIC,,2026-09-18
2026-07-24,Borçlanma Araçları,297.7035243835,SYNTHETIC,,2026-09-18
2026-07-27,Borçlanma Araçları,295.8356138376,SYNTHETIC,,2026-09-18
2026-07-28,Borçlanma Araçları,296.4687022915,SYNTHETIC,,2026-09-18
2026-07-29,Borçlanma Araçları,297.0059142112,SYNTHETIC,,2026-09-18
2026-07-30,Borçlanma Araçları,294.0995376163,SYNTHETIC,,2026-09-18
2026-07-31,Borçlanma Araçları,296.7376663822,SYNTHETIC,,2026-09-18
2026-08-03,Borçlanma Araçları,297.0936920879,SYNTHETIC,,2026-09-18
2026-08-04,Borçlanma Araçları,295.4107155033,SYNTHETIC,,2026-09-18
2026-08-05,Borçlanma Araçları,297.1241441273,SYNTHETIC,,2026-09-18
2026-08-06,Borçlanma Araçları,296.7549043009,SYNTHETIC,,2026-09-18
2026-08-07,Borçlanma Araçları,297.6135035030,SYNTHETIC,,2026-09-18
2026-08-10,Borçlanma Araçları,297.3369336721,SYNTHETIC,,2026-09-18
2026-08-11,Borçlanma Araçları,298.4540127173,SYNTHETIC,,2026-09-18
2026-08-12,Borçlanma Araçları,299.9728753115,SYNTHETIC,,2026-09-18
2026-08-13,Borçlanma Araçları,298.7192635270,SYNTHETIC,,2026-09-18
2026-08-14,Borçlanma Araçları,297.3432849550,SYNTHETIC,,2026-09-18
2026-08-17,Borçlanma Araçları,296.7754706576,SYNTHETIC,,2026-09-18
2026-08-18,Borçlanma Araçları,298.0498280036,SYNTHETIC,,2026-09-18
2026-08-19,Borçlanma Araçları,299.1033224084,SYNTHETIC,,2026-09-18
2026-08-20,Borçlanma Araçları,299.1956095071,SYNTHETIC,,2026-09-18
2026-08-21,Borçlanma Araçları,296.7301786108,SYNTHETIC,,2026-09-18
2026-08-24,Borçlanma Araçları,297.6494227549,SYNTHETIC,,2026-09-18
2026-08-25,Borçlanma Araçları,298.9256844802,SYNTHETIC,,2026-09-18
2026-08-26,Borçlanma Araçları,300.3333484879,SYNTHETIC,,2026-09-18
2026-08-27,Borçlanma Araçları,301.1933019875,SYNTHETIC,,2026-09-18
2026-08-28,Borçlanma Araçları,301.2768342561,SYNTHETIC,,2026-09-18
2026-08-31,Borçlanma Araçları,300.8359119192,SYNTHETIC,,2026-09-18
2026-09-01,Borçlanma Araçları,299.5939497921,SYNTHETIC,,2026-09-18
2026-09-02,Borçlanma Araçları,299.6693319347,SYNTHETIC,,2026-09-18
2026-09-03,Borçlanma Araçları,297.3884733442,SYNTHETIC,,2026-09-18
2026-09-04,Borçlanma Araçları,299.5748011471,SYNTHETIC,,2026-09-18
2026-09-07,Borçlanma Araçları,299.4391980460,SYNTHETIC,,2026-09-18
2026-09-08,Borçlanma Araçları,299.6438605733,SYNTHETIC,,2026-09-18
2026-09-09,Borçlanma Araçları,298.2171599622,SYNTHETIC,,2026-09-18
2026-09-10,Borçlanma Araçları,299.3766066846,SYNTHETIC,,2026-09-18
2026-09-11,Borçlanma Araçları,298.9037462206,SYNTHETIC,,2026-09-18
2026-09-14,Borçlanma Araçları,297.7168754312,SYNTHETIC,,2026-09-18
2026-09-15,Borçlanma Araçları,297.5123434009,SYNTHETIC,,2026-09-18
2026-09-16,Borçlanma Araçları,297.2029080722,SYNTHETIC,,2026-09-18
2026-09-17,Borçlanma Araçları,297.2679497539,SYNTHETIC,,2026-09-18
2026-09-18,Borçlanma Araçları,297.8321952812,SYNTHETIC,,2026-09-18
2022-01-03,Altın,100.0000000000,SYNTHETIC,,2026-09-18
2022-01-04,Altın,100.0081822888,SYNTHETIC,,2026-09-18
2022-01-05,Altın,98.6695065458,SYNTHETIC,,2026-09-18
2022-01-06,Altın,98.9241700292,SYNTHETIC,,2026-09-18
2022-01-07,Altın,100.7197564782,SYNTHETIC,,2026-09-18
2022-01-10,Altın,101.7573365523,SYNTHETIC,,2026-09-18
2022-01-11,Altın,101.5209392921,SYNTHETIC,,2026-09-18
2022-01-12,Altın,100.4081949354,SYNTHETIC,,2026-09-18
2022-01-13,Altın,103.3536606344,SYNTHETIC,,2026-09-18
2022-01-14,Altın,104.6396630691,SYNTHETIC,,2026-09-18
2022-01-17,Altın,106.2744777923,SYNTHETIC,,2026-09-18
2022-01-18,Altın,105.8159633266,SYNTHETIC,,2026-09-18
2022-01-19,Altın,106.4011421375,SYNTHETIC,,2026-09-18
2022-01-20,Altın,106.0888940690,SYNTHETIC,,2026-09-18
2022-01-21,Altın,103.4353862932,SYNTHETIC,,2026-09-18
2022-01-24,Altın,106.0255283928,SYNTHETIC,,2026-09-18
2022-01-25,Altın,105.8795056044,SYNTHETIC,,2026-09-18
2022-01-26,Altın,103.5627543071,SYNTHETIC,,2026-09-18
2022-01-27,Altın,102.3977242235,SYNTHETIC,,2026-09-18
2022-01-28,Altın,100.5051841883,SYNTHETIC,,2026-09-18
2022-01-31,Altın,106.4050993796,SYNTHETIC,,2026-09-18
2022-02-01,Altın,106.9509754080,SYNTHETIC,,2026-09-18
2022-02-02,Altın,106.5254186376,SYNTHETIC,,2026-09-18
2022-02-03,Altın,107.4917850564,SYNTHETIC,,2026-09-18
2022-02-04,Altın,107.9466189458,SYNTHETIC,,2026-09-18
2022-02-07,Altın,107.8519704223,SYNTHETIC,,2026-09-18
2022-02-08,Altın,109.3537437542,SYNTHETIC,,2026-09-18
2022-02-09,Altın,106.7258935558,SYNTHETIC,,2026-09-18
2022-02-10,Altın,106.5567179620,SYNTHETIC,,2026-09-18
2022-02-11,Altın,107.9976733846,SYNTHETIC,,2026-09-18
2022-02-14,Altın,106.9126730298,SYNTHETIC,,2026-09-18
2022-02-15,Altın,105.7137805740,SYNTHETIC,,2026-09-18
2022-02-16,Altın,108.5816975005,SYNTHETIC,,2026-09-18
2022-02-17,Altın,110.4311074324,SYNTHETIC,,2026-09-18
2022-02-18,Altın,110.5238206442,SYNTHETIC,,2026-09-18
2022-02-21,Altın,113.0295555450,SYNTHETIC,,2026-09-18
2022-02-22,Altın,113.8592750316,SYNTHETIC,,2026-09-18
2022-02-23,Altın,113.1612499352,SYNTHETIC,,2026-09-18
2022-02-24,Altın,114.8793980411,SYNTHETIC,,2026-09-18
2022-02-25,Altın,113.7108319567,SYNTHETIC,,2026-09-18
2022-02-28,Altın,115.1571176419,SYNTHETIC,,2026-09-18
2022-03-01,Altın,118.0413901390,SYNTHETIC,,2026-09-18
2022-03-02,Altın,118.1269070612,SYNTHETIC,,2026-09-18
2022-03-03,Altın,119.5634250165,SYNTHETIC,,2026-09-18
2022-03-04,Altın,120.7242624919,SYNTHETIC,,2026-09-18
2022-03-07,Altın,121.7113360251,SYNTHETIC,,2026-09-18
2022-03-08,Altın,119.2805272996,SYNTHETIC,,2026-09-18
2022-03-09,Altın,121.1097109898,SYNTHETIC,,2026-09-18
2022-03-10,Altın,122.3575561592,SYNTHETIC,,2026-09-18
2022-03-11,Altın,124.5366640950,SYNTHETIC,,2026-09-18
2022-03-14,Altın,123.3502397633,SYNTHETIC,,2026-09-18
2022-03-15,Altın,121.6652629376,SYNTHETIC,,2026-09-18
2022-03-16,Altın,120.5267875425,SYNTHETIC,,2026-09-18
2022-03-17,Altın,119.4622108801,SYNTHETIC,,2026-09-18
2022-03-18,Altın,119.0555896637,SYNTHETIC,,2026-09-18
2022-03-21,Altın,119.5201191106,SYNTHETIC,,2026-09-18
2022-03-22,Altın,118.1045879138,SYNTHETIC,,2026-09-18
2022-03-23,Altın,119.7154243081,SYNTHETIC,,2026-09-18
2022-03-24,Altın,121.8717013524,SYNTHETIC,,2026-09-18
2022-03-25,Altın,123.0264348096,SYNTHETIC,,2026-09-18
2022-03-28,Altın,124.4927815756,SYNTHETIC,,2026-09-18
2022-03-29,Altın,124.6210610279,SYNTHETIC,,2026-09-18
2022-03-30,Altın,128.4123951900,SYNTHETIC,,2026-09-18
2022-03-31,Altın,127.9323878555,SYNTHETIC,,2026-09-18
2022-04-01,Altın,128.7675253107,SYNTHETIC,,2026-09-18
2022-04-04,Altın,127.1329591013,SYNTHETIC,,2026-09-18
2022-04-05,Altın,124.9226775932,SYNTHETIC,,2026-09-18
2022-04-06,Altın,124.2357646555,SYNTHETIC,,2026-09-18
2022-04-07,Altın,124.9832994445,SYNTHETIC,,2026-09-18
2022-04-08,Altın,125.1629089316,SYNTHETIC,,2026-09-18
2022-04-11,Altın,128.1392735968,SYNTHETIC,,2026-09-18
2022-04-12,Altın,127.1290811870,SYNTHETIC,,2026-09-18
2022-04-13,Altın,127.5777303886,SYNTHETIC,,2026-09-18
2022-04-14,Altın,125.5561952079,SYNTHETIC,,2026-09-18
2022-04-15,Altın,125.1550870742,SYNTHETIC,,2026-09-18
2022-04-18,Altın,123.7369968744,SYNTHETIC,,2026-09-18
2022-04-19,Altın,121.7418340932,SYNTHETIC,,2026-09-18
2022-04-20,Altın,122.7010139317,SYNTHETIC,,2026-09-18
2022-04-21,Altın,123.4772210657,SYNTHETIC,,2026-09-18
2022-04-22,Altın,123.3567034627,SYNTHETIC,,2026-09-18
2022-04-25,Altın,124.4672810819,SYNTHETIC,,2026-09-18
2022-04-26,Altın,123.8327136958,SYNTHETIC,,2026-09-18
2022-04-27,Altın,122.0600413226,SYNTHETIC,,2026-09-18
2022-04-28,Altın,123.7738508256,SYNTHETIC,,2026-09-18
2022-04-29,Altın,124.2119961447,SYNTHETIC,,2026-09-18
2022-05-02,Altın,125.5667611808,SYNTHETIC,,2026-09-18
2022-05-03,Altın,124.7176886306,SYNTHETIC,,2026-09-18
2022-05-04,Altın,126.9212001571,SYNTHETIC,,2026-09-18
2022-05-05,Altın,127.2348642106,SYNTHETIC,,2026-09-18
2022-05-06,Altın,126.1995818855,SYNTHETIC,,2026-09-18
2022-05-09,Altın,127.2798143674,SYNTHETIC,,2026-09-18
2022-05-10,Altın,128.8404611059,SYNTHETIC,,2026-09-18
2022-05-11,Altın,127.3529775026,SYNTHETIC,,2026-09-18
2022-05-12,Altın,128.2364638079,SYNTHETIC,,2026-09-18
2022-05-13,Altın,124.7172224677,SYNTHETIC,,2026-09-18
2022-05-16,Altın,123.4793321694,SYNTHETIC,,2026-09-18
2022-05-17,Altın,126.7231329654,SYNTHETIC,,2026-09-18
2022-05-18,Altın,124.9813714760,SYNTHETIC,,2026-09-18
2022-05-19,Altın,124.9244808108,SYNTHETIC,,2026-09-18
2022-05-20,Altın,125.9057386086,SYNTHETIC,,2026-09-18
2022-05-23,Altın,128.4338444686,SYNTHETIC,,2026-09-18
2022-05-24,Altın,130.3859296845,SYNTHETIC,,2026-09-18
2022-05-25,Altın,132.6475316486,SYNTHETIC,,2026-09-18
2022-05-26,Altın,137.0123969158,SYNTHETIC,,2026-09-18
2022-05-27,Altın,137.1313077765,SYNTHETIC,,2026-09-18
2022-05-30,Altın,135.9075008411,SYNTHETIC,,2026-09-18
2022-05-31,Altın,139.3065304859,SYNTHETIC,,2026-09-18
2022-06-01,Altın,141.5546611135,SYNTHETIC,,2026-09-18
2022-06-02,Altın,142.8184034911,SYNTHETIC,,2026-09-18
2022-06-03,Altın,142.1998425692,SYNTHETIC,,2026-09-18
2022-06-06,Altın,142.7895699493,SYNTHETIC,,2026-09-18
2022-06-07,Altın,141.6467363268,SYNTHETIC,,2026-09-18
2022-06-08,Altın,141.5525959560,SYNTHETIC,,2026-09-18
2022-06-09,Altın,142.9164118332,SYNTHETIC,,2026-09-18
2022-06-10,Altın,145.6789697593,SYNTHETIC,,2026-09-18
2022-06-13,Altın,146.6562961872,SYNTHETIC,,2026-09-18
2022-06-14,Altın,144.9873171438,SYNTHETIC,,2026-09-18
2022-06-15,Altın,146.7815514765,SYNTHETIC,,2026-09-18
2022-06-16,Altın,143.5443105578,SYNTHETIC,,2026-09-18
2022-06-17,Altın,142.5514512853,SYNTHETIC,,2026-09-18
2022-06-20,Altın,146.3969594515,SYNTHETIC,,2026-09-18
2022-06-21,Altın,143.6659647547,SYNTHETIC,,2026-09-18
2022-06-22,Altın,147.7458734864,SYNTHETIC,,2026-09-18
2022-06-23,Altın,150.0354107484,SYNTHETIC,,2026-09-18
2022-06-24,Altın,147.6111577339,SYNTHETIC,,2026-09-18
2022-06-27,Altın,152.4603171183,SYNTHETIC,,2026-09-18
2022-06-28,Altın,151.3412682435,SYNTHETIC,,2026-09-18
2022-06-29,Altın,152.2061461181,SYNTHETIC,,2026-09-18
2022-06-30,Altın,150.6788103031,SYNTHETIC,,2026-09-18
2022-07-01,Altın,150.8423466873,SYNTHETIC,,2026-09-18
2022-07-04,Altın,147.6263310204,SYNTHETIC,,2026-09-18
2022-07-05,Altın,143.8977608219,SYNTHETIC,,2026-09-18
2022-07-06,Altın,140.6701758329,SYNTHETIC,,2026-09-18
2022-07-07,Altın,142.0451283464,SYNTHETIC,,2026-09-18
2022-07-08,Altın,141.1732334872,SYNTHETIC,,2026-09-18
2022-07-11,Altın,141.9277092211,SYNTHETIC,,2026-09-18
2022-07-12,Altın,142.3150458222,SYNTHETIC,,2026-09-18
2022-07-13,Altın,142.9968022945,SYNTHETIC,,2026-09-18
2022-07-14,Altın,144.4680878170,SYNTHETIC,,2026-09-18
2022-07-15,Altın,144.5693938365,SYNTHETIC,,2026-09-18
2022-07-18,Altın,146.9655188036,SYNTHETIC,,2026-09-18
2022-07-19,Altın,143.2307720334,SYNTHETIC,,2026-09-18
2022-07-20,Altın,142.7480318990,SYNTHETIC,,2026-09-18
2022-07-21,Altın,141.1328542558,SYNTHETIC,,2026-09-18
2022-07-22,Altın,140.7878626915,SYNTHETIC,,2026-09-18
2022-07-25,Altın,140.7263589075,SYNTHETIC,,2026-09-18
2022-07-26,Altın,138.8359596126,SYNTHETIC,,2026-09-18
2022-07-27,Altın,139.8337530915,SYNTHETIC,,2026-09-18
2022-07-28,Altın,140.5974665802,SYNTHETIC,,2026-09-18
2022-07-29,Altın,141.3513163281,SYNTHETIC,,2026-09-18
2022-08-01,Altın,141.4447159663,SYNTHETIC,,2026-09-18
2022-08-02,Altın,142.5999714012,SYNTHETIC,,2026-09-18
2022-08-03,Altın,142.9398947385,SYNTHETIC,,2026-09-18
2022-08-04,Altın,140.7743866441,SYNTHETIC,,2026-09-18
2022-08-05,Altın,142.4687050528,SYNTHETIC,,2026-09-18
2022-08-08,Altın,143.2619317509,SYNTHETIC,,2026-09-18
2022-08-09,Altın,140.3499273652,SYNTHETIC,,2026-09-18
2022-08-10,Altın,143.0208931669,SYNTHETIC,,2026-09-18
2022-08-11,Altın,142.8195295373,SYNTHETIC,,2026-09-18
2022-08-12,Altın,138.8785978697,SYNTHETIC,,2026-09-18
2022-08-15,Altın,140.5428684375,SYNTHETIC,,2026-09-18
2022-08-16,Altın,141.7305314597,SYNTHETIC,,2026-09-18
2022-08-17,Altın,143.3145840867,SYNTHETIC,,2026-09-18
2022-08-18,Altın,140.4901402152,SYNTHETIC,,2026-09-18
2022-08-19,Altın,143.1246584314,SYNTHETIC,,2026-09-18
2022-08-22,Altın,142.9158198775,SYNTHETIC,,2026-09-18
2022-08-23,Altın,144.6260462405,SYNTHETIC,,2026-09-18
2022-08-24,Altın,147.0304078230,SYNTHETIC,,2026-09-18
2022-08-25,Altın,143.4700588581,SYNTHETIC,,2026-09-18
2022-08-26,Altın,142.9465207843,SYNTHETIC,,2026-09-18
2022-08-29,Altın,143.6588015973,SYNTHETIC,,2026-09-18
2022-08-30,Altın,144.5788203479,SYNTHETIC,,2026-09-18
2022-08-31,Altın,147.3887258531,SYNTHETIC,,2026-09-18
2022-09-01,Altın,146.7861861568,SYNTHETIC,,2026-09-18
2022-09-02,Altın,147.6100896700,SYNTHETIC,,2026-09-18
2022-09-05,Altın,151.9792776261,SYNTHETIC,,2026-09-18
2022-09-06,Altın,152.6780318690,SYNTHETIC,,2026-09-18
2022-09-07,Altın,156.2041256851,SYNTHETIC,,2026-09-18
2022-09-08,Altın,155.3061894548,SYNTHETIC,,2026-09-18
2022-09-09,Altın,158.5256060162,SYNTHETIC,,2026-09-18
2022-09-12,Altın,155.1635268735,SYNTHETIC,,2026-09-18
2022-09-13,Altın,153.5847550950,SYNTHETIC,,2026-09-18
2022-09-14,Altın,157.1627787500,SYNTHETIC,,2026-09-18
2022-09-15,Altın,161.2923659799,SYNTHETIC,,2026-09-18
2022-09-16,Altın,159.4822912877,SYNTHETIC,,2026-09-18
2022-09-19,Altın,162.4816700748,SYNTHETIC,,2026-09-18
2022-09-20,Altın,164.8258964321,SYNTHETIC,,2026-09-18
2022-09-21,Altın,168.8188266073,SYNTHETIC,,2026-09-18
2022-09-22,Altın,170.8298653967,SYNTHETIC,,2026-09-18
2022-09-23,Altın,171.4603109287,SYNTHETIC,,2026-09-18
2022-09-26,Altın,173.0987880393,SYNTHETIC,,2026-09-18
2022-09-27,Altın,170.7311805098,SYNTHETIC,,2026-09-18
2022-09-28,Altın,168.1944823381,SYNTHETIC,,2026-09-18
2022-09-29,Altın,167.4755245739,SYNTHETIC,,2026-09-18
2022-09-30,Altın,165.7467339777,SYNTHETIC,,2026-09-18
2022-10-03,Altın,166.6321918707,SYNTHETIC,,2026-09-18
2022-10-04,Altın,169.6332055885,SYNTHETIC,,2026-09-18
2022-10-05,Altın,168.6742905917,SYNTHETIC,,2026-09-18
2022-10-06,Altın,166.9782405840,SYNTHETIC,,2026-09-18
2022-10-07,Altın,161.3214414191,SYNTHETIC,,2026-09-18
2022-10-10,Altın,161.2226773806,SYNTHETIC,,2026-09-18
2022-10-11,Altın,158.8896048318,SYNTHETIC,,2026-09-18
2022-10-12,Altın,158.1229996256,SYNTHETIC,,2026-09-18
2022-10-13,Altın,162.4991794690,SYNTHETIC,,2026-09-18
2022-10-14,Altın,159.4970717820,SYNTHETIC,,2026-09-18
2022-10-17,Altın,161.4043747216,SYNTHETIC,,2026-09-18
2022-10-18,Altın,160.6962707562,SYNTHETIC,,2026-09-18
2022-10-19,Altın,162.1193667598,SYNTHETIC,,2026-09-18
2022-10-20,Altın,161.1275151739,SYNTHETIC,,2026-09-18
2022-10-21,Altın,162.6010279751,SYNTHETIC,,2026-09-18
2022-10-24,Altın,161.6761690669,SYNTHETIC,,2026-09-18
2022-10-25,Altın,162.3430840375,SYNTHETIC,,2026-09-18
2022-10-26,Altın,158.3083301170,SYNTHETIC,,2026-09-18
2022-10-27,Altın,160.0647946572,SYNTHETIC,,2026-09-18
2022-10-28,Altın,160.0893397267,SYNTHETIC,,2026-09-18
2022-10-31,Altın,159.7414763995,SYNTHETIC,,2026-09-18
2022-11-01,Altın,162.3249835152,SYNTHETIC,,2026-09-18
2022-11-02,Altın,163.5033715467,SYNTHETIC,,2026-09-18
2022-11-03,Altın,160.4646226801,SYNTHETIC,,2026-09-18
2022-11-04,Altın,159.6510845702,SYNTHETIC,,2026-09-18
2022-11-07,Altın,156.8341465067,SYNTHETIC,,2026-09-18
2022-11-08,Altın,159.1567049402,SYNTHETIC,,2026-09-18
2022-11-09,Altın,163.1133115828,SYNTHETIC,,2026-09-18
2022-11-10,Altın,166.9520884244,SYNTHETIC,,2026-09-18
2022-11-11,Altın,164.9778568865,SYNTHETIC,,2026-09-18
2022-11-14,Altın,163.4878388672,SYNTHETIC,,2026-09-18
2022-11-15,Altın,165.5941893459,SYNTHETIC,,2026-09-18
2022-11-16,Altın,168.3944768210,SYNTHETIC,,2026-09-18
2022-11-17,Altın,167.0755952200,SYNTHETIC,,2026-09-18
2022-11-18,Altın,163.6387155986,SYNTHETIC,,2026-09-18
2022-11-21,Altın,160.9302970867,SYNTHETIC,,2026-09-18
2022-11-22,Altın,160.9398050112,SYNTHETIC,,2026-09-18
2022-11-23,Altın,159.8671561920,SYNTHETIC,,2026-09-18
2022-11-24,Altın,160.3716752994,SYNTHETIC,,2026-09-18
2022-11-25,Altın,158.2305488323,SYNTHETIC,,2026-09-18
2022-11-28,Altın,157.4908145920,SYNTHETIC,,2026-09-18
2022-11-29,Altın,159.1623362656,SYNTHETIC,,2026-09-18
2022-11-30,Altın,158.3399325039,SYNTHETIC,,2026-09-18
2022-12-01,Altın,158.6870817360,SYNTHETIC,,2026-09-18
2022-12-02,Altın,158.3255299386,SYNTHETIC,,2026-09-18
2022-12-05,Altın,159.8195706203,SYNTHETIC,,2026-09-18
2022-12-06,Altın,157.8266903844,SYNTHETIC,,2026-09-18
2022-12-07,Altın,159.8002368560,SYNTHETIC,,2026-09-18
2022-12-08,Altın,156.8702347868,SYNTHETIC,,2026-09-18
2022-12-09,Altın,156.3989629815,SYNTHETIC,,2026-09-18
2022-12-12,Altın,155.8633259443,SYNTHETIC,,2026-09-18
2022-12-13,Altın,156.3299877584,SYNTHETIC,,2026-09-18
2022-12-14,Altın,156.4622366781,SYNTHETIC,,2026-09-18
2022-12-15,Altın,151.3236173264,SYNTHETIC,,2026-09-18
2022-12-16,Altın,151.3115720686,SYNTHETIC,,2026-09-18
2022-12-19,Altın,149.9267138841,SYNTHETIC,,2026-09-18
2022-12-20,Altın,153.7541092236,SYNTHETIC,,2026-09-18
2022-12-21,Altın,156.5334314809,SYNTHETIC,,2026-09-18
2022-12-22,Altın,155.7562429402,SYNTHETIC,,2026-09-18
2022-12-23,Altın,157.7366036097,SYNTHETIC,,2026-09-18
2022-12-26,Altın,158.0604898198,SYNTHETIC,,2026-09-18
2022-12-27,Altın,156.8909813290,SYNTHETIC,,2026-09-18
2022-12-28,Altın,154.9443874041,SYNTHETIC,,2026-09-18
2022-12-29,Altın,156.8883048950,SYNTHETIC,,2026-09-18
2022-12-30,Altın,155.8885496568,SYNTHETIC,,2026-09-18
2023-01-02,Altın,152.8166919172,SYNTHETIC,,2026-09-18
2023-01-03,Altın,153.5699229199,SYNTHETIC,,2026-09-18
2023-01-04,Altın,155.4389535264,SYNTHETIC,,2026-09-18
2023-01-05,Altın,153.0286462259,SYNTHETIC,,2026-09-18
2023-01-06,Altın,153.6636504231,SYNTHETIC,,2026-09-18
2023-01-09,Altın,154.5138159713,SYNTHETIC,,2026-09-18
2023-01-10,Altın,156.0003280070,SYNTHETIC,,2026-09-18
2023-01-11,Altın,155.7943107775,SYNTHETIC,,2026-09-18
2023-01-12,Altın,155.4301368889,SYNTHETIC,,2026-09-18
2023-01-13,Altın,152.4422787379,SYNTHETIC,,2026-09-18
2023-01-16,Altın,154.7767057610,SYNTHETIC,,2026-09-18
2023-01-17,Altın,156.2763122838,SYNTHETIC,,2026-09-18
2023-01-18,Altın,157.8989420613,SYNTHETIC,,2026-09-18
2023-01-19,Altın,158.0881779587,SYNTHETIC,,2026-09-18
2023-01-20,Altın,160.7670599223,SYNTHETIC,,2026-09-18
2023-01-23,Altın,160.6837297802,SYNTHETIC,,2026-09-18
2023-01-24,Altın,159.6907101718,SYNTHETIC,,2026-09-18
2023-01-25,Altın,163.9632809918,SYNTHETIC,,2026-09-18
2023-01-26,Altın,163.3876459734,SYNTHETIC,,2026-09-18
2023-01-27,Altın,162.2140106887,SYNTHETIC,,2026-09-18
2023-01-30,Altın,161.8980317843,SYNTHETIC,,2026-09-18
2023-01-31,Altın,161.0145414969,SYNTHETIC,,2026-09-18
2023-02-01,Altın,159.9011284804,SYNTHETIC,,2026-09-18
2023-02-02,Altın,157.6316365812,SYNTHETIC,,2026-09-18
2023-02-03,Altın,155.6537250968,SYNTHETIC,,2026-09-18
2023-02-06,Altın,158.1182365599,SYNTHETIC,,2026-09-18
2023-02-07,Altın,160.9745199643,SYNTHETIC,,2026-09-18
2023-02-08,Altın,162.2133228705,SYNTHETIC,,2026-09-18
2023-02-09,Altın,163.9166679141,SYNTHETIC,,2026-09-18
2023-02-10,Altın,164.8418185960,SYNTHETIC,,2026-09-18
2023-02-13,Altın,162.3755723109,SYNTHETIC,,2026-09-18
2023-02-14,Altın,159.2361236705,SYNTHETIC,,2026-09-18
2023-02-15,Altın,158.9781908959,SYNTHETIC,,2026-09-18
2023-02-16,Altın,159.7022173454,SYNTHETIC,,2026-09-18
2023-02-17,Altın,161.5434535647,SYNTHETIC,,2026-09-18
2023-02-20,Altın,159.5450100418,SYNTHETIC,,2026-09-18
2023-02-21,Altın,156.5538389923,SYNTHETIC,,2026-09-18
2023-02-22,Altın,153.7696948540,SYNTHETIC,,2026-09-18
2023-02-23,Altın,152.5768861883,SYNTHETIC,,2026-09-18
2023-02-24,Altın,153.3379643692,SYNTHETIC,,2026-09-18
2023-02-27,Altın,152.8710800568,SYNTHETIC,,2026-09-18
2023-02-28,Altın,150.5520157020,SYNTHETIC,,2026-09-18
2023-03-01,Altın,146.3868047308,SYNTHETIC,,2026-09-18
2023-03-02,Altın,144.7599708479,SYNTHETIC,,2026-09-18
2023-03-03,Altın,147.0123944845,SYNTHETIC,,2026-09-18
2023-03-06,Altın,144.1970897111,SYNTHETIC,,2026-09-18
2023-03-07,Altın,145.0337869377,SYNTHETIC,,2026-09-18
2023-03-08,Altın,145.1801882881,SYNTHETIC,,2026-09-18
2023-03-09,Altın,140.0379707179,SYNTHETIC,,2026-09-18
2023-03-10,Altın,139.8904469015,SYNTHETIC,,2026-09-18
2023-03-13,Altın,137.9309752763,SYNTHETIC,,2026-09-18
2023-03-14,Altın,140.6029296437,SYNTHETIC,,2026-09-18
2023-03-15,Altın,143.7776056066,SYNTHETIC,,2026-09-18
2023-03-16,Altın,144.2965762561,SYNTHETIC,,2026-09-18
2023-03-17,Altın,148.4145119446,SYNTHETIC,,2026-09-18
2023-03-20,Altın,143.7358544578,SYNTHETIC,,2026-09-18
2023-03-21,Altın,143.5021909399,SYNTHETIC,,2026-09-18
2023-03-22,Altın,144.6154312770,SYNTHETIC,,2026-09-18
2023-03-23,Altın,145.5315090275,SYNTHETIC,,2026-09-18
2023-03-24,Altın,146.0690504013,SYNTHETIC,,2026-09-18
2023-03-27,Altın,146.7599651089,SYNTHETIC,,2026-09-18
2023-03-28,Altın,143.0426783213,SYNTHETIC,,2026-09-18
2023-03-29,Altın,142.8676449558,SYNTHETIC,,2026-09-18
2023-03-30,Altın,142.5329227016,SYNTHETIC,,2026-09-18
2023-03-31,Altın,142.0473323089,SYNTHETIC,,2026-09-18
2023-04-03,Altın,141.8085078976,SYNTHETIC,,2026-09-18
2023-04-04,Altın,140.4217641241,SYNTHETIC,,2026-09-18
2023-04-05,Altın,139.4328440646,SYNTHETIC,,2026-09-18
2023-04-06,Altın,137.4165399648,SYNTHETIC,,2026-09-18
2023-04-07,Altın,139.3515479647,SYNTHETIC,,2026-09-18
2023-04-10,Altın,138.4028317747,SYNTHETIC,,2026-09-18
2023-04-11,Altın,133.1526798920,SYNTHETIC,,2026-09-18
2023-04-12,Altın,133.8347317070,SYNTHETIC,,2026-09-18
2023-04-13,Altın,133.9005022365,SYNTHETIC,,2026-09-18
2023-04-14,Altın,135.9269036810,SYNTHETIC,,2026-09-18
2023-04-17,Altın,135.8601521983,SYNTHETIC,,2026-09-18
2023-04-18,Altın,135.9753056337,SYNTHETIC,,2026-09-18
2023-04-19,Altın,133.7061774251,SYNTHETIC,,2026-09-18
2023-04-20,Altın,135.0887773865,SYNTHETIC,,2026-09-18
2023-04-21,Altın,135.6960086529,SYNTHETIC,,2026-09-18
2023-04-24,Altın,136.9543731644,SYNTHETIC,,2026-09-18
2023-04-25,Altın,135.6915836245,SYNTHETIC,,2026-09-18
2023-04-26,Altın,136.2937539428,SYNTHETIC,,2026-09-18
2023-04-27,Altın,133.0892901420,SYNTHETIC,,2026-09-18
2023-04-28,Altın,135.5124988660,SYNTHETIC,,2026-09-18
2023-05-01,Altın,137.9137332692,SYNTHETIC,,2026-09-18
2023-05-02,Altın,137.3767061959,SYNTHETIC,,2026-09-18
2023-05-03,Altın,142.7353853617,SYNTHETIC,,2026-09-18
2023-05-04,Altın,143.4463285272,SYNTHETIC,,2026-09-18
2023-05-05,Altın,142.8938841924,SYNTHETIC,,2026-09-18
2023-05-08,Altın,146.1971997180,SYNTHETIC,,2026-09-18
2023-05-09,Altın,148.7564571977,SYNTHETIC,,2026-09-18
2023-05-10,Altın,148.1781955139,SYNTHETIC,,2026-09-18
2023-05-11,Altın,151.8433266687,SYNTHETIC,,2026-09-18
2023-05-12,Altın,150.7450137085,SYNTHETIC,,2026-09-18
2023-05-15,Altın,148.9246838808,SYNTHETIC,,2026-09-18
2023-05-16,Altın,154.5526940574,SYNTHETIC,,2026-09-18
2023-05-17,Altın,155.1810089536,SYNTHETIC,,2026-09-18
2023-05-18,Altın,159.5064973937,SYNTHETIC,,2026-09-18
2023-05-19,Altın,158.4609997191,SYNTHETIC,,2026-09-18
2023-05-22,Altın,160.8489897177,SYNTHETIC,,2026-09-18
2023-05-23,Altın,166.0405635747,SYNTHETIC,,2026-09-18
2023-05-24,Altın,170.5634139675,SYNTHETIC,,2026-09-18
2023-05-25,Altın,168.6051614780,SYNTHETIC,,2026-09-18
2023-05-26,Altın,166.3090992045,SYNTHETIC,,2026-09-18
2023-05-29,Altın,164.7456948627,SYNTHETIC,,2026-09-18
2023-05-30,Altın,165.2631772028,SYNTHETIC,,2026-09-18
2023-05-31,Altın,166.3985601950,SYNTHETIC,,2026-09-18
2023-06-01,Altın,171.3450505523,SYNTHETIC,,2026-09-18
2023-06-02,Altın,170.2623922826,SYNTHETIC,,2026-09-18
2023-06-05,Altın,175.2248999777,SYNTHETIC,,2026-09-18
2023-06-06,Altın,175.1817886200,SYNTHETIC,,2026-09-18
2023-06-07,Altın,175.8328620810,SYNTHETIC,,2026-09-18
2023-06-08,Altın,179.6732302279,SYNTHETIC,,2026-09-18
2023-06-09,Altın,179.8574760561,SYNTHETIC,,2026-09-18
2023-06-12,Altın,178.8548800414,SYNTHETIC,,2026-09-18
2023-06-13,Altın,178.5240771912,SYNTHETIC,,2026-09-18
2023-06-14,Altın,174.3851617647,SYNTHETIC,,2026-09-18
2023-06-15,Altın,174.3423109126,SYNTHETIC,,2026-09-18
2023-06-16,Altın,174.1173651666,SYNTHETIC,,2026-09-18
2023-06-19,Altın,174.0093672346,SYNTHETIC,,2026-09-18
2023-06-20,Altın,178.8590041289,SYNTHETIC,,2026-09-18
2023-06-21,Altın,174.8080458903,SYNTHETIC,,2026-09-18
2023-06-22,Altın,170.7544981804,SYNTHETIC,,2026-09-18
2023-06-23,Altın,170.5704531618,SYNTHETIC,,2026-09-18
2023-06-26,Altın,167.5455901031,SYNTHETIC,,2026-09-18
2023-06-27,Altın,166.8883321013,SYNTHETIC,,2026-09-18
2023-06-28,Altın,170.3099541062,SYNTHETIC,,2026-09-18
2023-06-29,Altın,167.6379701378,SYNTHETIC,,2026-09-18
2023-06-30,Altın,167.2197615916,SYNTHETIC,,2026-09-18
2023-07-03,Altın,164.7912036689,SYNTHETIC,,2026-09-18
2023-07-04,Altın,163.8756313636,SYNTHETIC,,2026-09-18
2023-07-05,Altın,163.9449525077,SYNTHETIC,,2026-09-18
2023-07-06,Altın,168.7450178165,SYNTHETIC,,2026-09-18
2023-07-07,Altın,169.2565714110,SYNTHETIC,,2026-09-18
2023-07-10,Altın,169.3505112434,SYNTHETIC,,2026-09-18
2023-07-11,Altın,168.5107311755,SYNTHETIC,,2026-09-18
2023-07-12,Altın,165.0847220117,SYNTHETIC,,2026-09-18
2023-07-13,Altın,163.6086590017,SYNTHETIC,,2026-09-18
2023-07-14,Altın,164.0670377660,SYNTHETIC,,2026-09-18
2023-07-17,Altın,161.9604203173,SYNTHETIC,,2026-09-18
2023-07-18,Altın,160.2863340277,SYNTHETIC,,2026-09-18
2023-07-19,Altın,159.1115651067,SYNTHETIC,,2026-09-18
2023-07-20,Altın,157.1466241201,SYNTHETIC,,2026-09-18
2023-07-21,Altın,159.4392499506,SYNTHETIC,,2026-09-18
2023-07-24,Altın,159.2307562452,SYNTHETIC,,2026-09-18
2023-07-25,Altın,156.2750023869,SYNTHETIC,,2026-09-18
2023-07-26,Altın,154.0509561456,SYNTHETIC,,2026-09-18
2023-07-27,Altın,152.3913216895,SYNTHETIC,,2026-09-18
2023-07-28,Altın,152.6497300128,SYNTHETIC,,2026-09-18
2023-07-31,Altın,149.1761186716,SYNTHETIC,,2026-09-18
2023-08-01,Altın,148.3332275020,SYNTHETIC,,2026-09-18
2023-08-02,Altın,147.9506336612,SYNTHETIC,,2026-09-18
2023-08-03,Altın,149.6569914822,SYNTHETIC,,2026-09-18
2023-08-04,Altın,148.1417026183,SYNTHETIC,,2026-09-18
2023-08-07,Altın,149.1038350779,SYNTHETIC,,2026-09-18
2023-08-08,Altın,147.8829152975,SYNTHETIC,,2026-09-18
2023-08-09,Altın,149.8383566350,SYNTHETIC,,2026-09-18
2023-08-10,Altın,149.3114714778,SYNTHETIC,,2026-09-18
2023-08-11,Altın,147.2470154735,SYNTHETIC,,2026-09-18
2023-08-14,Altın,148.8890521446,SYNTHETIC,,2026-09-18
2023-08-15,Altın,145.1988180711,SYNTHETIC,,2026-09-18
2023-08-16,Altın,149.6209801706,SYNTHETIC,,2026-09-18
2023-08-17,Altın,151.9703208640,SYNTHETIC,,2026-09-18
2023-08-18,Altın,154.6591796586,SYNTHETIC,,2026-09-18
2023-08-21,Altın,150.7929796761,SYNTHETIC,,2026-09-18
2023-08-22,Altın,151.0910125732,SYNTHETIC,,2026-09-18
2023-08-23,Altın,151.6801445659,SYNTHETIC,,2026-09-18
2023-08-24,Altın,156.4857532498,SYNTHETIC,,2026-09-18
2023-08-25,Altın,153.5779323802,SYNTHETIC,,2026-09-18
2023-08-28,Altın,154.7918009863,SYNTHETIC,,2026-09-18
2023-08-29,Altın,153.7502353349,SYNTHETIC,,2026-09-18
2023-08-30,Altın,154.4821980334,SYNTHETIC,,2026-09-18
2023-08-31,Altın,156.5211278900,SYNTHETIC,,2026-09-18
2023-09-01,Altın,156.2162083089,SYNTHETIC,,2026-09-18
2023-09-04,Altın,158.2819397823,SYNTHETIC,,2026-09-18
2023-09-05,Altın,157.7777963625,SYNTHETIC,,2026-09-18
2023-09-06,Altın,159.0422196571,SYNTHETIC,,2026-09-18
2023-09-07,Altın,161.5396437970,SYNTHETIC,,2026-09-18
2023-09-08,Altın,163.3348079147,SYNTHETIC,,2026-09-18
2023-09-11,Altın,166.4427672757,SYNTHETIC,,2026-09-18
2023-09-12,Altın,170.8466327188,SYNTHETIC,,2026-09-18
2023-09-13,Altın,173.5003224309,SYNTHETIC,,2026-09-18
2023-09-14,Altın,178.0531280247,SYNTHETIC,,2026-09-18
2023-09-15,Altın,178.1373560067,SYNTHETIC,,2026-09-18
2023-09-18,Altın,174.5848757921,SYNTHETIC,,2026-09-18
2023-09-19,Altın,173.1288837284,SYNTHETIC,,2026-09-18
2023-09-20,Altın,167.8603813586,SYNTHETIC,,2026-09-18
2023-09-21,Altın,165.2921220831,SYNTHETIC,,2026-09-18
2023-09-22,Altın,169.2452933393,SYNTHETIC,,2026-09-18
2023-09-25,Altın,169.3487558226,SYNTHETIC,,2026-09-18
2023-09-26,Altın,170.6950503632,SYNTHETIC,,2026-09-18
2023-09-27,Altın,173.9862193700,SYNTHETIC,,2026-09-18
2023-09-28,Altın,171.7660670193,SYNTHETIC,,2026-09-18
2023-09-29,Altın,168.1129392243,SYNTHETIC,,2026-09-18
2023-10-02,Altın,167.4903291707,SYNTHETIC,,2026-09-18
2023-10-03,Altın,168.4253382915,SYNTHETIC,,2026-09-18
2023-10-04,Altın,167.5151333862,SYNTHETIC,,2026-09-18
2023-10-05,Altın,164.8760719204,SYNTHETIC,,2026-09-18
2023-10-06,Altın,163.3831192541,SYNTHETIC,,2026-09-18
2023-10-09,Altın,164.3264009048,SYNTHETIC,,2026-09-18
2023-10-10,Altın,166.2148699121,SYNTHETIC,,2026-09-18
2023-10-11,Altın,164.4591543949,SYNTHETIC,,2026-09-18
2023-10-12,Altın,160.6555409305,SYNTHETIC,,2026-09-18
2023-10-13,Altın,159.4682336592,SYNTHETIC,,2026-09-18
2023-10-16,Altın,156.4536526411,SYNTHETIC,,2026-09-18
2023-10-17,Altın,159.2274715097,SYNTHETIC,,2026-09-18
2023-10-18,Altın,155.4221118891,SYNTHETIC,,2026-09-18
2023-10-19,Altın,152.7450450648,SYNTHETIC,,2026-09-18
2023-10-20,Altın,154.1296977703,SYNTHETIC,,2026-09-18
2023-10-23,Altın,154.7150574884,SYNTHETIC,,2026-09-18
2023-10-24,Altın,156.3062883040,SYNTHETIC,,2026-09-18
2023-10-25,Altın,155.2447061315,SYNTHETIC,,2026-09-18
2023-10-26,Altın,155.2899771661,SYNTHETIC,,2026-09-18
2023-10-27,Altın,159.6157846591,SYNTHETIC,,2026-09-18
2023-10-30,Altın,163.6774563516,SYNTHETIC,,2026-09-18
2023-10-31,Altın,163.6005069474,SYNTHETIC,,2026-09-18
2023-11-01,Altın,165.3654142060,SYNTHETIC,,2026-09-18
2023-11-02,Altın,168.9592624745,SYNTHETIC,,2026-09-18
2023-11-03,Altın,166.6519795206,SYNTHETIC,,2026-09-18
2023-11-06,Altın,173.7132928008,SYNTHETIC,,2026-09-18
2023-11-07,Altın,171.0288649588,SYNTHETIC,,2026-09-18
2023-11-08,Altın,170.9380802896,SYNTHETIC,,2026-09-18
2023-11-09,Altın,169.8552862321,SYNTHETIC,,2026-09-18
2023-11-10,Altın,169.8186236625,SYNTHETIC,,2026-09-18
2023-11-13,Altın,172.3503088151,SYNTHETIC,,2026-09-18
2023-11-14,Altın,175.6642867409,SYNTHETIC,,2026-09-18
2023-11-15,Altın,170.3534876277,SYNTHETIC,,2026-09-18
2023-11-16,Altın,170.4023443858,SYNTHETIC,,2026-09-18
2023-11-17,Altın,171.0176925383,SYNTHETIC,,2026-09-18
2023-11-20,Altın,173.2698578486,SYNTHETIC,,2026-09-18
2023-11-21,Altın,171.7319643637,SYNTHETIC,,2026-09-18
2023-11-22,Altın,170.4915313859,SYNTHETIC,,2026-09-18
2023-11-23,Altın,177.8187605657,SYNTHETIC,,2026-09-18
2023-11-24,Altın,177.5796461689,SYNTHETIC,,2026-09-18
2023-11-27,Altın,177.9984667192,SYNTHETIC,,2026-09-18
2023-11-28,Altın,178.8003003969,SYNTHETIC,,2026-09-18
2023-11-29,Altın,175.5947717262,SYNTHETIC,,2026-09-18
2023-11-30,Altın,172.5412489537,SYNTHETIC,,2026-09-18
2023-12-01,Altın,170.6446901748,SYNTHETIC,,2026-09-18
2023-12-04,Altın,169.2879168720,SYNTHETIC,,2026-09-18
2023-12-05,Altın,166.9405193366,SYNTHETIC,,2026-09-18
2023-12-06,Altın,165.2694379633,SYNTHETIC,,2026-09-18
2023-12-07,Altın,164.4492895869,SYNTHETIC,,2026-09-18
2023-12-08,Altın,163.9068651253,SYNTHETIC,,2026-09-18
2023-12-11,Altın,162.7743902878,SYNTHETIC,,2026-09-18
2023-12-12,Altın,161.4543019433,SYNTHETIC,,2026-09-18
2023-12-13,Altın,164.0014307538,SYNTHETIC,,2026-09-18
2023-12-14,Altın,161.8860699464,SYNTHETIC,,2026-09-18
2023-12-15,Altın,158.7943236194,SYNTHETIC,,2026-09-18
2023-12-18,Altın,161.3986019586,SYNTHETIC,,2026-09-18
2023-12-19,Altın,156.9979995897,SYNTHETIC,,2026-09-18
2023-12-20,Altın,159.0398147066,SYNTHETIC,,2026-09-18
2023-12-21,Altın,160.5092303379,SYNTHETIC,,2026-09-18
2023-12-22,Altın,164.7379828181,SYNTHETIC,,2026-09-18
2023-12-25,Altın,166.8409389811,SYNTHETIC,,2026-09-18
2023-12-26,Altın,165.3707653635,SYNTHETIC,,2026-09-18
2023-12-27,Altın,163.5693721537,SYNTHETIC,,2026-09-18
2023-12-28,Altın,167.0576758324,SYNTHETIC,,2026-09-18
2023-12-29,Altın,167.1661690322,SYNTHETIC,,2026-09-18
2024-01-01,Altın,165.3121070505,SYNTHETIC,,2026-09-18
2024-01-02,Altın,164.8171578465,SYNTHETIC,,2026-09-18
2024-01-03,Altın,161.7665341073,SYNTHETIC,,2026-09-18
2024-01-04,Altın,162.0030189222,SYNTHETIC,,2026-09-18
2024-01-05,Altın,159.3940044764,SYNTHETIC,,2026-09-18
2024-01-08,Altın,155.7022329265,SYNTHETIC,,2026-09-18
2024-01-09,Altın,154.4207472583,SYNTHETIC,,2026-09-18
2024-01-10,Altın,151.3529404607,SYNTHETIC,,2026-09-18
2024-01-11,Altın,154.9835362183,SYNTHETIC,,2026-09-18
2024-01-12,Altın,155.6775438205,SYNTHETIC,,2026-09-18
2024-01-15,Altın,156.4323455606,SYNTHETIC,,2026-09-18
2024-01-16,Altın,155.4624060145,SYNTHETIC,,2026-09-18
2024-01-17,Altın,153.3929623689,SYNTHETIC,,2026-09-18
2024-01-18,Altın,151.3515990976,SYNTHETIC,,2026-09-18
2024-01-19,Altın,146.8379929074,SYNTHETIC,,2026-09-18
2024-01-22,Altın,150.2574225168,SYNTHETIC,,2026-09-18
2024-01-23,Altın,146.6438818015,SYNTHETIC,,2026-09-18
2024-01-24,Altın,150.0028618261,SYNTHETIC,,2026-09-18
2024-01-25,Altın,150.7389980090,SYNTHETIC,,2026-09-18
2024-01-26,Altın,151.4524102659,SYNTHETIC,,2026-09-18
2024-01-29,Altın,146.2192684702,SYNTHETIC,,2026-09-18
2024-01-30,Altın,144.8403588088,SYNTHETIC,,2026-09-18
2024-01-31,Altın,141.5161755638,SYNTHETIC,,2026-09-18
2024-02-01,Altın,139.5492575177,SYNTHETIC,,2026-09-18
2024-02-02,Altın,140.9689662428,SYNTHETIC,,2026-09-18
2024-02-05,Altın,141.7955191436,SYNTHETIC,,2026-09-18
2024-02-06,Altın,139.7491577220,SYNTHETIC,,2026-09-18
2024-02-07,Altın,139.8893186763,SYNTHETIC,,2026-09-18
2024-02-08,Altın,138.7602667027,SYNTHETIC,,2026-09-18
2024-02-09,Altın,140.8810104400,SYNTHETIC,,2026-09-18
2024-02-12,Altın,142.3942231182,SYNTHETIC,,2026-09-18
2024-02-13,Altın,142.9625427824,SYNTHETIC,,2026-09-18
2024-02-14,Altın,142.2117725122,SYNTHETIC,,2026-09-18
2024-02-15,Altın,140.4973890626,SYNTHETIC,,2026-09-18
2024-02-16,Altın,140.2662251896,SYNTHETIC,,2026-09-18
2024-02-19,Altın,141.8783713167,SYNTHETIC,,2026-09-18
2024-02-20,Altın,145.5705965126,SYNTHETIC,,2026-09-18
2024-02-21,Altın,148.6248388471,SYNTHETIC,,2026-09-18
2024-02-22,Altın,148.6108051166,SYNTHETIC,,2026-09-18
2024-02-23,Altın,146.7910520618,SYNTHETIC,,2026-09-18
2024-02-26,Altın,151.0104178167,SYNTHETIC,,2026-09-18
2024-02-27,Altın,151.3918954257,SYNTHETIC,,2026-09-18
2024-02-28,Altın,150.7936859488,SYNTHETIC,,2026-09-18
2024-02-29,Altın,150.6391121609,SYNTHETIC,,2026-09-18
2024-03-01,Altın,150.1587945832,SYNTHETIC,,2026-09-18
2024-03-04,Altın,147.0116654214,SYNTHETIC,,2026-09-18
2024-03-05,Altın,145.3562197153,SYNTHETIC,,2026-09-18
2024-03-06,Altın,146.8144620022,SYNTHETIC,,2026-09-18
2024-03-07,Altın,147.9876002877,SYNTHETIC,,2026-09-18
2024-03-08,Altın,144.1424461184,SYNTHETIC,,2026-09-18
2024-03-11,Altın,142.2392456696,SYNTHETIC,,2026-09-18
2024-03-12,Altın,142.2839161322,SYNTHETIC,,2026-09-18
2024-03-13,Altın,143.9571475222,SYNTHETIC,,2026-09-18
2024-03-14,Altın,144.9270260605,SYNTHETIC,,2026-09-18
2024-03-15,Altın,145.0625990995,SYNTHETIC,,2026-09-18
2024-03-18,Altın,146.1101278047,SYNTHETIC,,2026-09-18
2024-03-19,Altın,144.2088655550,SYNTHETIC,,2026-09-18
2024-03-20,Altın,137.4640165885,SYNTHETIC,,2026-09-18
2024-03-21,Altın,135.0260331495,SYNTHETIC,,2026-09-18
2024-03-22,Altın,139.6527168160,SYNTHETIC,,2026-09-18
2024-03-25,Altın,140.5095963860,SYNTHETIC,,2026-09-18
2024-03-26,Altın,140.0808914474,SYNTHETIC,,2026-09-18
2024-03-27,Altın,145.4056336359,SYNTHETIC,,2026-09-18
2024-03-28,Altın,143.7204666227,SYNTHETIC,,2026-09-18
2024-03-29,Altın,146.0994248806,SYNTHETIC,,2026-09-18
2024-04-01,Altın,147.4985564583,SYNTHETIC,,2026-09-18
2024-04-02,Altın,146.3608523750,SYNTHETIC,,2026-09-18
2024-04-03,Altın,148.5776122352,SYNTHETIC,,2026-09-18
2024-04-04,Altın,151.2237275988,SYNTHETIC,,2026-09-18
2024-04-05,Altın,151.8049832292,SYNTHETIC,,2026-09-18
2024-04-08,Altın,149.4357107035,SYNTHETIC,,2026-09-18
2024-04-09,Altın,150.0852624136,SYNTHETIC,,2026-09-18
2024-04-10,Altın,148.8508434314,SYNTHETIC,,2026-09-18
2024-04-11,Altın,147.3049569126,SYNTHETIC,,2026-09-18
2024-04-12,Altın,145.2664495760,SYNTHETIC,,2026-09-18
2024-04-15,Altın,144.3086387533,SYNTHETIC,,2026-09-18
2024-04-16,Altın,148.3302140052,SYNTHETIC,,2026-09-18
2024-04-17,Altın,147.3966505182,SYNTHETIC,,2026-09-18
2024-04-18,Altın,149.3389178663,SYNTHETIC,,2026-09-18
2024-04-19,Altın,150.4885935508,SYNTHETIC,,2026-09-18
2024-04-22,Altın,153.0266409439,SYNTHETIC,,2026-09-18
2024-04-23,Altın,149.4549002263,SYNTHETIC,,2026-09-18
2024-04-24,Altın,150.0863376010,SYNTHETIC,,2026-09-18
2024-04-25,Altın,147.7384619019,SYNTHETIC,,2026-09-18
2024-04-26,Altın,145.0220712982,SYNTHETIC,,2026-09-18
2024-04-29,Altın,140.7997050719,SYNTHETIC,,2026-09-18
2024-04-30,Altın,143.5474472883,SYNTHETIC,,2026-09-18
2024-05-01,Altın,145.7861659796,SYNTHETIC,,2026-09-18
2024-05-02,Altın,145.4252753566,SYNTHETIC,,2026-09-18
2024-05-03,Altın,146.9099191263,SYNTHETIC,,2026-09-18
2024-05-06,Altın,148.2824197919,SYNTHETIC,,2026-09-18
2024-05-07,Altın,151.5694195530,SYNTHETIC,,2026-09-18
2024-05-08,Altın,159.0811353733,SYNTHETIC,,2026-09-18
2024-05-09,Altın,158.8583547409,SYNTHETIC,,2026-09-18
2024-05-10,Altın,154.7023401489,SYNTHETIC,,2026-09-18
2024-05-13,Altın,157.8159927630,SYNTHETIC,,2026-09-18
2024-05-14,Altın,155.4299982150,SYNTHETIC,,2026-09-18
2024-05-15,Altın,154.4622500002,SYNTHETIC,,2026-09-18
2024-05-16,Altın,156.3571855536,SYNTHETIC,,2026-09-18
2024-05-17,Altın,156.9204351222,SYNTHETIC,,2026-09-18
2024-05-20,Altın,157.9559831395,SYNTHETIC,,2026-09-18
2024-05-21,Altın,155.2517816774,SYNTHETIC,,2026-09-18
2024-05-22,Altın,152.3932469467,SYNTHETIC,,2026-09-18
2024-05-23,Altın,150.8671876545,SYNTHETIC,,2026-09-18
2024-05-24,Altın,154.1225169549,SYNTHETIC,,2026-09-18
2024-05-27,Altın,152.5285177968,SYNTHETIC,,2026-09-18
2024-05-28,Altın,151.9241123082,SYNTHETIC,,2026-09-18
2024-05-29,Altın,153.4408833037,SYNTHETIC,,2026-09-18
2024-05-30,Altın,156.0751369587,SYNTHETIC,,2026-09-18
2024-05-31,Altın,158.0904993680,SYNTHETIC,,2026-09-18
2024-06-03,Altın,158.6295488202,SYNTHETIC,,2026-09-18
2024-06-04,Altın,161.5533334736,SYNTHETIC,,2026-09-18
2024-06-05,Altın,161.8475849127,SYNTHETIC,,2026-09-18
2024-06-06,Altın,154.0455025708,SYNTHETIC,,2026-09-18
2024-06-07,Altın,150.2321370967,SYNTHETIC,,2026-09-18
2024-06-10,Altın,150.2600002258,SYNTHETIC,,2026-09-18
2024-06-11,Altın,148.9363506131,SYNTHETIC,,2026-09-18
2024-06-12,Altın,149.6206844874,SYNTHETIC,,2026-09-18
2024-06-13,Altın,153.3966570619,SYNTHETIC,,2026-09-18
2024-06-14,Altın,156.4951900119,SYNTHETIC,,2026-09-18
2024-06-17,Altın,154.3412197859,SYNTHETIC,,2026-09-18
2024-06-18,Altın,152.0119237880,SYNTHETIC,,2026-09-18
2024-06-19,Altın,151.4750501589,SYNTHETIC,,2026-09-18
2024-06-20,Altın,153.6328928590,SYNTHETIC,,2026-09-18
2024-06-21,Altın,154.5347787923,SYNTHETIC,,2026-09-18
2024-06-24,Altın,154.0544512446,SYNTHETIC,,2026-09-18
2024-06-25,Altın,153.8385794850,SYNTHETIC,,2026-09-18
2024-06-26,Altın,154.4190557119,SYNTHETIC,,2026-09-18
2024-06-27,Altın,156.6447296307,SYNTHETIC,,2026-09-18
2024-06-28,Altın,157.6538936093,SYNTHETIC,,2026-09-18
2024-07-01,Altın,159.8876605412,SYNTHETIC,,2026-09-18
2024-07-02,Altın,159.6536596689,SYNTHETIC,,2026-09-18
2024-07-03,Altın,160.4169660503,SYNTHETIC,,2026-09-18
2024-07-04,Altın,158.8439004152,SYNTHETIC,,2026-09-18
2024-07-05,Altın,163.8009750333,SYNTHETIC,,2026-09-18
2024-07-08,Altın,164.3030297010,SYNTHETIC,,2026-09-18
2024-07-09,Altın,163.5877110949,SYNTHETIC,,2026-09-18
2024-07-10,Altın,163.3937803996,SYNTHETIC,,2026-09-18
2024-07-11,Altın,161.7828506330,SYNTHETIC,,2026-09-18
2024-07-12,Altın,160.3447085188,SYNTHETIC,,2026-09-18
2024-07-15,Altın,163.2052858069,SYNTHETIC,,2026-09-18
2024-07-16,Altın,162.3133020029,SYNTHETIC,,2026-09-18
2024-07-17,Altın,160.9458354759,SYNTHETIC,,2026-09-18
2024-07-18,Altın,160.5276353254,SYNTHETIC,,2026-09-18
2024-07-19,Altın,158.7685268016,SYNTHETIC,,2026-09-18
2024-07-22,Altın,162.2698796511,SYNTHETIC,,2026-09-18
2024-07-23,Altın,165.0320773011,SYNTHETIC,,2026-09-18
2024-07-24,Altın,163.8113199258,SYNTHETIC,,2026-09-18
2024-07-25,Altın,164.3861117779,SYNTHETIC,,2026-09-18
2024-07-26,Altın,166.9462574897,SYNTHETIC,,2026-09-18
2024-07-29,Altın,166.8123840311,SYNTHETIC,,2026-09-18
2024-07-30,Altın,162.5671817580,SYNTHETIC,,2026-09-18
2024-07-31,Altın,163.8612434170,SYNTHETIC,,2026-09-18
2024-08-01,Altın,162.2780182740,SYNTHETIC,,2026-09-18
2024-08-02,Altın,163.5510442153,SYNTHETIC,,2026-09-18
2024-08-05,Altın,165.2015104621,SYNTHETIC,,2026-09-18
2024-08-06,Altın,166.7372922200,SYNTHETIC,,2026-09-18
2024-08-07,Altın,163.6593998115,SYNTHETIC,,2026-09-18
2024-08-08,Altın,167.3240994897,SYNTHETIC,,2026-09-18
2024-08-09,Altın,165.1577329039,SYNTHETIC,,2026-09-18
2024-08-12,Altın,168.0304468489,SYNTHETIC,,2026-09-18
2024-08-13,Altın,170.8543003352,SYNTHETIC,,2026-09-18
2024-08-14,Altın,170.5046167232,SYNTHETIC,,2026-09-18
2024-08-15,Altın,173.8420936821,SYNTHETIC,,2026-09-18
2024-08-16,Altın,175.3859159705,SYNTHETIC,,2026-09-18
2024-08-19,Altın,178.5244923788,SYNTHETIC,,2026-09-18
2024-08-20,Altın,176.3552966623,SYNTHETIC,,2026-09-18
2024-08-21,Altın,179.3643491606,SYNTHETIC,,2026-09-18
2024-08-22,Altın,178.9539866399,SYNTHETIC,,2026-09-18
2024-08-23,Altın,181.1198509132,SYNTHETIC,,2026-09-18
2024-08-26,Altın,181.5646272492,SYNTHETIC,,2026-09-18
2024-08-27,Altın,179.4640467551,SYNTHETIC,,2026-09-18
2024-08-28,Altın,183.6842466123,SYNTHETIC,,2026-09-18
2024-08-29,Altın,184.2007121640,SYNTHETIC,,2026-09-18
2024-08-30,Altın,187.0271414787,SYNTHETIC,,2026-09-18
2024-09-02,Altın,189.4027642850,SYNTHETIC,,2026-09-18
2024-09-03,Altın,190.6871875372,SYNTHETIC,,2026-09-18
2024-09-04,Altın,191.4346406919,SYNTHETIC,,2026-09-18
2024-09-05,Altın,195.7522111064,SYNTHETIC,,2026-09-18
2024-09-06,Altın,197.2265580474,SYNTHETIC,,2026-09-18
2024-09-09,Altın,198.6620121707,SYNTHETIC,,2026-09-18
2024-09-10,Altın,201.9461462282,SYNTHETIC,,2026-09-18
2024-09-11,Altın,203.3825892795,SYNTHETIC,,2026-09-18
2024-09-12,Altın,203.8549736272,SYNTHETIC,,2026-09-18
2024-09-13,Altın,198.3315784337,SYNTHETIC,,2026-09-18
2024-09-16,Altın,194.5663968190,SYNTHETIC,,2026-09-18
2024-09-17,Altın,194.4643496791,SYNTHETIC,,2026-09-18
2024-09-18,Altın,195.1056258541,SYNTHETIC,,2026-09-18
2024-09-19,Altın,193.1366678582,SYNTHETIC,,2026-09-18
2024-09-20,Altın,199.4905045662,SYNTHETIC,,2026-09-18
2024-09-23,Altın,201.9256756827,SYNTHETIC,,2026-09-18
2024-09-24,Altın,200.7575265390,SYNTHETIC,,2026-09-18
2024-09-25,Altın,196.5404635764,SYNTHETIC,,2026-09-18
2024-09-26,Altın,195.2522458081,SYNTHETIC,,2026-09-18
2024-09-27,Altın,193.0738908404,SYNTHETIC,,2026-09-18
2024-09-30,Altın,190.9622205243,SYNTHETIC,,2026-09-18
2024-10-01,Altın,191.8343839430,SYNTHETIC,,2026-09-18
2024-10-02,Altın,189.7798289797,SYNTHETIC,,2026-09-18
2024-10-03,Altın,185.8388541654,SYNTHETIC,,2026-09-18
2024-10-04,Altın,189.1824823980,SYNTHETIC,,2026-09-18
2024-10-07,Altın,186.5810298878,SYNTHETIC,,2026-09-18
2024-10-08,Altın,185.1168297980,SYNTHETIC,,2026-09-18
2024-10-09,Altın,185.1070067041,SYNTHETIC,,2026-09-18
2024-10-10,Altın,186.8278816569,SYNTHETIC,,2026-09-18
2024-10-11,Altın,189.9690622761,SYNTHETIC,,2026-09-18
2024-10-14,Altın,189.5628598881,SYNTHETIC,,2026-09-18
2024-10-15,Altın,189.7624688061,SYNTHETIC,,2026-09-18
2024-10-16,Altın,187.4831731023,SYNTHETIC,,2026-09-18
2024-10-17,Altın,188.5893865929,SYNTHETIC,,2026-09-18
2024-10-18,Altın,189.7680671408,SYNTHETIC,,2026-09-18
2024-10-21,Altın,187.8886296966,SYNTHETIC,,2026-09-18
2024-10-22,Altın,181.6692765059,SYNTHETIC,,2026-09-18
2024-10-23,Altın,178.4547162284,SYNTHETIC,,2026-09-18
2024-10-24,Altın,175.4931448111,SYNTHETIC,,2026-09-18
2024-10-25,Altın,175.9153432251,SYNTHETIC,,2026-09-18
2024-10-28,Altın,175.7816020264,SYNTHETIC,,2026-09-18
2024-10-29,Altın,176.6248798339,SYNTHETIC,,2026-09-18
2024-10-30,Altın,177.9474427335,SYNTHETIC,,2026-09-18
2024-10-31,Altın,176.8945673442,SYNTHETIC,,2026-09-18
2024-11-01,Altın,175.7256243370,SYNTHETIC,,2026-09-18
2024-11-04,Altın,173.0118632962,SYNTHETIC,,2026-09-18
2024-11-05,Altın,173.2985431066,SYNTHETIC,,2026-09-18
2024-11-06,Altın,169.7215098980,SYNTHETIC,,2026-09-18
2024-11-07,Altın,163.3783766621,SYNTHETIC,,2026-09-18
2024-11-08,Altın,161.6649245648,SYNTHETIC,,2026-09-18
2024-11-11,Altın,165.3493870781,SYNTHETIC,,2026-09-18
2024-11-12,Altın,164.7514109253,SYNTHETIC,,2026-09-18
2024-11-13,Altın,163.2393106041,SYNTHETIC,,2026-09-18
2024-11-14,Altın,165.7811313057,SYNTHETIC,,2026-09-18
2024-11-15,Altın,168.2492835345,SYNTHETIC,,2026-09-18
2024-11-18,Altın,166.1025315768,SYNTHETIC,,2026-09-18
2024-11-19,Altın,164.8862284443,SYNTHETIC,,2026-09-18
2024-11-20,Altın,165.0594795831,SYNTHETIC,,2026-09-18
2024-11-21,Altın,167.4430716112,SYNTHETIC,,2026-09-18
2024-11-22,Altın,166.9321515624,SYNTHETIC,,2026-09-18
2024-11-25,Altın,167.5089276670,SYNTHETIC,,2026-09-18
2024-11-26,Altın,172.4101596966,SYNTHETIC,,2026-09-18
2024-11-27,Altın,168.8800513644,SYNTHETIC,,2026-09-18
2024-11-28,Altın,171.9604926050,SYNTHETIC,,2026-09-18
2024-11-29,Altın,171.4975737541,SYNTHETIC,,2026-09-18
2024-12-02,Altın,171.6839188607,SYNTHETIC,,2026-09-18
2024-12-03,Altın,170.9733575084,SYNTHETIC,,2026-09-18
2024-12-04,Altın,172.2300331951,SYNTHETIC,,2026-09-18
2024-12-05,Altın,171.3965331598,SYNTHETIC,,2026-09-18
2024-12-06,Altın,169.4973823138,SYNTHETIC,,2026-09-18
2024-12-09,Altın,172.4475532796,SYNTHETIC,,2026-09-18
2024-12-10,Altın,174.0280567538,SYNTHETIC,,2026-09-18
2024-12-11,Altın,173.5614283183,SYNTHETIC,,2026-09-18
2024-12-12,Altın,175.9876232490,SYNTHETIC,,2026-09-18
2024-12-13,Altın,176.1107907547,SYNTHETIC,,2026-09-18
2024-12-16,Altın,175.3772395911,SYNTHETIC,,2026-09-18
2024-12-17,Altın,177.3298815434,SYNTHETIC,,2026-09-18
2024-12-18,Altın,178.9596456515,SYNTHETIC,,2026-09-18
2024-12-19,Altın,180.8891020456,SYNTHETIC,,2026-09-18
2024-12-20,Altın,179.4165938181,SYNTHETIC,,2026-09-18
2024-12-23,Altın,184.3769305583,SYNTHETIC,,2026-09-18
2024-12-24,Altın,185.7884000803,SYNTHETIC,,2026-09-18
2024-12-25,Altın,188.0681123009,SYNTHETIC,,2026-09-18
2024-12-26,Altın,189.0555458586,SYNTHETIC,,2026-09-18
2024-12-27,Altın,190.6108416013,SYNTHETIC,,2026-09-18
2024-12-30,Altın,191.7373264593,SYNTHETIC,,2026-09-18
2024-12-31,Altın,194.6320457522,SYNTHETIC,,2026-09-18
2025-01-01,Altın,189.8901886962,SYNTHETIC,,2026-09-18
2025-01-02,Altın,187.4926217538,SYNTHETIC,,2026-09-18
2025-01-03,Altın,183.5642464687,SYNTHETIC,,2026-09-18
2025-01-06,Altın,182.0399992148,SYNTHETIC,,2026-09-18
2025-01-07,Altın,182.4310651752,SYNTHETIC,,2026-09-18
2025-01-08,Altın,188.1603032219,SYNTHETIC,,2026-09-18
2025-01-09,Altın,187.5148036132,SYNTHETIC,,2026-09-18
2025-01-10,Altın,189.1295492510,SYNTHETIC,,2026-09-18
2025-01-13,Altın,191.2171906778,SYNTHETIC,,2026-09-18
2025-01-14,Altın,194.0949425949,SYNTHETIC,,2026-09-18
2025-01-15,Altın,195.9187713347,SYNTHETIC,,2026-09-18
2025-01-16,Altın,194.1136709504,SYNTHETIC,,2026-09-18
2025-01-17,Altın,195.0301490515,SYNTHETIC,,2026-09-18
2025-01-20,Altın,194.2362772762,SYNTHETIC,,2026-09-18
2025-01-21,Altın,196.3899264879,SYNTHETIC,,2026-09-18
2025-01-22,Altın,196.0429361175,SYNTHETIC,,2026-09-18
2025-01-23,Altın,197.9694628819,SYNTHETIC,,2026-09-18
2025-01-24,Altın,191.8837504923,SYNTHETIC,,2026-09-18
2025-01-27,Altın,194.0679198582,SYNTHETIC,,2026-09-18
2025-01-28,Altın,192.4557910741,SYNTHETIC,,2026-09-18
2025-01-29,Altın,190.6302427711,SYNTHETIC,,2026-09-18
2025-01-30,Altın,193.4861965855,SYNTHETIC,,2026-09-18
2025-01-31,Altın,196.1736446883,SYNTHETIC,,2026-09-18
2025-02-03,Altın,192.0479282956,SYNTHETIC,,2026-09-18
2025-02-04,Altın,188.1545776870,SYNTHETIC,,2026-09-18
2025-02-05,Altın,193.8638975080,SYNTHETIC,,2026-09-18
2025-02-06,Altın,190.1515179066,SYNTHETIC,,2026-09-18
2025-02-07,Altın,192.1463295224,SYNTHETIC,,2026-09-18
2025-02-10,Altın,194.3725774229,SYNTHETIC,,2026-09-18
2025-02-11,Altın,191.3086035584,SYNTHETIC,,2026-09-18
2025-02-12,Altın,186.4390030313,SYNTHETIC,,2026-09-18
2025-02-13,Altın,185.0884645583,SYNTHETIC,,2026-09-18
2025-02-14,Altın,183.7976553800,SYNTHETIC,,2026-09-18
2025-02-17,Altın,186.8771125585,SYNTHETIC,,2026-09-18
2025-02-18,Altın,185.3373641152,SYNTHETIC,,2026-09-18
2025-02-19,Altın,184.7390552479,SYNTHETIC,,2026-09-18
2025-02-20,Altın,186.5371531204,SYNTHETIC,,2026-09-18
2025-02-21,Altın,182.1439381069,SYNTHETIC,,2026-09-18
2025-02-24,Altın,179.8903525195,SYNTHETIC,,2026-09-18
2025-02-25,Altın,181.6368476864,SYNTHETIC,,2026-09-18
2025-02-26,Altın,184.1255886143,SYNTHETIC,,2026-09-18
2025-02-27,Altın,184.6436515346,SYNTHETIC,,2026-09-18
2025-02-28,Altın,185.2153145039,SYNTHETIC,,2026-09-18
2025-03-03,Altın,181.6933129968,SYNTHETIC,,2026-09-18
2025-03-04,Altın,177.9275413185,SYNTHETIC,,2026-09-18
2025-03-05,Altın,176.8965104394,SYNTHETIC,,2026-09-18
2025-03-06,Altın,172.9635810808,SYNTHETIC,,2026-09-18
2025-03-07,Altın,175.2082903960,SYNTHETIC,,2026-09-18
2025-03-10,Altın,174.5072530188,SYNTHETIC,,2026-09-18
2025-03-11,Altın,174.0341977385,SYNTHETIC,,2026-09-18
2025-03-12,Altın,173.3407819836,SYNTHETIC,,2026-09-18
2025-03-13,Altın,171.8045302456,SYNTHETIC,,2026-09-18
2025-03-14,Altın,171.8886923884,SYNTHETIC,,2026-09-18
2025-03-17,Altın,171.0189906653,SYNTHETIC,,2026-09-18
2025-03-18,Altın,171.0165650488,SYNTHETIC,,2026-09-18
2025-03-19,Altın,170.5977644745,SYNTHETIC,,2026-09-18
2025-03-20,Altın,166.7246694018,SYNTHETIC,,2026-09-18
2025-03-21,Altın,167.2975343680,SYNTHETIC,,2026-09-18
2025-03-24,Altın,167.3671974658,SYNTHETIC,,2026-09-18
2025-03-25,Altın,167.4986492563,SYNTHETIC,,2026-09-18
2025-03-26,Altın,165.9925151835,SYNTHETIC,,2026-09-18
2025-03-27,Altın,165.8129086949,SYNTHETIC,,2026-09-18
2025-03-28,Altın,166.6137491354,SYNTHETIC,,2026-09-18
2025-03-31,Altın,163.0125120953,SYNTHETIC,,2026-09-18
2025-04-01,Altın,159.8137754933,SYNTHETIC,,2026-09-18
2025-04-02,Altın,160.3074706426,SYNTHETIC,,2026-09-18
2025-04-03,Altın,163.1914914592,SYNTHETIC,,2026-09-18
2025-04-04,Altın,163.4521971978,SYNTHETIC,,2026-09-18
2025-04-07,Altın,166.3199083002,SYNTHETIC,,2026-09-18
2025-04-08,Altın,166.2192322825,SYNTHETIC,,2026-09-18
2025-04-09,Altın,167.4937493194,SYNTHETIC,,2026-09-18
2025-04-10,Altın,163.5374858951,SYNTHETIC,,2026-09-18
2025-04-11,Altın,162.8120065635,SYNTHETIC,,2026-09-18
2025-04-14,Altın,164.4735841837,SYNTHETIC,,2026-09-18
2025-04-15,Altın,164.0087201669,SYNTHETIC,,2026-09-18
2025-04-16,Altın,166.0215835567,SYNTHETIC,,2026-09-18
2025-04-17,Altın,163.3530487247,SYNTHETIC,,2026-09-18
2025-04-18,Altın,163.4700936391,SYNTHETIC,,2026-09-18
2025-04-21,Altın,162.2562995075,SYNTHETIC,,2026-09-18
2025-04-22,Altın,157.6830564149,SYNTHETIC,,2026-09-18
2025-04-23,Altın,157.2112600654,SYNTHETIC,,2026-09-18
2025-04-24,Altın,159.9308019248,SYNTHETIC,,2026-09-18
2025-04-25,Altın,160.3965393774,SYNTHETIC,,2026-09-18
2025-04-28,Altın,162.0563891318,SYNTHETIC,,2026-09-18
2025-04-29,Altın,160.6499814165,SYNTHETIC,,2026-09-18
2025-04-30,Altın,162.3148956284,SYNTHETIC,,2026-09-18
2025-05-01,Altın,159.7526797555,SYNTHETIC,,2026-09-18
2025-05-02,Altın,156.4728365220,SYNTHETIC,,2026-09-18
2025-05-05,Altın,156.9917577317,SYNTHETIC,,2026-09-18
2025-05-06,Altın,154.6722821457,SYNTHETIC,,2026-09-18
2025-05-07,Altın,155.5197291361,SYNTHETIC,,2026-09-18
2025-05-08,Altın,156.9846746288,SYNTHETIC,,2026-09-18
2025-05-09,Altın,153.1580799450,SYNTHETIC,,2026-09-18
2025-05-12,Altın,147.8376173190,SYNTHETIC,,2026-09-18
2025-05-13,Altın,150.1211906393,SYNTHETIC,,2026-09-18
2025-05-14,Altın,149.7300674769,SYNTHETIC,,2026-09-18
2025-05-15,Altın,148.9283664253,SYNTHETIC,,2026-09-18
2025-05-16,Altın,150.1436522624,SYNTHETIC,,2026-09-18
2025-05-19,Altın,151.0030275000,SYNTHETIC,,2026-09-18
2025-05-20,Altın,147.2867077321,SYNTHETIC,,2026-09-18
2025-05-21,Altın,146.6237754912,SYNTHETIC,,2026-09-18
2025-05-22,Altın,148.7133508774,SYNTHETIC,,2026-09-18
2025-05-23,Altın,150.0894689834,SYNTHETIC,,2026-09-18
2025-05-26,Altın,153.1240548076,SYNTHETIC,,2026-09-18
2025-05-27,Altın,154.4688653843,SYNTHETIC,,2026-09-18
2025-05-28,Altın,153.2096655729,SYNTHETIC,,2026-09-18
2025-05-29,Altın,151.5616970337,SYNTHETIC,,2026-09-18
2025-05-30,Altın,149.5352364552,SYNTHETIC,,2026-09-18
2025-06-02,Altın,151.9432844032,SYNTHETIC,,2026-09-18
2025-06-03,Altın,153.7898392358,SYNTHETIC,,2026-09-18
2025-06-04,Altın,150.1143247767,SYNTHETIC,,2026-09-18
2025-06-05,Altın,146.9311001894,SYNTHETIC,,2026-09-18
2025-06-06,Altın,150.5575010447,SYNTHETIC,,2026-09-18
2025-06-09,Altın,150.8601314454,SYNTHETIC,,2026-09-18
2025-06-10,Altın,148.8051079022,SYNTHETIC,,2026-09-18
2025-06-11,Altın,146.5843924592,SYNTHETIC,,2026-09-18
2025-06-12,Altın,148.2607714915,SYNTHETIC,,2026-09-18
2025-06-13,Altın,149.7581947346,SYNTHETIC,,2026-09-18
2025-06-16,Altın,147.9801207174,SYNTHETIC,,2026-09-18
2025-06-17,Altın,146.9893900218,SYNTHETIC,,2026-09-18
2025-06-18,Altın,148.0123235544,SYNTHETIC,,2026-09-18
2025-06-19,Altın,147.1315980584,SYNTHETIC,,2026-09-18
2025-06-20,Altın,147.7763651191,SYNTHETIC,,2026-09-18
2025-06-23,Altın,146.3184225698,SYNTHETIC,,2026-09-18
2025-06-24,Altın,147.2426708672,SYNTHETIC,,2026-09-18
2025-06-25,Altın,146.9865404543,SYNTHETIC,,2026-09-18
2025-06-26,Altın,150.8461524626,SYNTHETIC,,2026-09-18
2025-06-27,Altın,153.1838987011,SYNTHETIC,,2026-09-18
2025-06-30,Altın,148.9087105472,SYNTHETIC,,2026-09-18
2025-07-01,Altın,152.0686602299,SYNTHETIC,,2026-09-18
2025-07-02,Altın,149.1350952272,SYNTHETIC,,2026-09-18
2025-07-03,Altın,147.3472539504,SYNTHETIC,,2026-09-18
2025-07-04,Altın,147.6473616357,SYNTHETIC,,2026-09-18
2025-07-07,Altın,146.0305258004,SYNTHETIC,,2026-09-18
2025-07-08,Altın,144.0840422073,SYNTHETIC,,2026-09-18
2025-07-09,Altın,143.0073825692,SYNTHETIC,,2026-09-18
2025-07-10,Altın,144.5356251099,SYNTHETIC,,2026-09-18
2025-07-11,Altın,145.7620307001,SYNTHETIC,,2026-09-18
2025-07-14,Altın,143.9290347276,SYNTHETIC,,2026-09-18
2025-07-15,Altın,143.7189916123,SYNTHETIC,,2026-09-18
2025-07-16,Altın,144.4939515232,SYNTHETIC,,2026-09-18
2025-07-17,Altın,143.9402444102,SYNTHETIC,,2026-09-18
2025-07-18,Altın,146.0351333766,SYNTHETIC,,2026-09-18
2025-07-21,Altın,147.3356996722,SYNTHETIC,,2026-09-18
2025-07-22,Altın,147.8890935169,SYNTHETIC,,2026-09-18
2025-07-23,Altın,149.4472049544,SYNTHETIC,,2026-09-18
2025-07-24,Altın,151.1401240559,SYNTHETIC,,2026-09-18
2025-07-25,Altın,149.4015426575,SYNTHETIC,,2026-09-18
2025-07-28,Altın,148.1296334807,SYNTHETIC,,2026-09-18
2025-07-29,Altın,148.8481469025,SYNTHETIC,,2026-09-18
2025-07-30,Altın,148.0066908431,SYNTHETIC,,2026-09-18
2025-07-31,Altın,151.5272324940,SYNTHETIC,,2026-09-18
2025-08-01,Altın,149.1581866941,SYNTHETIC,,2026-09-18
2025-08-04,Altın,147.2732604499,SYNTHETIC,,2026-09-18
2025-08-05,Altın,146.7194941280,SYNTHETIC,,2026-09-18
2025-08-06,Altın,146.8663555479,SYNTHETIC,,2026-09-18
2025-08-07,Altın,144.6213330108,SYNTHETIC,,2026-09-18
2025-08-08,Altın,142.5740997915,SYNTHETIC,,2026-09-18
2025-08-11,Altın,138.9446169286,SYNTHETIC,,2026-09-18
2025-08-12,Altın,137.9270432508,SYNTHETIC,,2026-09-18
2025-08-13,Altın,136.3901296131,SYNTHETIC,,2026-09-18
2025-08-14,Altın,140.2756375388,SYNTHETIC,,2026-09-18
2025-08-15,Altın,136.9409008499,SYNTHETIC,,2026-09-18
2025-08-18,Altın,136.6097730025,SYNTHETIC,,2026-09-18
2025-08-19,Altın,133.3276694322,SYNTHETIC,,2026-09-18
2025-08-20,Altın,128.8154209180,SYNTHETIC,,2026-09-18
2025-08-21,Altın,128.5829471774,SYNTHETIC,,2026-09-18
2025-08-22,Altın,127.5677046907,SYNTHETIC,,2026-09-18
2025-08-25,Altın,128.2723335034,SYNTHETIC,,2026-09-18
2025-08-26,Altın,127.6189413396,SYNTHETIC,,2026-09-18
2025-08-27,Altın,128.8659529109,SYNTHETIC,,2026-09-18
2025-08-28,Altın,126.0449082985,SYNTHETIC,,2026-09-18
2025-08-29,Altın,126.5468390357,SYNTHETIC,,2026-09-18
2025-09-01,Altın,128.5752476759,SYNTHETIC,,2026-09-18
2025-09-02,Altın,131.4057756911,SYNTHETIC,,2026-09-18
2025-09-03,Altın,131.5520793219,SYNTHETIC,,2026-09-18
2025-09-04,Altın,128.2299986643,SYNTHETIC,,2026-09-18
2025-09-05,Altın,124.1160820977,SYNTHETIC,,2026-09-18
2025-09-08,Altın,125.5902644707,SYNTHETIC,,2026-09-18
2025-09-09,Altın,128.0271091649,SYNTHETIC,,2026-09-18
2025-09-10,Altın,131.6282848682,SYNTHETIC,,2026-09-18
2025-09-11,Altın,133.1658177569,SYNTHETIC,,2026-09-18
2025-09-12,Altın,132.8732985108,SYNTHETIC,,2026-09-18
2025-09-15,Altın,130.5322993777,SYNTHETIC,,2026-09-18
2025-09-16,Altın,129.1399379655,SYNTHETIC,,2026-09-18
2025-09-17,Altın,128.4611824753,SYNTHETIC,,2026-09-18
2025-09-18,Altın,129.9708071279,SYNTHETIC,,2026-09-18
2025-09-19,Altın,130.6968785218,SYNTHETIC,,2026-09-18
2025-09-22,Altın,132.7784883189,SYNTHETIC,,2026-09-18
2025-09-23,Altın,133.6409673299,SYNTHETIC,,2026-09-18
2025-09-24,Altın,131.9503823891,SYNTHETIC,,2026-09-18
2025-09-25,Altın,131.9668682643,SYNTHETIC,,2026-09-18
2025-09-26,Altın,130.8458773055,SYNTHETIC,,2026-09-18
2025-09-29,Altın,130.4392799873,SYNTHETIC,,2026-09-18
2025-09-30,Altın,129.9846021861,SYNTHETIC,,2026-09-18
2025-10-01,Altın,130.0399976163,SYNTHETIC,,2026-09-18
2025-10-02,Altın,128.2792195299,SYNTHETIC,,2026-09-18
2025-10-03,Altın,128.8578096819,SYNTHETIC,,2026-09-18
2025-10-06,Altın,127.9600765789,SYNTHETIC,,2026-09-18
2025-10-07,Altın,127.0668547438,SYNTHETIC,,2026-09-18
2025-10-08,Altın,125.5835696544,SYNTHETIC,,2026-09-18
2025-10-09,Altın,123.2138622743,SYNTHETIC,,2026-09-18
2025-10-10,Altın,124.7666511742,SYNTHETIC,,2026-09-18
2025-10-13,Altın,123.4093293472,SYNTHETIC,,2026-09-18
2025-10-14,Altın,127.3076363520,SYNTHETIC,,2026-09-18
2025-10-15,Altın,129.6479775087,SYNTHETIC,,2026-09-18
2025-10-16,Altın,131.9060148944,SYNTHETIC,,2026-09-18
2025-10-17,Altın,130.4251449213,SYNTHETIC,,2026-09-18
2025-10-20,Altın,129.7307841566,SYNTHETIC,,2026-09-18
2025-10-21,Altın,129.4336024580,SYNTHETIC,,2026-09-18
2025-10-22,Altın,126.8873594105,SYNTHETIC,,2026-09-18
2025-10-23,Altın,130.2298717691,SYNTHETIC,,2026-09-18
2025-10-24,Altın,130.9861853340,SYNTHETIC,,2026-09-18
2025-10-27,Altın,131.2799156903,SYNTHETIC,,2026-09-18
2025-10-28,Altın,129.7896510637,SYNTHETIC,,2026-09-18
2025-10-29,Altın,130.0380011327,SYNTHETIC,,2026-09-18
2025-10-30,Altın,130.0558022832,SYNTHETIC,,2026-09-18
2025-10-31,Altın,132.1123025388,SYNTHETIC,,2026-09-18
2025-11-03,Altın,129.3609613690,SYNTHETIC,,2026-09-18
2025-11-04,Altın,126.5346508799,SYNTHETIC,,2026-09-18
2025-11-05,Altın,128.8038046572,SYNTHETIC,,2026-09-18
2025-11-06,Altın,129.1555336445,SYNTHETIC,,2026-09-18
2025-11-07,Altın,129.6776979618,SYNTHETIC,,2026-09-18
2025-11-10,Altın,134.2254083152,SYNTHETIC,,2026-09-18
2025-11-11,Altın,133.1479973594,SYNTHETIC,,2026-09-18
2025-11-12,Altın,134.0177471052,SYNTHETIC,,2026-09-18
2025-11-13,Altın,135.0784855057,SYNTHETIC,,2026-09-18
2025-11-14,Altın,137.2689483805,SYNTHETIC,,2026-09-18
2025-11-17,Altın,141.4263256814,SYNTHETIC,,2026-09-18
2025-11-18,Altın,141.4416110909,SYNTHETIC,,2026-09-18
2025-11-19,Altın,139.4703593352,SYNTHETIC,,2026-09-18
2025-11-20,Altın,139.3573029775,SYNTHETIC,,2026-09-18
2025-11-21,Altın,139.5025939510,SYNTHETIC,,2026-09-18
2025-11-24,Altın,143.4075680486,SYNTHETIC,,2026-09-18
2025-11-25,Altın,144.0943760481,SYNTHETIC,,2026-09-18
2025-11-26,Altın,145.3941008241,SYNTHETIC,,2026-09-18
2025-11-27,Altın,146.9114719529,SYNTHETIC,,2026-09-18
2025-11-28,Altın,152.5026942077,SYNTHETIC,,2026-09-18
2025-12-01,Altın,150.1041891611,SYNTHETIC,,2026-09-18
2025-12-02,Altın,149.5573593588,SYNTHETIC,,2026-09-18
2025-12-03,Altın,153.4597487169,SYNTHETIC,,2026-09-18
2025-12-04,Altın,156.2205528146,SYNTHETIC,,2026-09-18
2025-12-05,Altın,154.6156993448,SYNTHETIC,,2026-09-18
2025-12-08,Altın,153.3616980812,SYNTHETIC,,2026-09-18
2025-12-09,Altın,156.8781282937,SYNTHETIC,,2026-09-18
2025-12-10,Altın,153.2545314454,SYNTHETIC,,2026-09-18
2025-12-11,Altın,153.7584629651,SYNTHETIC,,2026-09-18
2025-12-12,Altın,153.3155183133,SYNTHETIC,,2026-09-18
2025-12-15,Altın,153.1897079367,SYNTHETIC,,2026-09-18
2025-12-16,Altın,158.5158707441,SYNTHETIC,,2026-09-18
2025-12-17,Altın,157.5469687023,SYNTHETIC,,2026-09-18
2025-12-18,Altın,161.8201871072,SYNTHETIC,,2026-09-18
2025-12-19,Altın,161.6365641934,SYNTHETIC,,2026-09-18
2025-12-22,Altın,161.4633203716,SYNTHETIC,,2026-09-18
2025-12-23,Altın,166.3975004226,SYNTHETIC,,2026-09-18
2025-12-24,Altın,166.7051480296,SYNTHETIC,,2026-09-18
2025-12-25,Altın,165.9294109694,SYNTHETIC,,2026-09-18
2025-12-26,Altın,165.0492352854,SYNTHETIC,,2026-09-18
2025-12-29,Altın,167.6431090485,SYNTHETIC,,2026-09-18
2025-12-30,Altın,166.4847257443,SYNTHETIC,,2026-09-18
2025-12-31,Altın,166.8630032630,SYNTHETIC,,2026-09-18
2026-01-01,Altın,166.9754659246,SYNTHETIC,,2026-09-18
2026-01-02,Altın,166.9027526673,SYNTHETIC,,2026-09-18
2026-01-05,Altın,164.0051192230,SYNTHETIC,,2026-09-18
2026-01-06,Altın,167.2313529337,SYNTHETIC,,2026-09-18
2026-01-07,Altın,166.0853105431,SYNTHETIC,,2026-09-18
2026-01-08,Altın,166.6422171572,SYNTHETIC,,2026-09-18
2026-01-09,Altın,161.8062962978,SYNTHETIC,,2026-09-18
2026-01-12,Altın,161.6952300997,SYNTHETIC,,2026-09-18
2026-01-13,Altın,164.3524357921,SYNTHETIC,,2026-09-18
2026-01-14,Altın,165.7766741563,SYNTHETIC,,2026-09-18
2026-01-15,Altın,169.2085305014,SYNTHETIC,,2026-09-18
2026-01-16,Altın,172.7280865167,SYNTHETIC,,2026-09-18
2026-01-19,Altın,169.2189493752,SYNTHETIC,,2026-09-18
2026-01-20,Altın,171.1186179729,SYNTHETIC,,2026-09-18
2026-01-21,Altın,171.3008656248,SYNTHETIC,,2026-09-18
2026-01-22,Altın,173.6494958140,SYNTHETIC,,2026-09-18
2026-01-23,Altın,172.1847205704,SYNTHETIC,,2026-09-18
2026-01-26,Altın,166.3185596302,SYNTHETIC,,2026-09-18
2026-01-27,Altın,168.9630109913,SYNTHETIC,,2026-09-18
2026-01-28,Altın,170.0465901945,SYNTHETIC,,2026-09-18
2026-01-29,Altın,169.6386020260,SYNTHETIC,,2026-09-18
2026-01-30,Altın,173.6996944191,SYNTHETIC,,2026-09-18
2026-02-02,Altın,172.4932226543,SYNTHETIC,,2026-09-18
2026-02-03,Altın,168.0914166989,SYNTHETIC,,2026-09-18
2026-02-04,Altın,167.7242535733,SYNTHETIC,,2026-09-18
2026-02-05,Altın,164.1039083889,SYNTHETIC,,2026-09-18
2026-02-06,Altın,162.7582712826,SYNTHETIC,,2026-09-18
2026-02-09,Altın,166.8470550024,SYNTHETIC,,2026-09-18
2026-02-10,Altın,168.3290036264,SYNTHETIC,,2026-09-18
2026-02-11,Altın,168.5235898924,SYNTHETIC,,2026-09-18
2026-02-12,Altın,171.8014619838,SYNTHETIC,,2026-09-18
2026-02-13,Altın,168.2938037948,SYNTHETIC,,2026-09-18
2026-02-16,Altın,167.0046774213,SYNTHETIC,,2026-09-18
2026-02-17,Altın,170.1051548502,SYNTHETIC,,2026-09-18
2026-02-18,Altın,173.2319207813,SYNTHETIC,,2026-09-18
2026-02-19,Altın,177.0368234253,SYNTHETIC,,2026-09-18
2026-02-20,Altın,178.3730706315,SYNTHETIC,,2026-09-18
2026-02-23,Altın,179.7748627442,SYNTHETIC,,2026-09-18
2026-02-24,Altın,175.7971751872,SYNTHETIC,,2026-09-18
2026-02-25,Altın,177.2730132022,SYNTHETIC,,2026-09-18
2026-02-26,Altın,180.9021143717,SYNTHETIC,,2026-09-18
2026-02-27,Altın,183.5325906020,SYNTHETIC,,2026-09-18
2026-03-02,Altın,186.1633519254,SYNTHETIC,,2026-09-18
2026-03-03,Altın,185.7819345264,SYNTHETIC,,2026-09-18
2026-03-04,Altın,184.8442511666,SYNTHETIC,,2026-09-18
2026-03-05,Altın,191.4563987191,SYNTHETIC,,2026-09-18
2026-03-06,Altın,189.2026635060,SYNTHETIC,,2026-09-18
2026-03-09,Altın,194.1968412924,SYNTHETIC,,2026-09-18
2026-03-10,Altın,197.4852112254,SYNTHETIC,,2026-09-18
2026-03-11,Altın,193.6719333016,SYNTHETIC,,2026-09-18
2026-03-12,Altın,197.3523247033,SYNTHETIC,,2026-09-18
2026-03-13,Altın,198.1376187509,SYNTHETIC,,2026-09-18
2026-03-16,Altın,202.1148703758,SYNTHETIC,,2026-09-18
2026-03-17,Altın,200.8569412731,SYNTHETIC,,2026-09-18
2026-03-18,Altın,201.5439537101,SYNTHETIC,,2026-09-18
2026-03-19,Altın,202.2752153894,SYNTHETIC,,2026-09-18
2026-03-20,Altın,203.6554483369,SYNTHETIC,,2026-09-18
2026-03-23,Altın,203.3350072345,SYNTHETIC,,2026-09-18
2026-03-24,Altın,208.2441961520,SYNTHETIC,,2026-09-18
2026-03-25,Altın,209.1371780467,SYNTHETIC,,2026-09-18
2026-03-26,Altın,208.8899627791,SYNTHETIC,,2026-09-18
2026-03-27,Altın,211.3062918109,SYNTHETIC,,2026-09-18
2026-03-30,Altın,207.9839137575,SYNTHETIC,,2026-09-18
2026-03-31,Altın,205.3102572718,SYNTHETIC,,2026-09-18
2026-04-01,Altın,204.6144546218,SYNTHETIC,,2026-09-18
2026-04-02,Altın,205.1214928845,SYNTHETIC,,2026-09-18
2026-04-03,Altın,207.9638266164,SYNTHETIC,,2026-09-18
2026-04-06,Altın,207.3804194045,SYNTHETIC,,2026-09-18
2026-04-07,Altın,211.0154646008,SYNTHETIC,,2026-09-18
2026-04-08,Altın,208.0746106276,SYNTHETIC,,2026-09-18
2026-04-09,Altın,209.7414052186,SYNTHETIC,,2026-09-18
2026-04-10,Altın,211.9984778663,SYNTHETIC,,2026-09-18
2026-04-13,Altın,208.8635641424,SYNTHETIC,,2026-09-18
2026-04-14,Altın,205.8663317220,SYNTHETIC,,2026-09-18
2026-04-15,Altın,202.9960960483,SYNTHETIC,,2026-09-18
2026-04-16,Altın,201.0210665319,SYNTHETIC,,2026-09-18
2026-04-17,Altın,201.9470232878,SYNTHETIC,,2026-09-18
2026-04-20,Altın,206.5554905693,SYNTHETIC,,2026-09-18
2026-04-21,Altın,212.8994395754,SYNTHETIC,,2026-09-18
2026-04-22,Altın,214.7323506283,SYNTHETIC,,2026-09-18
2026-04-23,Altın,216.2444644805,SYNTHETIC,,2026-09-18
2026-04-24,Altın,214.4263147440,SYNTHETIC,,2026-09-18
2026-04-27,Altın,207.4651035728,SYNTHETIC,,2026-09-18
2026-04-28,Altın,211.0014440615,SYNTHETIC,,2026-09-18
2026-04-29,Altın,203.9107912343,SYNTHETIC,,2026-09-18
2026-04-30,Altın,205.2422650258,SYNTHETIC,,2026-09-18
2026-05-01,Altın,202.3268688709,SYNTHETIC,,2026-09-18
2026-05-04,Altın,204.1809731266,SYNTHETIC,,2026-09-18
2026-05-05,Altın,204.8824871888,SYNTHETIC,,2026-09-18
2026-05-06,Altın,211.3647591634,SYNTHETIC,,2026-09-18
2026-05-07,Altın,212.2789972254,SYNTHETIC,,2026-09-18
2026-05-08,Altın,211.6236891043,SYNTHETIC,,2026-09-18
2026-05-11,Altın,209.0934158331,SYNTHETIC,,2026-09-18
2026-05-12,Altın,212.0064560309,SYNTHETIC,,2026-09-18
2026-05-13,Altın,215.3885716612,SYNTHETIC,,2026-09-18
2026-05-14,Altın,216.9419169637,SYNTHETIC,,2026-09-18
2026-05-15,Altın,217.3706933004,SYNTHETIC,,2026-09-18
2026-05-18,Altın,219.3509581511,SYNTHETIC,,2026-09-18
2026-05-19,Altın,224.6897692545,SYNTHETIC,,2026-09-18
2026-05-20,Altın,228.3620993401,SYNTHETIC,,2026-09-18
2026-05-21,Altın,227.6344841475,SYNTHETIC,,2026-09-18
2026-05-22,Altın,229.1219945881,SYNTHETIC,,2026-09-18
2026-05-25,Altın,228.6323389230,SYNTHETIC,,2026-09-18
2026-05-26,Altın,235.8467149099,SYNTHETIC,,2026-09-18
2026-05-27,Altın,236.0229482835,SYNTHETIC,,2026-09-18
2026-05-28,Altın,239.7442024445,SYNTHETIC,,2026-09-18
2026-05-29,Altın,237.6719746967,SYNTHETIC,,2026-09-18
2026-06-01,Altın,236.4820442295,SYNTHETIC,,2026-09-18
2026-06-02,Altın,239.7131016874,SYNTHETIC,,2026-09-18
2026-06-03,Altın,242.7067944646,SYNTHETIC,,2026-09-18
2026-06-04,Altın,239.2207360407,SYNTHETIC,,2026-09-18
2026-06-05,Altın,236.2579511516,SYNTHETIC,,2026-09-18
2026-06-08,Altın,236.3614298513,SYNTHETIC,,2026-09-18
2026-06-09,Altın,237.4317795975,SYNTHETIC,,2026-09-18
2026-06-10,Altın,238.6594599384,SYNTHETIC,,2026-09-18
2026-06-11,Altın,234.8286928382,SYNTHETIC,,2026-09-18
2026-06-12,Altın,233.8047006013,SYNTHETIC,,2026-09-18
2026-06-15,Altın,232.5052941686,SYNTHETIC,,2026-09-18
2026-06-16,Altın,236.2123726912,SYNTHETIC,,2026-09-18
2026-06-17,Altın,237.6270535935,SYNTHETIC,,2026-09-18
2026-06-18,Altın,243.9978144158,SYNTHETIC,,2026-09-18
2026-06-19,Altın,239.9277831553,SYNTHETIC,,2026-09-18
2026-06-22,Altın,244.4032889848,SYNTHETIC,,2026-09-18
2026-06-23,Altın,250.3297378846,SYNTHETIC,,2026-09-18
2026-06-24,Altın,249.1686817428,SYNTHETIC,,2026-09-18
2026-06-25,Altın,257.3333410384,SYNTHETIC,,2026-09-18
2026-06-26,Altın,260.9569626698,SYNTHETIC,,2026-09-18
2026-06-29,Altın,258.8049762561,SYNTHETIC,,2026-09-18
2026-06-30,Altın,258.5494167753,SYNTHETIC,,2026-09-18
2026-07-01,Altın,257.6659603711,SYNTHETIC,,2026-09-18
2026-07-02,Altın,262.7152728823,SYNTHETIC,,2026-09-18
2026-07-03,Altın,259.5242346500,SYNTHETIC,,2026-09-18
2026-07-06,Altın,257.2044915090,SYNTHETIC,,2026-09-18
2026-07-07,Altın,260.5434796013,SYNTHETIC,,2026-09-18
2026-07-08,Altın,265.0602434232,SYNTHETIC,,2026-09-18
2026-07-09,Altın,259.3003490566,SYNTHETIC,,2026-09-18
2026-07-10,Altın,254.1837955196,SYNTHETIC,,2026-09-18
2026-07-13,Altın,251.2999767200,SYNTHETIC,,2026-09-18
2026-07-14,Altın,247.1934287135,SYNTHETIC,,2026-09-18
2026-07-15,Altın,248.0223808076,SYNTHETIC,,2026-09-18
2026-07-16,Altın,245.0746902502,SYNTHETIC,,2026-09-18
2026-07-17,Altın,243.5786107566,SYNTHETIC,,2026-09-18
2026-07-20,Altın,250.3589018383,SYNTHETIC,,2026-09-18
2026-07-21,Altın,248.3524106069,SYNTHETIC,,2026-09-18
2026-07-22,Altın,239.6300442302,SYNTHETIC,,2026-09-18
2026-07-23,Altın,234.8030834294,SYNTHETIC,,2026-09-18
2026-07-24,Altın,237.1602287376,SYNTHETIC,,2026-09-18
2026-07-27,Altın,238.9472873409,SYNTHETIC,,2026-09-18
2026-07-28,Altın,241.0653147757,SYNTHETIC,,2026-09-18
2026-07-29,Altın,243.6040738999,SYNTHETIC,,2026-09-18
2026-07-30,Altın,244.6477880491,SYNTHETIC,,2026-09-18
2026-07-31,Altın,244.9400613540,SYNTHETIC,,2026-09-18
2026-08-03,Altın,246.3614665481,SYNTHETIC,,2026-09-18
2026-08-04,Altın,245.7468699523,SYNTHETIC,,2026-09-18
2026-08-05,Altın,239.1885500558,SYNTHETIC,,2026-09-18
2026-08-06,Altın,241.2166272468,SYNTHETIC,,2026-09-18
2026-08-07,Altın,239.5574722056,SYNTHETIC,,2026-09-18
2026-08-10,Altın,240.8190648214,SYNTHETIC,,2026-09-18
2026-08-11,Altın,241.5431812610,SYNTHETIC,,2026-09-18
2026-08-12,Altın,243.0785258580,SYNTHETIC,,2026-09-18
2026-08-13,Altın,243.5435164642,SYNTHETIC,,2026-09-18
2026-08-14,Altın,237.8510916247,SYNTHETIC,,2026-09-18
2026-08-17,Altın,240.5558484112,SYNTHETIC,,2026-09-18
2026-08-18,Altın,241.0630062898,SYNTHETIC,,2026-09-18
2026-08-19,Altın,243.6013877373,SYNTHETIC,,2026-09-18
2026-08-20,Altın,244.2048735990,SYNTHETIC,,2026-09-18
2026-08-21,Altın,244.8113139573,SYNTHETIC,,2026-09-18
2026-08-24,Altın,242.0127233948,SYNTHETIC,,2026-09-18
2026-08-25,Altın,235.1532490383,SYNTHETIC,,2026-09-18
2026-08-26,Altın,233.4323200923,SYNTHETIC,,2026-09-18
2026-08-27,Altın,238.2247080038,SYNTHETIC,,2026-09-18
2026-08-28,Altın,241.4112510091,SYNTHETIC,,2026-09-18
2026-08-31,Altın,241.4905886923,SYNTHETIC,,2026-09-18
2026-09-01,Altın,237.1404380408,SYNTHETIC,,2026-09-18
2026-09-02,Altın,238.5256909718,SYNTHETIC,,2026-09-18
2026-09-03,Altın,240.2872058572,SYNTHETIC,,2026-09-18
2026-09-04,Altın,238.5304232964,SYNTHETIC,,2026-09-18
2026-09-07,Altın,231.0696356617,SYNTHETIC,,2026-09-18
2026-09-08,Altın,230.6929860135,SYNTHETIC,,2026-09-18
2026-09-09,Altın,229.6970466604,SYNTHETIC,,2026-09-18
2026-09-10,Altın,229.3278139054,SYNTHETIC,,2026-09-18
2026-09-11,Altın,225.6151198932,SYNTHETIC,,2026-09-18
2026-09-14,Altın,228.8496588975,SYNTHETIC,,2026-09-18
2026-09-15,Altın,226.2135409289,SYNTHETIC,,2026-09-18
2026-09-16,Altın,224.0930645397,SYNTHETIC,,2026-09-18
2026-09-17,Altın,222.2033425117,SYNTHETIC,,2026-09-18
2026-09-18,Altın,226.1427014134,SYNTHETIC,,2026-09-18
2022-01-03,Para Piyasası,100.0000000000,SYNTHETIC,,2026-09-18
2022-01-04,Para Piyasası,100.0970938756,SYNTHETIC,,2026-09-18
2022-01-05,Para Piyasası,100.0939310946,SYNTHETIC,,2026-09-18
2022-01-06,Para Piyasası,100.2290546813,SYNTHETIC,,2026-09-18
2022-01-07,Para Piyasası,100.3780927573,SYNTHETIC,,2026-09-18
2022-01-10,Para Piyasası,100.5008172384,SYNTHETIC,,2026-09-18
2022-01-11,Para Piyasası,100.5608072844,SYNTHETIC,,2026-09-18
2022-01-12,Para Piyasası,100.5267594007,SYNTHETIC,,2026-09-18
2022-01-13,Para Piyasası,100.6102605620,SYNTHETIC,,2026-09-18
2022-01-14,Para Piyasası,100.6820850149,SYNTHETIC,,2026-09-18
2022-01-17,Para Piyasası,100.8562705901,SYNTHETIC,,2026-09-18
2022-01-18,Para Piyasası,100.8687603871,SYNTHETIC,,2026-09-18
2022-01-19,Para Piyasası,100.9809587058,SYNTHETIC,,2026-09-18
2022-01-20,Para Piyasası,100.9760302729,SYNTHETIC,,2026-09-18
2022-01-21,Para Piyasası,101.0637027297,SYNTHETIC,,2026-09-18
2022-01-24,Para Piyasası,101.1572905735,SYNTHETIC,,2026-09-18
2022-01-25,Para Piyasası,101.2303607614,SYNTHETIC,,2026-09-18
2022-01-26,Para Piyasası,101.2490102801,SYNTHETIC,,2026-09-18
2022-01-27,Para Piyasası,101.3274373772,SYNTHETIC,,2026-09-18
2022-01-28,Para Piyasası,101.3338382367,SYNTHETIC,,2026-09-18
2022-01-31,Para Piyasası,101.5503417097,SYNTHETIC,,2026-09-18
2022-02-01,Para Piyasası,101.6273794173,SYNTHETIC,,2026-09-18
2022-02-02,Para Piyasası,101.6927996763,SYNTHETIC,,2026-09-18
2022-02-03,Para Piyasası,101.7762132194,SYNTHETIC,,2026-09-18
2022-02-04,Para Piyasası,101.8321661708,SYNTHETIC,,2026-09-18
2022-02-07,Para Piyasası,101.8419400902,SYNTHETIC,,2026-09-18
2022-02-08,Para Piyasası,101.9474664681,SYNTHETIC,,2026-09-18
2022-02-09,Para Piyasası,102.0303787884,SYNTHETIC,,2026-09-18
2022-02-10,Para Piyasası,102.1844669113,SYNTHETIC,,2026-09-18
2022-02-11,Para Piyasası,102.2259704447,SYNTHETIC,,2026-09-18
2022-02-14,Para Piyasası,102.2728388414,SYNTHETIC,,2026-09-18
2022-02-15,Para Piyasası,102.2795679371,SYNTHETIC,,2026-09-18
2022-02-16,Para Piyasası,102.3321493384,SYNTHETIC,,2026-09-18
2022-02-17,Para Piyasası,102.4749171105,SYNTHETIC,,2026-09-18
2022-02-18,Para Piyasası,102.6420756370,SYNTHETIC,,2026-09-18
2022-02-21,Para Piyasası,102.7250822443,SYNTHETIC,,2026-09-18
2022-02-22,Para Piyasası,102.7203562483,SYNTHETIC,,2026-09-18
2022-02-23,Para Piyasası,102.8959938972,SYNTHETIC,,2026-09-18
2022-02-24,Para Piyasası,103.0322589008,SYNTHETIC,,2026-09-18
2022-02-25,Para Piyasası,103.1620705940,SYNTHETIC,,2026-09-18
2022-02-28,Para Piyasası,103.3275014448,SYNTHETIC,,2026-09-18
2022-03-01,Para Piyasası,103.4945166731,SYNTHETIC,,2026-09-18
2022-03-02,Para Piyasası,103.6210669924,SYNTHETIC,,2026-09-18
2022-03-03,Para Piyasası,103.7396546566,SYNTHETIC,,2026-09-18
2022-03-04,Para Piyasası,103.7925278358,SYNTHETIC,,2026-09-18
2022-03-07,Para Piyasası,103.8746635307,SYNTHETIC,,2026-09-18
2022-03-08,Para Piyasası,104.0749941921,SYNTHETIC,,2026-09-18
2022-03-09,Para Piyasası,104.1479608255,SYNTHETIC,,2026-09-18
2022-03-10,Para Piyasası,104.2574498229,SYNTHETIC,,2026-09-18
2022-03-11,Para Piyasası,104.3387867120,SYNTHETIC,,2026-09-18
2022-03-14,Para Piyasası,104.3885752342,SYNTHETIC,,2026-09-18
2022-03-15,Para Piyasası,104.4300590091,SYNTHETIC,,2026-09-18
2022-03-16,Para Piyasası,104.5188549772,SYNTHETIC,,2026-09-18
2022-03-17,Para Piyasası,104.6195597398,SYNTHETIC,,2026-09-18
2022-03-18,Para Piyasası,104.6875945125,SYNTHETIC,,2026-09-18
2022-03-21,Para Piyasası,104.8554840886,SYNTHETIC,,2026-09-18
2022-03-22,Para Piyasası,104.9194769087,SYNTHETIC,,2026-09-18
2022-03-23,Para Piyasası,105.0764962700,SYNTHETIC,,2026-09-18
2022-03-24,Para Piyasası,105.1739131365,SYNTHETIC,,2026-09-18
2022-03-25,Para Piyasası,105.2463319691,SYNTHETIC,,2026-09-18
2022-03-28,Para Piyasası,105.3869491519,SYNTHETIC,,2026-09-18
2022-03-29,Para Piyasası,105.4917004545,SYNTHETIC,,2026-09-18
2022-03-30,Para Piyasası,105.6448634951,SYNTHETIC,,2026-09-18
2022-03-31,Para Piyasası,105.7322052883,SYNTHETIC,,2026-09-18
2022-04-01,Para Piyasası,105.8236094963,SYNTHETIC,,2026-09-18
2022-04-04,Para Piyasası,106.0352969641,SYNTHETIC,,2026-09-18
2022-04-05,Para Piyasası,106.0940468596,SYNTHETIC,,2026-09-18
2022-04-06,Para Piyasası,106.1478988101,SYNTHETIC,,2026-09-18
2022-04-07,Para Piyasası,106.3341339158,SYNTHETIC,,2026-09-18
2022-04-08,Para Piyasası,106.4361883489,SYNTHETIC,,2026-09-18
2022-04-11,Para Piyasası,106.5232203949,SYNTHETIC,,2026-09-18
2022-04-12,Para Piyasası,106.5647692377,SYNTHETIC,,2026-09-18
2022-04-13,Para Piyasası,106.6320497054,SYNTHETIC,,2026-09-18
2022-04-14,Para Piyasası,106.7915643975,SYNTHETIC,,2026-09-18
2022-04-15,Para Piyasası,106.8994281409,SYNTHETIC,,2026-09-18
2022-04-18,Para Piyasası,107.0187102823,SYNTHETIC,,2026-09-18
2022-04-19,Para Piyasası,107.0883853123,SYNTHETIC,,2026-09-18
2022-04-20,Para Piyasası,107.1090414794,SYNTHETIC,,2026-09-18
2022-04-21,Para Piyasası,107.1365459796,SYNTHETIC,,2026-09-18
2022-04-22,Para Piyasası,107.2723307566,SYNTHETIC,,2026-09-18
2022-04-25,Para Piyasası,107.3627195678,SYNTHETIC,,2026-09-18
2022-04-26,Para Piyasası,107.3874463283,SYNTHETIC,,2026-09-18
2022-04-27,Para Piyasası,107.4918551040,SYNTHETIC,,2026-09-18
2022-04-28,Para Piyasası,107.5410069774,SYNTHETIC,,2026-09-18
2022-04-29,Para Piyasası,107.6442790130,SYNTHETIC,,2026-09-18
2022-05-02,Para Piyasası,107.8412564816,SYNTHETIC,,2026-09-18
2022-05-03,Para Piyasası,108.0564558311,SYNTHETIC,,2026-09-18
2022-05-04,Para Piyasası,108.2038820662,SYNTHETIC,,2026-09-18
2022-05-05,Para Piyasası,108.4324216812,SYNTHETIC,,2026-09-18
2022-05-06,Para Piyasası,108.5274466015,SYNTHETIC,,2026-09-18
2022-05-09,Para Piyasası,108.6928071681,SYNTHETIC,,2026-09-18
2022-05-10,Para Piyasası,108.7847233443,SYNTHETIC,,2026-09-18
2022-05-11,Para Piyasası,108.9389299686,SYNTHETIC,,2026-09-18
2022-05-12,Para Piyasası,109.0257443368,SYNTHETIC,,2026-09-18
2022-05-13,Para Piyasası,109.1698966478,SYNTHETIC,,2026-09-18
2022-05-16,Para Piyasası,109.1803120693,SYNTHETIC,,2026-09-18
2022-05-17,Para Piyasası,109.2404578012,SYNTHETIC,,2026-09-18
2022-05-18,Para Piyasası,109.3847882516,SYNTHETIC,,2026-09-18
2022-05-19,Para Piyasası,109.4577251976,SYNTHETIC,,2026-09-18
2022-05-20,Para Piyasası,109.5874410274,SYNTHETIC,,2026-09-18
2022-05-23,Para Piyasası,109.6611817340,SYNTHETIC,,2026-09-18
2022-05-24,Para Piyasası,109.8619657777,SYNTHETIC,,2026-09-18
2022-05-25,Para Piyasası,109.8938967298,SYNTHETIC,,2026-09-18
2022-05-26,Para Piyasası,110.1084173239,SYNTHETIC,,2026-09-18
2022-05-27,Para Piyasası,110.1820563332,SYNTHETIC,,2026-09-18
2022-05-30,Para Piyasası,110.3422124543,SYNTHETIC,,2026-09-18
2022-05-31,Para Piyasası,110.4683127423,SYNTHETIC,,2026-09-18
2022-06-01,Para Piyasası,110.4839320213,SYNTHETIC,,2026-09-18
2022-06-02,Para Piyasası,110.6591781872,SYNTHETIC,,2026-09-18
2022-06-03,Para Piyasası,110.7877228408,SYNTHETIC,,2026-09-18
2022-06-06,Para Piyasası,110.8854754978,SYNTHETIC,,2026-09-18
2022-06-07,Para Piyasası,110.9572262147,SYNTHETIC,,2026-09-18
2022-06-08,Para Piyasası,111.0537131523,SYNTHETIC,,2026-09-18
2022-06-09,Para Piyasası,111.1414852988,SYNTHETIC,,2026-09-18
2022-06-10,Para Piyasası,111.2967244280,SYNTHETIC,,2026-09-18
2022-06-13,Para Piyasası,111.3666286954,SYNTHETIC,,2026-09-18
2022-06-14,Para Piyasası,111.4284273702,SYNTHETIC,,2026-09-18
2022-06-15,Para Piyasası,111.4471523520,SYNTHETIC,,2026-09-18
2022-06-16,Para Piyasası,111.5996461875,SYNTHETIC,,2026-09-18
2022-06-17,Para Piyasası,111.6828977086,SYNTHETIC,,2026-09-18
2022-06-20,Para Piyasası,111.6823001733,SYNTHETIC,,2026-09-18
2022-06-21,Para Piyasası,111.8211086693,SYNTHETIC,,2026-09-18
2022-06-22,Para Piyasası,111.9392218635,SYNTHETIC,,2026-09-18
2022-06-23,Para Piyasası,112.0258941907,SYNTHETIC,,2026-09-18
2022-06-24,Para Piyasası,112.1595617376,SYNTHETIC,,2026-09-18
2022-06-27,Para Piyasası,112.3695362985,SYNTHETIC,,2026-09-18
2022-06-28,Para Piyasası,112.5135164467,SYNTHETIC,,2026-09-18
2022-06-29,Para Piyasası,112.7380717841,SYNTHETIC,,2026-09-18
2022-06-30,Para Piyasası,112.9293382131,SYNTHETIC,,2026-09-18
2022-07-01,Para Piyasası,113.1345659205,SYNTHETIC,,2026-09-18
2022-07-04,Para Piyasası,113.2135738509,SYNTHETIC,,2026-09-18
2022-07-05,Para Piyasası,113.3223236918,SYNTHETIC,,2026-09-18
2022-07-06,Para Piyasası,113.3744704144,SYNTHETIC,,2026-09-18
2022-07-07,Para Piyasası,113.5325338342,SYNTHETIC,,2026-09-18
2022-07-08,Para Piyasası,113.5723688808,SYNTHETIC,,2026-09-18
2022-07-11,Para Piyasası,113.7402386024,SYNTHETIC,,2026-09-18
2022-07-12,Para Piyasası,113.8567199724,SYNTHETIC,,2026-09-18
2022-07-13,Para Piyasası,113.9623714494,SYNTHETIC,,2026-09-18
2022-07-14,Para Piyasası,114.1199490629,SYNTHETIC,,2026-09-18
2022-07-15,Para Piyasası,114.1600901918,SYNTHETIC,,2026-09-18
2022-07-18,Para Piyasası,114.2414769930,SYNTHETIC,,2026-09-18
2022-07-19,Para Piyasası,114.2968732927,SYNTHETIC,,2026-09-18
2022-07-20,Para Piyasası,114.3427159982,SYNTHETIC,,2026-09-18
2022-07-21,Para Piyasası,114.4193334108,SYNTHETIC,,2026-09-18
2022-07-22,Para Piyasası,114.5578952307,SYNTHETIC,,2026-09-18
2022-07-25,Para Piyasası,114.7514866718,SYNTHETIC,,2026-09-18
2022-07-26,Para Piyasası,114.8100354768,SYNTHETIC,,2026-09-18
2022-07-27,Para Piyasası,114.9556752029,SYNTHETIC,,2026-09-18
2022-07-28,Para Piyasası,115.0062963701,SYNTHETIC,,2026-09-18
2022-07-29,Para Piyasası,115.0905990358,SYNTHETIC,,2026-09-18
2022-08-01,Para Piyasası,115.2486325694,SYNTHETIC,,2026-09-18
2022-08-02,Para Piyasası,115.3098111675,SYNTHETIC,,2026-09-18
2022-08-03,Para Piyasası,115.3625788884,SYNTHETIC,,2026-09-18
2022-08-04,Para Piyasası,115.4173937685,SYNTHETIC,,2026-09-18
2022-08-05,Para Piyasası,115.5261461353,SYNTHETIC,,2026-09-18
2022-08-08,Para Piyasası,115.6020012777,SYNTHETIC,,2026-09-18
2022-08-09,Para Piyasası,115.7988546430,SYNTHETIC,,2026-09-18
2022-08-10,Para Piyasası,115.9554834985,SYNTHETIC,,2026-09-18
2022-08-11,Para Piyasası,115.9618438717,SYNTHETIC,,2026-09-18
2022-08-12,Para Piyasası,115.9798094973,SYNTHETIC,,2026-09-18
2022-08-15,Para Piyasası,116.0498990448,SYNTHETIC,,2026-09-18
2022-08-16,Para Piyasası,116.1323145166,SYNTHETIC,,2026-09-18
2022-08-17,Para Piyasası,116.2550830921,SYNTHETIC,,2026-09-18
2022-08-18,Para Piyasası,116.3324003550,SYNTHETIC,,2026-09-18
2022-08-19,Para Piyasası,116.4695783822,SYNTHETIC,,2026-09-18
2022-08-22,Para Piyasası,116.6138780100,SYNTHETIC,,2026-09-18
2022-08-23,Para Piyasası,116.6987558195,SYNTHETIC,,2026-09-18
2022-08-24,Para Piyasası,116.7796344678,SYNTHETIC,,2026-09-18
2022-08-25,Para Piyasası,116.8796279574,SYNTHETIC,,2026-09-18
2022-08-26,Para Piyasası,117.0174279381,SYNTHETIC,,2026-09-18
2022-08-29,Para Piyasası,117.1118343616,SYNTHETIC,,2026-09-18
2022-08-30,Para Piyasası,117.1123620092,SYNTHETIC,,2026-09-18
2022-08-31,Para Piyasası,117.2226847875,SYNTHETIC,,2026-09-18
2022-09-01,Para Piyasası,117.3200708772,SYNTHETIC,,2026-09-18
2022-09-02,Para Piyasası,117.3766013875,SYNTHETIC,,2026-09-18
2022-09-05,Para Piyasası,117.4598966859,SYNTHETIC,,2026-09-18
2022-09-06,Para Piyasası,117.6314891311,SYNTHETIC,,2026-09-18
2022-09-07,Para Piyasası,117.8446610962,SYNTHETIC,,2026-09-18
2022-09-08,Para Piyasası,117.9306362612,SYNTHETIC,,2026-09-18
2022-09-09,Para Piyasası,118.0496120555,SYNTHETIC,,2026-09-18
2022-09-12,Para Piyasası,118.0394472552,SYNTHETIC,,2026-09-18
2022-09-13,Para Piyasası,118.0774534259,SYNTHETIC,,2026-09-18
2022-09-14,Para Piyasası,118.2510277141,SYNTHETIC,,2026-09-18
2022-09-15,Para Piyasası,118.2731046465,SYNTHETIC,,2026-09-18
2022-09-16,Para Piyasası,118.4341359327,SYNTHETIC,,2026-09-18
2022-09-19,Para Piyasası,118.4911262425,SYNTHETIC,,2026-09-18
2022-09-20,Para Piyasası,118.6142449177,SYNTHETIC,,2026-09-18
2022-09-21,Para Piyasası,118.6588616573,SYNTHETIC,,2026-09-18
2022-09-22,Para Piyasası,118.8322551452,SYNTHETIC,,2026-09-18
2022-09-23,Para Piyasası,118.8425618293,SYNTHETIC,,2026-09-18
2022-09-26,Para Piyasası,118.9973084085,SYNTHETIC,,2026-09-18
2022-09-27,Para Piyasası,119.0871742420,SYNTHETIC,,2026-09-18
2022-09-28,Para Piyasası,119.1862691782,SYNTHETIC,,2026-09-18
2022-09-29,Para Piyasası,119.3531370418,SYNTHETIC,,2026-09-18
2022-09-30,Para Piyasası,119.5248094569,SYNTHETIC,,2026-09-18
2022-10-03,Para Piyasası,119.7091672233,SYNTHETIC,,2026-09-18
2022-10-04,Para Piyasası,119.8075973990,SYNTHETIC,,2026-09-18
2022-10-05,Para Piyasası,119.9582397928,SYNTHETIC,,2026-09-18
2022-10-06,Para Piyasası,120.0380189530,SYNTHETIC,,2026-09-18
2022-10-07,Para Piyasası,120.1043056486,SYNTHETIC,,2026-09-18
2022-10-10,Para Piyasası,120.3273785790,SYNTHETIC,,2026-09-18
2022-10-11,Para Piyasası,120.4622471413,SYNTHETIC,,2026-09-18
2022-10-12,Para Piyasası,120.5712105028,SYNTHETIC,,2026-09-18
2022-10-13,Para Piyasası,120.7193521193,SYNTHETIC,,2026-09-18
2022-10-14,Para Piyasası,120.8519761166,SYNTHETIC,,2026-09-18
2022-10-17,Para Piyasası,120.9802225924,SYNTHETIC,,2026-09-18
2022-10-18,Para Piyasası,121.0213288030,SYNTHETIC,,2026-09-18
2022-10-19,Para Piyasası,121.0515216006,SYNTHETIC,,2026-09-18
2022-10-20,Para Piyasası,121.2305876301,SYNTHETIC,,2026-09-18
2022-10-21,Para Piyasası,121.3528162528,SYNTHETIC,,2026-09-18
2022-10-24,Para Piyasası,121.4556749269,SYNTHETIC,,2026-09-18
2022-10-25,Para Piyasası,121.5663034278,SYNTHETIC,,2026-09-18
2022-10-26,Para Piyasası,121.6208645830,SYNTHETIC,,2026-09-18
2022-10-27,Para Piyasası,121.7556063555,SYNTHETIC,,2026-09-18
2022-10-28,Para Piyasası,121.8211205104,SYNTHETIC,,2026-09-18
2022-10-31,Para Piyasası,121.9632694838,SYNTHETIC,,2026-09-18
2022-11-01,Para Piyasası,122.0300411277,SYNTHETIC,,2026-09-18
2022-11-02,Para Piyasası,122.1564427226,SYNTHETIC,,2026-09-18
2022-11-03,Para Piyasası,122.3014140321,SYNTHETIC,,2026-09-18
2022-11-04,Para Piyasası,122.3934085345,SYNTHETIC,,2026-09-18
2022-11-07,Para Piyasası,122.5112877536,SYNTHETIC,,2026-09-18
2022-11-08,Para Piyasası,122.5840503595,SYNTHETIC,,2026-09-18
2022-11-09,Para Piyasası,122.6828640024,SYNTHETIC,,2026-09-18
2022-11-10,Para Piyasası,122.8553255465,SYNTHETIC,,2026-09-18
2022-11-11,Para Piyasası,122.8908674757,SYNTHETIC,,2026-09-18
2022-11-14,Para Piyasası,122.9064263859,SYNTHETIC,,2026-09-18
2022-11-15,Para Piyasası,122.9273476185,SYNTHETIC,,2026-09-18
2022-11-16,Para Piyasası,122.9870341874,SYNTHETIC,,2026-09-18
2022-11-17,Para Piyasası,123.2101258584,SYNTHETIC,,2026-09-18
2022-11-18,Para Piyasası,123.3924169310,SYNTHETIC,,2026-09-18
2022-11-21,Para Piyasası,123.5063309048,SYNTHETIC,,2026-09-18
2022-11-22,Para Piyasası,123.4913494933,SYNTHETIC,,2026-09-18
2022-11-23,Para Piyasası,123.6325596903,SYNTHETIC,,2026-09-18
2022-11-24,Para Piyasası,123.7614950254,SYNTHETIC,,2026-09-18
2022-11-25,Para Piyasası,123.8460705678,SYNTHETIC,,2026-09-18
2022-11-28,Para Piyasası,123.9954654254,SYNTHETIC,,2026-09-18
2022-11-29,Para Piyasası,124.0329740540,SYNTHETIC,,2026-09-18
2022-11-30,Para Piyasası,124.1780270195,SYNTHETIC,,2026-09-18
2022-12-01,Para Piyasası,124.2837273318,SYNTHETIC,,2026-09-18
2022-12-02,Para Piyasası,124.3827142937,SYNTHETIC,,2026-09-18
2022-12-05,Para Piyasası,124.4640793283,SYNTHETIC,,2026-09-18
2022-12-06,Para Piyasası,124.6599945723,SYNTHETIC,,2026-09-18
2022-12-07,Para Piyasası,124.7433336310,SYNTHETIC,,2026-09-18
2022-12-08,Para Piyasası,124.8544061154,SYNTHETIC,,2026-09-18
2022-12-09,Para Piyasası,124.9710991451,SYNTHETIC,,2026-09-18
2022-12-12,Para Piyasası,125.1715106079,SYNTHETIC,,2026-09-18
2022-12-13,Para Piyasası,125.3306279550,SYNTHETIC,,2026-09-18
2022-12-14,Para Piyasası,125.4495681982,SYNTHETIC,,2026-09-18
2022-12-15,Para Piyasası,125.5279114782,SYNTHETIC,,2026-09-18
2022-12-16,Para Piyasası,125.6886932413,SYNTHETIC,,2026-09-18
2022-12-19,Para Piyasası,125.8063382390,SYNTHETIC,,2026-09-18
2022-12-20,Para Piyasası,125.8834174058,SYNTHETIC,,2026-09-18
2022-12-21,Para Piyasası,126.0705799939,SYNTHETIC,,2026-09-18
2022-12-22,Para Piyasası,126.1977670591,SYNTHETIC,,2026-09-18
2022-12-23,Para Piyasası,126.3950549347,SYNTHETIC,,2026-09-18
2022-12-26,Para Piyasası,126.4927946593,SYNTHETIC,,2026-09-18
2022-12-27,Para Piyasası,126.5041905274,SYNTHETIC,,2026-09-18
2022-12-28,Para Piyasası,126.6167594517,SYNTHETIC,,2026-09-18
2022-12-29,Para Piyasası,126.7702980343,SYNTHETIC,,2026-09-18
2022-12-30,Para Piyasası,126.8230145991,SYNTHETIC,,2026-09-18
2023-01-02,Para Piyasası,126.9053623121,SYNTHETIC,,2026-09-18
2023-01-03,Para Piyasası,127.1536987486,SYNTHETIC,,2026-09-18
2023-01-04,Para Piyasası,127.2305152204,SYNTHETIC,,2026-09-18
2023-01-05,Para Piyasası,127.3728994196,SYNTHETIC,,2026-09-18
2023-01-06,Para Piyasası,127.5056676372,SYNTHETIC,,2026-09-18
2023-01-09,Para Piyasası,127.5118794218,SYNTHETIC,,2026-09-18
2023-01-10,Para Piyasası,127.6845379571,SYNTHETIC,,2026-09-18
2023-01-11,Para Piyasası,127.6468081051,SYNTHETIC,,2026-09-18
2023-01-12,Para Piyasası,127.8117846942,SYNTHETIC,,2026-09-18
2023-01-13,Para Piyasası,127.9488347749,SYNTHETIC,,2026-09-18
2023-01-16,Para Piyasası,128.1494212937,SYNTHETIC,,2026-09-18
2023-01-17,Para Piyasası,128.3241560616,SYNTHETIC,,2026-09-18
2023-01-18,Para Piyasası,128.4951714834,SYNTHETIC,,2026-09-18
2023-01-19,Para Piyasası,128.5197691874,SYNTHETIC,,2026-09-18
2023-01-20,Para Piyasası,128.6294739462,SYNTHETIC,,2026-09-18
2023-01-23,Para Piyasası,128.7181945096,SYNTHETIC,,2026-09-18
2023-01-24,Para Piyasası,128.8017725022,SYNTHETIC,,2026-09-18
2023-01-25,Para Piyasası,128.8617135463,SYNTHETIC,,2026-09-18
2023-01-26,Para Piyasası,128.9199337367,SYNTHETIC,,2026-09-18
2023-01-27,Para Piyasası,129.0336468614,SYNTHETIC,,2026-09-18
2023-01-30,Para Piyasası,129.1276735509,SYNTHETIC,,2026-09-18
2023-01-31,Para Piyasası,129.2302425043,SYNTHETIC,,2026-09-18
2023-02-01,Para Piyasası,129.3656821539,SYNTHETIC,,2026-09-18
2023-02-02,Para Piyasası,129.4003856719,SYNTHETIC,,2026-09-18
2023-02-03,Para Piyasası,129.6275610173,SYNTHETIC,,2026-09-18
2023-02-06,Para Piyasası,129.7176406725,SYNTHETIC,,2026-09-18
2023-02-07,Para Piyasası,129.8708444172,SYNTHETIC,,2026-09-18
2023-02-08,Para Piyasası,130.0740993829,SYNTHETIC,,2026-09-18
2023-02-09,Para Piyasası,130.3050526510,SYNTHETIC,,2026-09-18
2023-02-10,Para Piyasası,130.4666416202,SYNTHETIC,,2026-09-18
2023-02-13,Para Piyasası,130.5439565512,SYNTHETIC,,2026-09-18
2023-02-14,Para Piyasası,130.5118267231,SYNTHETIC,,2026-09-18
2023-02-15,Para Piyasası,130.5803041441,SYNTHETIC,,2026-09-18
2023-02-16,Para Piyasası,130.6875657675,SYNTHETIC,,2026-09-18
2023-02-17,Para Piyasası,130.8198223799,SYNTHETIC,,2026-09-18
2023-02-20,Para Piyasası,130.9398160561,SYNTHETIC,,2026-09-18
2023-02-21,Para Piyasası,131.0038133333,SYNTHETIC,,2026-09-18
2023-02-22,Para Piyasası,131.1450794613,SYNTHETIC,,2026-09-18
2023-02-23,Para Piyasası,131.2074525793,SYNTHETIC,,2026-09-18
2023-02-24,Para Piyasası,131.3928058527,SYNTHETIC,,2026-09-18
2023-02-27,Para Piyasası,131.5039845193,SYNTHETIC,,2026-09-18
2023-02-28,Para Piyasası,131.5779791943,SYNTHETIC,,2026-09-18
2023-03-01,Para Piyasası,131.5962713062,SYNTHETIC,,2026-09-18
2023-03-02,Para Piyasası,131.7467596753,SYNTHETIC,,2026-09-18
2023-03-03,Para Piyasası,131.9522371386,SYNTHETIC,,2026-09-18
2023-03-06,Para Piyasası,132.0425407048,SYNTHETIC,,2026-09-18
2023-03-07,Para Piyasası,132.3132166632,SYNTHETIC,,2026-09-18
2023-03-08,Para Piyasası,132.3630302141,SYNTHETIC,,2026-09-18
2023-03-09,Para Piyasası,132.4545881125,SYNTHETIC,,2026-09-18
2023-03-10,Para Piyasası,132.5420852061,SYNTHETIC,,2026-09-18
2023-03-13,Para Piyasası,132.6769088868,SYNTHETIC,,2026-09-18
2023-03-14,Para Piyasası,132.7783104774,SYNTHETIC,,2026-09-18
2023-03-15,Para Piyasası,132.8604921734,SYNTHETIC,,2026-09-18
2023-03-16,Para Piyasası,132.9320086696,SYNTHETIC,,2026-09-18
2023-03-17,Para Piyasası,133.1431113569,SYNTHETIC,,2026-09-18
2023-03-20,Para Piyasası,133.2648251117,SYNTHETIC,,2026-09-18
2023-03-21,Para Piyasası,133.3957321047,SYNTHETIC,,2026-09-18
2023-03-22,Para Piyasası,133.4550644449,SYNTHETIC,,2026-09-18
2023-03-23,Para Piyasası,133.6977029178,SYNTHETIC,,2026-09-18
2023-03-24,Para Piyasası,133.7504564062,SYNTHETIC,,2026-09-18
2023-03-27,Para Piyasası,133.8494427906,SYNTHETIC,,2026-09-18
2023-03-28,Para Piyasası,134.0030323615,SYNTHETIC,,2026-09-18
2023-03-29,Para Piyasası,134.1903292200,SYNTHETIC,,2026-09-18
2023-03-30,Para Piyasası,134.3604558464,SYNTHETIC,,2026-09-18
2023-03-31,Para Piyasası,134.4327733818,SYNTHETIC,,2026-09-18
2023-04-03,Para Piyasası,134.5249589635,SYNTHETIC,,2026-09-18
2023-04-04,Para Piyasası,134.7010989791,SYNTHETIC,,2026-09-18
2023-04-05,Para Piyasası,134.7208971398,SYNTHETIC,,2026-09-18
2023-04-06,Para Piyasası,134.8436896594,SYNTHETIC,,2026-09-18
2023-04-07,Para Piyasası,135.0565815023,SYNTHETIC,,2026-09-18
2023-04-10,Para Piyasası,135.1485959432,SYNTHETIC,,2026-09-18
2023-04-11,Para Piyasası,135.1659582187,SYNTHETIC,,2026-09-18
2023-04-12,Para Piyasası,135.2056437884,SYNTHETIC,,2026-09-18
2023-04-13,Para Piyasası,135.3792648296,SYNTHETIC,,2026-09-18
2023-04-14,Para Piyasası,135.5034620489,SYNTHETIC,,2026-09-18
2023-04-17,Para Piyasası,135.6697292251,SYNTHETIC,,2026-09-18
2023-04-18,Para Piyasası,135.7808946458,SYNTHETIC,,2026-09-18
2023-04-19,Para Piyasası,135.9311959093,SYNTHETIC,,2026-09-18
2023-04-20,Para Piyasası,136.0607621703,SYNTHETIC,,2026-09-18
2023-04-21,Para Piyasası,136.1692372003,SYNTHETIC,,2026-09-18
2023-04-24,Para Piyasası,136.3461441328,SYNTHETIC,,2026-09-18
2023-04-25,Para Piyasası,136.4591932686,SYNTHETIC,,2026-09-18
2023-04-26,Para Piyasası,136.5280591245,SYNTHETIC,,2026-09-18
2023-04-27,Para Piyasası,136.6660336500,SYNTHETIC,,2026-09-18
2023-04-28,Para Piyasası,136.9187770197,SYNTHETIC,,2026-09-18
2023-05-01,Para Piyasası,137.0187925821,SYNTHETIC,,2026-09-18
2023-05-02,Para Piyasası,137.1788604365,SYNTHETIC,,2026-09-18
2023-05-03,Para Piyasası,137.3061306797,SYNTHETIC,,2026-09-18
2023-05-04,Para Piyasası,137.3942266672,SYNTHETIC,,2026-09-18
2023-05-05,Para Piyasası,137.3733938527,SYNTHETIC,,2026-09-18
2023-05-08,Para Piyasası,137.5001275076,SYNTHETIC,,2026-09-18
2023-05-09,Para Piyasası,137.7503822247,SYNTHETIC,,2026-09-18
2023-05-10,Para Piyasası,137.9422451365,SYNTHETIC,,2026-09-18
2023-05-11,Para Piyasası,138.1281765753,SYNTHETIC,,2026-09-18
2023-05-12,Para Piyasası,138.2497697033,SYNTHETIC,,2026-09-18
2023-05-15,Para Piyasası,138.3810802586,SYNTHETIC,,2026-09-18
2023-05-16,Para Piyasası,138.6977654608,SYNTHETIC,,2026-09-18
2023-05-17,Para Piyasası,138.7700652840,SYNTHETIC,,2026-09-18
2023-05-18,Para Piyasası,138.9457702021,SYNTHETIC,,2026-09-18
2023-05-19,Para Piyasası,139.0443579983,SYNTHETIC,,2026-09-18
2023-05-22,Para Piyasası,139.2350099038,SYNTHETIC,,2026-09-18
2023-05-23,Para Piyasası,139.3490827715,SYNTHETIC,,2026-09-18
2023-05-24,Para Piyasası,139.4940897871,SYNTHETIC,,2026-09-18
2023-05-25,Para Piyasası,139.5845479442,SYNTHETIC,,2026-09-18
2023-05-26,Para Piyasası,139.6691583660,SYNTHETIC,,2026-09-18
2023-05-29,Para Piyasası,139.7784993199,SYNTHETIC,,2026-09-18
2023-05-30,Para Piyasası,139.9493095375,SYNTHETIC,,2026-09-18
2023-05-31,Para Piyasası,140.0584041379,SYNTHETIC,,2026-09-18
2023-06-01,Para Piyasası,140.1757345115,SYNTHETIC,,2026-09-18
2023-06-02,Para Piyasası,140.3079272872,SYNTHETIC,,2026-09-18
2023-06-05,Para Piyasası,140.3184258443,SYNTHETIC,,2026-09-18
2023-06-06,Para Piyasası,140.3645855680,SYNTHETIC,,2026-09-18
2023-06-07,Para Piyasası,140.6456214273,SYNTHETIC,,2026-09-18
2023-06-08,Para Piyasası,140.9039638148,SYNTHETIC,,2026-09-18
2023-06-09,Para Piyasası,141.0843621503,SYNTHETIC,,2026-09-18
2023-06-12,Para Piyasası,141.2802380535,SYNTHETIC,,2026-09-18
2023-06-13,Para Piyasası,141.4483011004,SYNTHETIC,,2026-09-18
2023-06-14,Para Piyasası,141.5340716065,SYNTHETIC,,2026-09-18
2023-06-15,Para Piyasası,141.6842381305,SYNTHETIC,,2026-09-18
2023-06-16,Para Piyasası,141.8044930377,SYNTHETIC,,2026-09-18
2023-06-19,Para Piyasası,142.0268349648,SYNTHETIC,,2026-09-18
2023-06-20,Para Piyasası,142.1927396893,SYNTHETIC,,2026-09-18
2023-06-21,Para Piyasası,142.2705340682,SYNTHETIC,,2026-09-18
2023-06-22,Para Piyasası,142.3769092886,SYNTHETIC,,2026-09-18
2023-06-23,Para Piyasası,142.6465584431,SYNTHETIC,,2026-09-18
2023-06-26,Para Piyasası,142.8257909676,SYNTHETIC,,2026-09-18
2023-06-27,Para Piyasası,142.9414869870,SYNTHETIC,,2026-09-18
2023-06-28,Para Piyasası,143.0471266131,SYNTHETIC,,2026-09-18
2023-06-29,Para Piyasası,143.2804972886,SYNTHETIC,,2026-09-18
2023-06-30,Para Piyasası,143.4329350963,SYNTHETIC,,2026-09-18
2023-07-03,Para Piyasası,143.7241349951,SYNTHETIC,,2026-09-18
2023-07-04,Para Piyasası,143.8286397797,SYNTHETIC,,2026-09-18
2023-07-05,Para Piyasası,143.9820583339,SYNTHETIC,,2026-09-18
2023-07-06,Para Piyasası,144.1999630605,SYNTHETIC,,2026-09-18
2023-07-07,Para Piyasası,144.2298477749,SYNTHETIC,,2026-09-18
2023-07-10,Para Piyasası,144.4614916722,SYNTHETIC,,2026-09-18
2023-07-11,Para Piyasası,144.5483307310,SYNTHETIC,,2026-09-18
2023-07-12,Para Piyasası,144.5322173291,SYNTHETIC,,2026-09-18
2023-07-13,Para Piyasası,144.5759765485,SYNTHETIC,,2026-09-18
2023-07-14,Para Piyasası,144.5721457919,SYNTHETIC,,2026-09-18
2023-07-17,Para Piyasası,144.7167881284,SYNTHETIC,,2026-09-18
2023-07-18,Para Piyasası,144.6667604405,SYNTHETIC,,2026-09-18
2023-07-19,Para Piyasası,144.7314270766,SYNTHETIC,,2026-09-18
2023-07-20,Para Piyasası,144.9775075536,SYNTHETIC,,2026-09-18
2023-07-21,Para Piyasası,145.0957360086,SYNTHETIC,,2026-09-18
2023-07-24,Para Piyasası,145.2562216962,SYNTHETIC,,2026-09-18
2023-07-25,Para Piyasası,145.4126016859,SYNTHETIC,,2026-09-18
2023-07-26,Para Piyasası,145.5461805907,SYNTHETIC,,2026-09-18
2023-07-27,Para Piyasası,145.5923835625,SYNTHETIC,,2026-09-18
2023-07-28,Para Piyasası,145.6640231774,SYNTHETIC,,2026-09-18
2023-07-31,Para Piyasası,145.6667498571,SYNTHETIC,,2026-09-18
2023-08-01,Para Piyasası,145.7910012585,SYNTHETIC,,2026-09-18
2023-08-02,Para Piyasası,145.9321786930,SYNTHETIC,,2026-09-18
2023-08-03,Para Piyasası,146.2147606441,SYNTHETIC,,2026-09-18
2023-08-04,Para Piyasası,146.4229906665,SYNTHETIC,,2026-09-18
2023-08-07,Para Piyasası,146.6181779937,SYNTHETIC,,2026-09-18
2023-08-08,Para Piyasası,146.5384591623,SYNTHETIC,,2026-09-18
2023-08-09,Para Piyasası,146.6403871230,SYNTHETIC,,2026-09-18
2023-08-10,Para Piyasası,146.7923310245,SYNTHETIC,,2026-09-18
2023-08-11,Para Piyasası,147.0233922073,SYNTHETIC,,2026-09-18
2023-08-14,Para Piyasası,147.1710973965,SYNTHETIC,,2026-09-18
2023-08-15,Para Piyasası,147.2221061384,SYNTHETIC,,2026-09-18
2023-08-16,Para Piyasası,147.2881709637,SYNTHETIC,,2026-09-18
2023-08-17,Para Piyasası,147.4018695786,SYNTHETIC,,2026-09-18
2023-08-18,Para Piyasası,147.5622418485,SYNTHETIC,,2026-09-18
2023-08-21,Para Piyasası,147.6496236305,SYNTHETIC,,2026-09-18
2023-08-22,Para Piyasası,147.7640654818,SYNTHETIC,,2026-09-18
2023-08-23,Para Piyasası,147.9687616548,SYNTHETIC,,2026-09-18
2023-08-24,Para Piyasası,148.0316154278,SYNTHETIC,,2026-09-18
2023-08-25,Para Piyasası,148.0855826335,SYNTHETIC,,2026-09-18
2023-08-28,Para Piyasası,148.3372343566,SYNTHETIC,,2026-09-18
2023-08-29,Para Piyasası,148.4948563076,SYNTHETIC,,2026-09-18
2023-08-30,Para Piyasası,148.5891882611,SYNTHETIC,,2026-09-18
2023-08-31,Para Piyasası,148.8731355901,SYNTHETIC,,2026-09-18
2023-09-01,Para Piyasası,149.1250763282,SYNTHETIC,,2026-09-18
2023-09-04,Para Piyasası,149.3297459012,SYNTHETIC,,2026-09-18
2023-09-05,Para Piyasası,149.3006288046,SYNTHETIC,,2026-09-18
2023-09-06,Para Piyasası,149.3038311412,SYNTHETIC,,2026-09-18
2023-09-07,Para Piyasası,149.3480617958,SYNTHETIC,,2026-09-18
2023-09-08,Para Piyasası,149.4990741474,SYNTHETIC,,2026-09-18
2023-09-11,Para Piyasası,149.7282862831,SYNTHETIC,,2026-09-18
2023-09-12,Para Piyasası,149.8701127821,SYNTHETIC,,2026-09-18
2023-09-13,Para Piyasası,150.0067554638,SYNTHETIC,,2026-09-18
2023-09-14,Para Piyasası,150.2646551614,SYNTHETIC,,2026-09-18
2023-09-15,Para Piyasası,150.3064997765,SYNTHETIC,,2026-09-18
2023-09-18,Para Piyasası,150.5039272916,SYNTHETIC,,2026-09-18
2023-09-19,Para Piyasası,150.7007156576,SYNTHETIC,,2026-09-18
2023-09-20,Para Piyasası,150.7423691841,SYNTHETIC,,2026-09-18
2023-09-21,Para Piyasası,150.8472907166,SYNTHETIC,,2026-09-18
2023-09-22,Para Piyasası,150.9514191427,SYNTHETIC,,2026-09-18
2023-09-25,Para Piyasası,151.0946536308,SYNTHETIC,,2026-09-18
2023-09-26,Para Piyasası,151.2494468260,SYNTHETIC,,2026-09-18
2023-09-27,Para Piyasası,151.4483247597,SYNTHETIC,,2026-09-18
2023-09-28,Para Piyasası,151.5958908956,SYNTHETIC,,2026-09-18
2023-09-29,Para Piyasası,151.7334617135,SYNTHETIC,,2026-09-18
2023-10-02,Para Piyasası,151.8490587252,SYNTHETIC,,2026-09-18
2023-10-03,Para Piyasası,152.0945370944,SYNTHETIC,,2026-09-18
2023-10-04,Para Piyasası,152.1794416046,SYNTHETIC,,2026-09-18
2023-10-05,Para Piyasası,152.3603930273,SYNTHETIC,,2026-09-18
2023-10-06,Para Piyasası,152.4644670601,SYNTHETIC,,2026-09-18
2023-10-09,Para Piyasası,152.4337829940,SYNTHETIC,,2026-09-18
2023-10-10,Para Piyasası,152.4922661950,SYNTHETIC,,2026-09-18
2023-10-11,Para Piyasası,152.5419483289,SYNTHETIC,,2026-09-18
2023-10-12,Para Piyasası,152.6381790475,SYNTHETIC,,2026-09-18
2023-10-13,Para Piyasası,152.7758410404,SYNTHETIC,,2026-09-18
2023-10-16,Para Piyasası,152.8373929211,SYNTHETIC,,2026-09-18
2023-10-17,Para Piyasası,152.9707161956,SYNTHETIC,,2026-09-18
2023-10-18,Para Piyasası,153.1870922338,SYNTHETIC,,2026-09-18
2023-10-19,Para Piyasası,153.2942682402,SYNTHETIC,,2026-09-18
2023-10-20,Para Piyasası,153.4669866951,SYNTHETIC,,2026-09-18
2023-10-23,Para Piyasası,153.6483665011,SYNTHETIC,,2026-09-18
2023-10-24,Para Piyasası,154.0560256496,SYNTHETIC,,2026-09-18
2023-10-25,Para Piyasası,154.2715676362,SYNTHETIC,,2026-09-18
2023-10-26,Para Piyasası,154.3267137229,SYNTHETIC,,2026-09-18
2023-10-27,Para Piyasası,154.5451268786,SYNTHETIC,,2026-09-18
2023-10-30,Para Piyasası,154.7687219047,SYNTHETIC,,2026-09-18
2023-10-31,Para Piyasası,154.8606374786,SYNTHETIC,,2026-09-18
2023-11-01,Para Piyasası,155.0278682890,SYNTHETIC,,2026-09-18
2023-11-02,Para Piyasası,155.2125272748,SYNTHETIC,,2026-09-18
2023-11-03,Para Piyasası,155.4024272886,SYNTHETIC,,2026-09-18
2023-11-06,Para Piyasası,155.6009436490,SYNTHETIC,,2026-09-18
2023-11-07,Para Piyasası,155.6534355168,SYNTHETIC,,2026-09-18
2023-11-08,Para Piyasası,155.7075582803,SYNTHETIC,,2026-09-18
2023-11-09,Para Piyasası,155.8811437985,SYNTHETIC,,2026-09-18
2023-11-10,Para Piyasası,155.9358483962,SYNTHETIC,,2026-09-18
2023-11-13,Para Piyasası,156.1163922985,SYNTHETIC,,2026-09-18
2023-11-14,Para Piyasası,156.3580066397,SYNTHETIC,,2026-09-18
2023-11-15,Para Piyasası,156.6978407744,SYNTHETIC,,2026-09-18
2023-11-16,Para Piyasası,156.9632192174,SYNTHETIC,,2026-09-18
2023-11-17,Para Piyasası,157.1283556234,SYNTHETIC,,2026-09-18
2023-11-20,Para Piyasası,157.2892534954,SYNTHETIC,,2026-09-18
2023-11-21,Para Piyasası,157.4692728794,SYNTHETIC,,2026-09-18
2023-11-22,Para Piyasası,157.5945518792,SYNTHETIC,,2026-09-18
2023-11-23,Para Piyasası,157.8821318597,SYNTHETIC,,2026-09-18
2023-11-24,Para Piyasası,158.2268055344,SYNTHETIC,,2026-09-18
2023-11-27,Para Piyasası,158.3115660344,SYNTHETIC,,2026-09-18
2023-11-28,Para Piyasası,158.3791232114,SYNTHETIC,,2026-09-18
2023-11-29,Para Piyasası,158.4116345184,SYNTHETIC,,2026-09-18
2023-11-30,Para Piyasası,158.5356855901,SYNTHETIC,,2026-09-18
2023-12-01,Para Piyasası,158.6798368682,SYNTHETIC,,2026-09-18
2023-12-04,Para Piyasası,158.9583147845,SYNTHETIC,,2026-09-18
2023-12-05,Para Piyasası,159.1566228677,SYNTHETIC,,2026-09-18
2023-12-06,Para Piyasası,159.2809359455,SYNTHETIC,,2026-09-18
2023-12-07,Para Piyasası,159.4145212802,SYNTHETIC,,2026-09-18
2023-12-08,Para Piyasası,159.6964268387,SYNTHETIC,,2026-09-18
2023-12-11,Para Piyasası,159.9546648808,SYNTHETIC,,2026-09-18
2023-12-12,Para Piyasası,160.0907579810,SYNTHETIC,,2026-09-18
2023-12-13,Para Piyasası,160.1910392488,SYNTHETIC,,2026-09-18
2023-12-14,Para Piyasası,160.2563844836,SYNTHETIC,,2026-09-18
2023-12-15,Para Piyasası,160.4424031742,SYNTHETIC,,2026-09-18
2023-12-18,Para Piyasası,160.5113444219,SYNTHETIC,,2026-09-18
2023-12-19,Para Piyasası,160.5682754794,SYNTHETIC,,2026-09-18
2023-12-20,Para Piyasası,160.7801298102,SYNTHETIC,,2026-09-18
2023-12-21,Para Piyasası,160.9443764765,SYNTHETIC,,2026-09-18
2023-12-22,Para Piyasası,161.0211563373,SYNTHETIC,,2026-09-18
2023-12-25,Para Piyasası,161.0740888381,SYNTHETIC,,2026-09-18
2023-12-26,Para Piyasası,161.2018273040,SYNTHETIC,,2026-09-18
2023-12-27,Para Piyasası,161.4171962547,SYNTHETIC,,2026-09-18
2023-12-28,Para Piyasası,161.7039322080,SYNTHETIC,,2026-09-18
2023-12-29,Para Piyasası,161.9894754739,SYNTHETIC,,2026-09-18
2024-01-01,Para Piyasası,162.1967518089,SYNTHETIC,,2026-09-18
2024-01-02,Para Piyasası,162.3299581516,SYNTHETIC,,2026-09-18
2024-01-03,Para Piyasası,162.4295728262,SYNTHETIC,,2026-09-18
2024-01-04,Para Piyasası,162.4503269284,SYNTHETIC,,2026-09-18
2024-01-05,Para Piyasası,162.5564439918,SYNTHETIC,,2026-09-18
2024-01-08,Para Piyasası,162.6887551444,SYNTHETIC,,2026-09-18
2024-01-09,Para Piyasası,163.0211558660,SYNTHETIC,,2026-09-18
2024-01-10,Para Piyasası,163.1823008624,SYNTHETIC,,2026-09-18
2024-01-11,Para Piyasası,163.3582292023,SYNTHETIC,,2026-09-18
2024-01-12,Para Piyasası,163.6079900085,SYNTHETIC,,2026-09-18
2024-01-15,Para Piyasası,163.7361861330,SYNTHETIC,,2026-09-18
2024-01-16,Para Piyasası,163.9276744830,SYNTHETIC,,2026-09-18
2024-01-17,Para Piyasası,163.9724906195,SYNTHETIC,,2026-09-18
2024-01-18,Para Piyasası,164.0535645085,SYNTHETIC,,2026-09-18
2024-01-19,Para Piyasası,164.1764568478,SYNTHETIC,,2026-09-18
2024-01-22,Para Piyasası,164.2414432760,SYNTHETIC,,2026-09-18
2024-01-23,Para Piyasası,164.2509581445,SYNTHETIC,,2026-09-18
2024-01-24,Para Piyasası,164.3639130358,SYNTHETIC,,2026-09-18
2024-01-25,Para Piyasası,164.6181096746,SYNTHETIC,,2026-09-18
2024-01-26,Para Piyasası,164.7983349903,SYNTHETIC,,2026-09-18
2024-01-29,Para Piyasası,164.9311683089,SYNTHETIC,,2026-09-18
2024-01-30,Para Piyasası,165.1711612550,SYNTHETIC,,2026-09-18
2024-01-31,Para Piyasası,165.1754660533,SYNTHETIC,,2026-09-18
2024-02-01,Para Piyasası,165.3630833007,SYNTHETIC,,2026-09-18
2024-02-02,Para Piyasası,165.4442123508,SYNTHETIC,,2026-09-18
2024-02-05,Para Piyasası,165.6183850681,SYNTHETIC,,2026-09-18
2024-02-06,Para Piyasası,165.7920027721,SYNTHETIC,,2026-09-18
2024-02-07,Para Piyasası,165.9780109619,SYNTHETIC,,2026-09-18
2024-02-08,Para Piyasası,166.1347265003,SYNTHETIC,,2026-09-18
2024-02-09,Para Piyasası,166.3860620173,SYNTHETIC,,2026-09-18
2024-02-12,Para Piyasası,166.5711560607,SYNTHETIC,,2026-09-18
2024-02-13,Para Piyasası,166.6793264802,SYNTHETIC,,2026-09-18
2024-02-14,Para Piyasası,166.8407700552,SYNTHETIC,,2026-09-18
2024-02-15,Para Piyasası,167.1064133431,SYNTHETIC,,2026-09-18
2024-02-16,Para Piyasası,167.0858205553,SYNTHETIC,,2026-09-18
2024-02-19,Para Piyasası,167.1324453424,SYNTHETIC,,2026-09-18
2024-02-20,Para Piyasası,167.2380531929,SYNTHETIC,,2026-09-18
2024-02-21,Para Piyasası,167.2647893349,SYNTHETIC,,2026-09-18
2024-02-22,Para Piyasası,167.5590293057,SYNTHETIC,,2026-09-18
2024-02-23,Para Piyasası,167.7525697491,SYNTHETIC,,2026-09-18
2024-02-26,Para Piyasası,167.9015543863,SYNTHETIC,,2026-09-18
2024-02-27,Para Piyasası,167.9481164704,SYNTHETIC,,2026-09-18
2024-02-28,Para Piyasası,168.0972437590,SYNTHETIC,,2026-09-18
2024-02-29,Para Piyasası,168.2022251521,SYNTHETIC,,2026-09-18
2024-03-01,Para Piyasası,168.3501405155,SYNTHETIC,,2026-09-18
2024-03-04,Para Piyasası,168.4065217500,SYNTHETIC,,2026-09-18
2024-03-05,Para Piyasası,168.5221077420,SYNTHETIC,,2026-09-18
2024-03-06,Para Piyasası,168.6568598161,SYNTHETIC,,2026-09-18
2024-03-07,Para Piyasası,168.6769789276,SYNTHETIC,,2026-09-18
2024-03-08,Para Piyasası,168.7672046934,SYNTHETIC,,2026-09-18
2024-03-11,Para Piyasası,168.8468226163,SYNTHETIC,,2026-09-18
2024-03-12,Para Piyasası,169.0012239017,SYNTHETIC,,2026-09-18
2024-03-13,Para Piyasası,169.2588610617,SYNTHETIC,,2026-09-18
2024-03-14,Para Piyasası,169.4403724256,SYNTHETIC,,2026-09-18
2024-03-15,Para Piyasası,169.4959057914,SYNTHETIC,,2026-09-18
2024-03-18,Para Piyasası,169.8086866876,SYNTHETIC,,2026-09-18
2024-03-19,Para Piyasası,169.9593221961,SYNTHETIC,,2026-09-18
2024-03-20,Para Piyasası,170.2331303456,SYNTHETIC,,2026-09-18
2024-03-21,Para Piyasası,170.3799220407,SYNTHETIC,,2026-09-18
2024-03-22,Para Piyasası,170.6725749015,SYNTHETIC,,2026-09-18
2024-03-25,Para Piyasası,170.9482092190,SYNTHETIC,,2026-09-18
2024-03-26,Para Piyasası,171.0379142498,SYNTHETIC,,2026-09-18
2024-03-27,Para Piyasası,171.2512456404,SYNTHETIC,,2026-09-18
2024-03-28,Para Piyasası,171.3940694494,SYNTHETIC,,2026-09-18
2024-03-29,Para Piyasası,171.4653649376,SYNTHETIC,,2026-09-18
2024-04-01,Para Piyasası,171.8097302261,SYNTHETIC,,2026-09-18
2024-04-02,Para Piyasası,171.8411874441,SYNTHETIC,,2026-09-18
2024-04-03,Para Piyasası,172.0091828458,SYNTHETIC,,2026-09-18
2024-04-04,Para Piyasası,172.1631390350,SYNTHETIC,,2026-09-18
2024-04-05,Para Piyasası,172.3272933698,SYNTHETIC,,2026-09-18
2024-04-08,Para Piyasası,172.5219889558,SYNTHETIC,,2026-09-18
2024-04-09,Para Piyasası,172.5329043022,SYNTHETIC,,2026-09-18
2024-04-10,Para Piyasası,172.5832927432,SYNTHETIC,,2026-09-18
2024-04-11,Para Piyasası,172.8011916297,SYNTHETIC,,2026-09-18
2024-04-12,Para Piyasası,172.7648212799,SYNTHETIC,,2026-09-18
2024-04-15,Para Piyasası,172.8856846945,SYNTHETIC,,2026-09-18
2024-04-16,Para Piyasası,172.9896444157,SYNTHETIC,,2026-09-18
2024-04-17,Para Piyasası,173.0897094667,SYNTHETIC,,2026-09-18
2024-04-18,Para Piyasası,173.3598876965,SYNTHETIC,,2026-09-18
2024-04-19,Para Piyasası,173.4806561547,SYNTHETIC,,2026-09-18
2024-04-22,Para Piyasası,173.7912465194,SYNTHETIC,,2026-09-18
2024-04-23,Para Piyasası,174.0255459245,SYNTHETIC,,2026-09-18
2024-04-24,Para Piyasası,174.3108622584,SYNTHETIC,,2026-09-18
2024-04-25,Para Piyasası,174.4885506446,SYNTHETIC,,2026-09-18
2024-04-26,Para Piyasası,174.6587930611,SYNTHETIC,,2026-09-18
2024-04-29,Para Piyasası,174.5706379698,SYNTHETIC,,2026-09-18
2024-04-30,Para Piyasası,174.7224829507,SYNTHETIC,,2026-09-18
2024-05-01,Para Piyasası,174.9823158676,SYNTHETIC,,2026-09-18
2024-05-02,Para Piyasası,175.0626816572,SYNTHETIC,,2026-09-18
2024-05-03,Para Piyasası,175.3131600355,SYNTHETIC,,2026-09-18
2024-05-06,Para Piyasası,175.4770650525,SYNTHETIC,,2026-09-18
2024-05-07,Para Piyasası,175.7797415564,SYNTHETIC,,2026-09-18
2024-05-08,Para Piyasası,175.9921174888,SYNTHETIC,,2026-09-18
2024-05-09,Para Piyasası,176.1754473486,SYNTHETIC,,2026-09-18
2024-05-10,Para Piyasası,176.3107922579,SYNTHETIC,,2026-09-18
2024-05-13,Para Piyasası,176.4263837518,SYNTHETIC,,2026-09-18
2024-05-14,Para Piyasası,176.6664881446,SYNTHETIC,,2026-09-18
2024-05-15,Para Piyasası,176.8837873759,SYNTHETIC,,2026-09-18
2024-05-16,Para Piyasası,177.0237217572,SYNTHETIC,,2026-09-18
2024-05-17,Para Piyasası,177.1640284021,SYNTHETIC,,2026-09-18
2024-05-20,Para Piyasası,177.4182656838,SYNTHETIC,,2026-09-18
2024-05-21,Para Piyasası,177.6530422914,SYNTHETIC,,2026-09-18
2024-05-22,Para Piyasası,177.8810393578,SYNTHETIC,,2026-09-18
2024-05-23,Para Piyasası,178.1395691145,SYNTHETIC,,2026-09-18
2024-05-24,Para Piyasası,178.4729956979,SYNTHETIC,,2026-09-18
2024-05-27,Para Piyasası,178.6835318386,SYNTHETIC,,2026-09-18
2024-05-28,Para Piyasası,178.8259956172,SYNTHETIC,,2026-09-18
2024-05-29,Para Piyasası,179.0260107711,SYNTHETIC,,2026-09-18
2024-05-30,Para Piyasası,179.2785726368,SYNTHETIC,,2026-09-18
2024-05-31,Para Piyasası,179.6273134546,SYNTHETIC,,2026-09-18
2024-06-03,Para Piyasası,179.9653978555,SYNTHETIC,,2026-09-18
2024-06-04,Para Piyasası,180.1173132225,SYNTHETIC,,2026-09-18
2024-06-05,Para Piyasası,180.2798702634,SYNTHETIC,,2026-09-18
2024-06-06,Para Piyasası,180.3805527750,SYNTHETIC,,2026-09-18
2024-06-07,Para Piyasası,180.4922782491,SYNTHETIC,,2026-09-18
2024-06-10,Para Piyasası,180.7466660613,SYNTHETIC,,2026-09-18
2024-06-11,Para Piyasası,180.9782911234,SYNTHETIC,,2026-09-18
2024-06-12,Para Piyasası,181.1844449297,SYNTHETIC,,2026-09-18
2024-06-13,Para Piyasası,181.5855858442,SYNTHETIC,,2026-09-18
2024-06-14,Para Piyasası,181.8646525297,SYNTHETIC,,2026-09-18
2024-06-17,Para Piyasası,181.9065558207,SYNTHETIC,,2026-09-18
2024-06-18,Para Piyasası,182.0425680663,SYNTHETIC,,2026-09-18
2024-06-19,Para Piyasası,182.1478058799,SYNTHETIC,,2026-09-18
2024-06-20,Para Piyasası,182.3535672358,SYNTHETIC,,2026-09-18
2024-06-21,Para Piyasası,182.5352029642,SYNTHETIC,,2026-09-18
2024-06-24,Para Piyasası,182.6782866732,SYNTHETIC,,2026-09-18
2024-06-25,Para Piyasası,182.8173053339,SYNTHETIC,,2026-09-18
2024-06-26,Para Piyasası,183.0238951626,SYNTHETIC,,2026-09-18
2024-06-27,Para Piyasası,183.2631365049,SYNTHETIC,,2026-09-18
2024-06-28,Para Piyasası,183.3375406706,SYNTHETIC,,2026-09-18
2024-07-01,Para Piyasası,183.5426702896,SYNTHETIC,,2026-09-18
2024-07-02,Para Piyasası,183.6605211025,SYNTHETIC,,2026-09-18
2024-07-03,Para Piyasası,183.8255467284,SYNTHETIC,,2026-09-18
2024-07-04,Para Piyasası,184.0046140193,SYNTHETIC,,2026-09-18
2024-07-05,Para Piyasası,184.1472272912,SYNTHETIC,,2026-09-18
2024-07-08,Para Piyasası,184.3277644834,SYNTHETIC,,2026-09-18
2024-07-09,Para Piyasası,184.6080257992,SYNTHETIC,,2026-09-18
2024-07-10,Para Piyasası,184.7245556709,SYNTHETIC,,2026-09-18
2024-07-11,Para Piyasası,184.9158050889,SYNTHETIC,,2026-09-18
2024-07-12,Para Piyasası,185.0003902825,SYNTHETIC,,2026-09-18
2024-07-15,Para Piyasası,185.1792162184,SYNTHETIC,,2026-09-18
2024-07-16,Para Piyasası,185.3096364676,SYNTHETIC,,2026-09-18
2024-07-17,Para Piyasası,185.4313248097,SYNTHETIC,,2026-09-18
2024-07-18,Para Piyasası,185.4870995574,SYNTHETIC,,2026-09-18
2024-07-19,Para Piyasası,185.7901387358,SYNTHETIC,,2026-09-18
2024-07-22,Para Piyasası,186.0181282942,SYNTHETIC,,2026-09-18
2024-07-23,Para Piyasası,186.0973771161,SYNTHETIC,,2026-09-18
2024-07-24,Para Piyasası,186.1690994227,SYNTHETIC,,2026-09-18
2024-07-25,Para Piyasası,186.2027392074,SYNTHETIC,,2026-09-18
2024-07-26,Para Piyasası,186.4774241931,SYNTHETIC,,2026-09-18
2024-07-29,Para Piyasası,186.5592748032,SYNTHETIC,,2026-09-18
2024-07-30,Para Piyasası,186.7271188537,SYNTHETIC,,2026-09-18
2024-07-31,Para Piyasası,186.9047067793,SYNTHETIC,,2026-09-18
2024-08-01,Para Piyasası,187.1160390121,SYNTHETIC,,2026-09-18
2024-08-02,Para Piyasası,187.3028660722,SYNTHETIC,,2026-09-18
2024-08-05,Para Piyasası,187.4827520006,SYNTHETIC,,2026-09-18
2024-08-06,Para Piyasası,187.6793123714,SYNTHETIC,,2026-09-18
2024-08-07,Para Piyasası,187.8633775592,SYNTHETIC,,2026-09-18
2024-08-08,Para Piyasası,188.1931559767,SYNTHETIC,,2026-09-18
2024-08-09,Para Piyasası,188.3291804617,SYNTHETIC,,2026-09-18
2024-08-12,Para Piyasası,188.5809577806,SYNTHETIC,,2026-09-18
2024-08-13,Para Piyasası,188.8337987157,SYNTHETIC,,2026-09-18
2024-08-14,Para Piyasası,188.9555040967,SYNTHETIC,,2026-09-18
2024-08-15,Para Piyasası,189.1487308412,SYNTHETIC,,2026-09-18
2024-08-16,Para Piyasası,189.2285480060,SYNTHETIC,,2026-09-18
2024-08-19,Para Piyasası,189.4203457701,SYNTHETIC,,2026-09-18
2024-08-20,Para Piyasası,189.5617635421,SYNTHETIC,,2026-09-18
2024-08-21,Para Piyasası,189.7034571236,SYNTHETIC,,2026-09-18
2024-08-22,Para Piyasası,189.8543288176,SYNTHETIC,,2026-09-18
2024-08-23,Para Piyasası,189.9821309205,SYNTHETIC,,2026-09-18
2024-08-26,Para Piyasası,190.0961635953,SYNTHETIC,,2026-09-18
2024-08-27,Para Piyasası,190.1808092236,SYNTHETIC,,2026-09-18
2024-08-28,Para Piyasası,190.3376649858,SYNTHETIC,,2026-09-18
2024-08-29,Para Piyasası,190.5018472695,SYNTHETIC,,2026-09-18
2024-08-30,Para Piyasası,190.7308255155,SYNTHETIC,,2026-09-18
2024-09-02,Para Piyasası,191.0527526372,SYNTHETIC,,2026-09-18
2024-09-03,Para Piyasası,191.2388791848,SYNTHETIC,,2026-09-18
2024-09-04,Para Piyasası,191.5382503921,SYNTHETIC,,2026-09-18
2024-09-05,Para Piyasası,191.7409126591,SYNTHETIC,,2026-09-18
2024-09-06,Para Piyasası,192.0016645615,SYNTHETIC,,2026-09-18
2024-09-09,Para Piyasası,192.1997399953,SYNTHETIC,,2026-09-18
2024-09-10,Para Piyasası,192.4836205622,SYNTHETIC,,2026-09-18
2024-09-11,Para Piyasası,192.7323953890,SYNTHETIC,,2026-09-18
2024-09-12,Para Piyasası,192.9671734826,SYNTHETIC,,2026-09-18
2024-09-13,Para Piyasası,193.0796225354,SYNTHETIC,,2026-09-18
2024-09-16,Para Piyasası,193.2653417061,SYNTHETIC,,2026-09-18
2024-09-17,Para Piyasası,193.6085126744,SYNTHETIC,,2026-09-18
2024-09-18,Para Piyasası,193.9388356311,SYNTHETIC,,2026-09-18
2024-09-19,Para Piyasası,193.9183266231,SYNTHETIC,,2026-09-18
2024-09-20,Para Piyasası,194.1343804871,SYNTHETIC,,2026-09-18
2024-09-23,Para Piyasası,194.4849679659,SYNTHETIC,,2026-09-18
2024-09-24,Para Piyasası,194.7655277748,SYNTHETIC,,2026-09-18
2024-09-25,Para Piyasası,194.9372447796,SYNTHETIC,,2026-09-18
2024-09-26,Para Piyasası,195.0612896408,SYNTHETIC,,2026-09-18
2024-09-27,Para Piyasası,195.3633669725,SYNTHETIC,,2026-09-18
2024-09-30,Para Piyasası,195.7002709095,SYNTHETIC,,2026-09-18
2024-10-01,Para Piyasası,195.7503134772,SYNTHETIC,,2026-09-18
2024-10-02,Para Piyasası,195.8960643786,SYNTHETIC,,2026-09-18
2024-10-03,Para Piyasası,196.0720639186,SYNTHETIC,,2026-09-18
2024-10-04,Para Piyasası,196.1627468279,SYNTHETIC,,2026-09-18
2024-10-07,Para Piyasası,196.1930191153,SYNTHETIC,,2026-09-18
2024-10-08,Para Piyasası,196.2918176062,SYNTHETIC,,2026-09-18
2024-10-09,Para Piyasası,196.4857152583,SYNTHETIC,,2026-09-18
2024-10-10,Para Piyasası,196.7228202161,SYNTHETIC,,2026-09-18
2024-10-11,Para Piyasası,196.9889941825,SYNTHETIC,,2026-09-18
2024-10-14,Para Piyasası,197.3675035145,SYNTHETIC,,2026-09-18
2024-10-15,Para Piyasası,197.5607626825,SYNTHETIC,,2026-09-18
2024-10-16,Para Piyasası,197.7289514018,SYNTHETIC,,2026-09-18
2024-10-17,Para Piyasası,197.9303473831,SYNTHETIC,,2026-09-18
2024-10-18,Para Piyasası,198.0296341752,SYNTHETIC,,2026-09-18
2024-10-21,Para Piyasası,197.9448169074,SYNTHETIC,,2026-09-18
2024-10-22,Para Piyasası,197.9983001127,SYNTHETIC,,2026-09-18
2024-10-23,Para Piyasası,198.0605773270,SYNTHETIC,,2026-09-18
2024-10-24,Para Piyasası,198.2976816631,SYNTHETIC,,2026-09-18
2024-10-25,Para Piyasası,198.6582136455,SYNTHETIC,,2026-09-18
2024-10-28,Para Piyasası,198.8789804272,SYNTHETIC,,2026-09-18
2024-10-29,Para Piyasası,199.0872375914,SYNTHETIC,,2026-09-18
2024-10-30,Para Piyasası,199.2422815936,SYNTHETIC,,2026-09-18
2024-10-31,Para Piyasası,199.4647921944,SYNTHETIC,,2026-09-18
2024-11-01,Para Piyasası,199.5415988734,SYNTHETIC,,2026-09-18
2024-11-04,Para Piyasası,199.6869520470,SYNTHETIC,,2026-09-18
2024-11-05,Para Piyasası,199.8172053016,SYNTHETIC,,2026-09-18
2024-11-06,Para Piyasası,199.9402671679,SYNTHETIC,,2026-09-18
2024-11-07,Para Piyasası,200.0869597735,SYNTHETIC,,2026-09-18
2024-11-08,Para Piyasası,200.3500091533,SYNTHETIC,,2026-09-18
2024-11-11,Para Piyasası,200.7055899355,SYNTHETIC,,2026-09-18
2024-11-12,Para Piyasası,200.8652412646,SYNTHETIC,,2026-09-18
2024-11-13,Para Piyasası,201.0995677325,SYNTHETIC,,2026-09-18
2024-11-14,Para Piyasası,201.4033096217,SYNTHETIC,,2026-09-18
2024-11-15,Para Piyasası,201.7480105404,SYNTHETIC,,2026-09-18
2024-11-18,Para Piyasası,202.0130844771,SYNTHETIC,,2026-09-18
2024-11-19,Para Piyasası,202.1784045096,SYNTHETIC,,2026-09-18
2024-11-20,Para Piyasası,202.2821362131,SYNTHETIC,,2026-09-18
2024-11-21,Para Piyasası,202.5758594198,SYNTHETIC,,2026-09-18
2024-11-22,Para Piyasası,202.7159707646,SYNTHETIC,,2026-09-18
2024-11-25,Para Piyasası,202.8594264831,SYNTHETIC,,2026-09-18
2024-11-26,Para Piyasası,202.9803342492,SYNTHETIC,,2026-09-18
2024-11-27,Para Piyasası,203.2283571336,SYNTHETIC,,2026-09-18
2024-11-28,Para Piyasası,203.4083021265,SYNTHETIC,,2026-09-18
2024-11-29,Para Piyasası,203.5325262993,SYNTHETIC,,2026-09-18
2024-12-02,Para Piyasası,203.6064725290,SYNTHETIC,,2026-09-18
2024-12-03,Para Piyasası,203.5812539763,SYNTHETIC,,2026-09-18
2024-12-04,Para Piyasası,203.8334723750,SYNTHETIC,,2026-09-18
2024-12-05,Para Piyasası,204.0289088788,SYNTHETIC,,2026-09-18
2024-12-06,Para Piyasası,204.2564732860,SYNTHETIC,,2026-09-18
2024-12-09,Para Piyasası,204.3826423236,SYNTHETIC,,2026-09-18
2024-12-10,Para Piyasası,204.6403359439,SYNTHETIC,,2026-09-18
2024-12-11,Para Piyasası,204.8013112465,SYNTHETIC,,2026-09-18
2024-12-12,Para Piyasası,205.0446002954,SYNTHETIC,,2026-09-18
2024-12-13,Para Piyasası,205.2944020711,SYNTHETIC,,2026-09-18
2024-12-16,Para Piyasası,205.7329806715,SYNTHETIC,,2026-09-18
2024-12-17,Para Piyasası,205.9879948256,SYNTHETIC,,2026-09-18
2024-12-18,Para Piyasası,206.2279316814,SYNTHETIC,,2026-09-18
2024-12-19,Para Piyasası,206.4886175998,SYNTHETIC,,2026-09-18
2024-12-20,Para Piyasası,206.6152392849,SYNTHETIC,,2026-09-18
2024-12-23,Para Piyasası,206.9639304824,SYNTHETIC,,2026-09-18
2024-12-24,Para Piyasası,207.2764899726,SYNTHETIC,,2026-09-18
2024-12-25,Para Piyasası,207.2710302392,SYNTHETIC,,2026-09-18
2024-12-26,Para Piyasası,207.4274358593,SYNTHETIC,,2026-09-18
2024-12-27,Para Piyasası,207.5503404092,SYNTHETIC,,2026-09-18
2024-12-30,Para Piyasası,207.8929853827,SYNTHETIC,,2026-09-18
2024-12-31,Para Piyasası,208.1555567732,SYNTHETIC,,2026-09-18
2025-01-01,Para Piyasası,208.1715872332,SYNTHETIC,,2026-09-18
2025-01-02,Para Piyasası,208.3302553038,SYNTHETIC,,2026-09-18
2025-01-03,Para Piyasası,208.3414106658,SYNTHETIC,,2026-09-18
2025-01-06,Para Piyasası,208.5527207959,SYNTHETIC,,2026-09-18
2025-01-07,Para Piyasası,208.6101337094,SYNTHETIC,,2026-09-18
2025-01-08,Para Piyasası,208.8620817268,SYNTHETIC,,2026-09-18
2025-01-09,Para Piyasası,209.0225571596,SYNTHETIC,,2026-09-18
2025-01-10,Para Piyasası,209.1229246517,SYNTHETIC,,2026-09-18
2025-01-13,Para Piyasası,209.3315458814,SYNTHETIC,,2026-09-18
2025-01-14,Para Piyasası,209.4789238358,SYNTHETIC,,2026-09-18
2025-01-15,Para Piyasası,209.6278941138,SYNTHETIC,,2026-09-18
2025-01-16,Para Piyasası,209.7921836900,SYNTHETIC,,2026-09-18
2025-01-17,Para Piyasası,209.8499654395,SYNTHETIC,,2026-09-18
2025-01-20,Para Piyasası,210.2360567452,SYNTHETIC,,2026-09-18
2025-01-21,Para Piyasası,210.3889059638,SYNTHETIC,,2026-09-18
2025-01-22,Para Piyasası,210.7326909852,SYNTHETIC,,2026-09-18
2025-01-23,Para Piyasası,210.9768520311,SYNTHETIC,,2026-09-18
2025-01-24,Para Piyasası,211.2942397361,SYNTHETIC,,2026-09-18
2025-01-27,Para Piyasası,211.5537913815,SYNTHETIC,,2026-09-18
2025-01-28,Para Piyasası,211.6157258482,SYNTHETIC,,2026-09-18
2025-01-29,Para Piyasası,211.9995202671,SYNTHETIC,,2026-09-18
2025-01-30,Para Piyasası,212.2072204630,SYNTHETIC,,2026-09-18
2025-01-31,Para Piyasası,212.4765684856,SYNTHETIC,,2026-09-18
2025-02-03,Para Piyasası,212.7333682920,SYNTHETIC,,2026-09-18
2025-02-04,Para Piyasası,212.9175047931,SYNTHETIC,,2026-09-18
2025-02-05,Para Piyasası,213.0413476237,SYNTHETIC,,2026-09-18
2025-02-06,Para Piyasası,213.3659006761,SYNTHETIC,,2026-09-18
2025-02-07,Para Piyasası,213.6472437834,SYNTHETIC,,2026-09-18
2025-02-10,Para Piyasası,213.7718755800,SYNTHETIC,,2026-09-18
2025-02-11,Para Piyasası,213.8506776788,SYNTHETIC,,2026-09-18
2025-02-12,Para Piyasası,214.1251598497,SYNTHETIC,,2026-09-18
2025-02-13,Para Piyasası,214.4225932481,SYNTHETIC,,2026-09-18
2025-02-14,Para Piyasası,214.5411923504,SYNTHETIC,,2026-09-18
2025-02-17,Para Piyasası,214.7311492519,SYNTHETIC,,2026-09-18
2025-02-18,Para Piyasası,215.0640847104,SYNTHETIC,,2026-09-18
2025-02-19,Para Piyasası,215.3014190459,SYNTHETIC,,2026-09-18
2025-02-20,Para Piyasası,215.4672275511,SYNTHETIC,,2026-09-18
2025-02-21,Para Piyasası,215.7754626919,SYNTHETIC,,2026-09-18
2025-02-24,Para Piyasası,216.2160807939,SYNTHETIC,,2026-09-18
2025-02-25,Para Piyasası,216.3762902321,SYNTHETIC,,2026-09-18
2025-02-26,Para Piyasası,216.6494360770,SYNTHETIC,,2026-09-18
2025-02-27,Para Piyasası,216.9205256263,SYNTHETIC,,2026-09-18
2025-02-28,Para Piyasası,217.1419010929,SYNTHETIC,,2026-09-18
2025-03-03,Para Piyasası,217.2293162885,SYNTHETIC,,2026-09-18
2025-03-04,Para Piyasası,217.2073958956,SYNTHETIC,,2026-09-18
2025-03-05,Para Piyasası,217.5460897744,SYNTHETIC,,2026-09-18
2025-03-06,Para Piyasası,217.4767049533,SYNTHETIC,,2026-09-18
2025-03-07,Para Piyasası,217.6664493447,SYNTHETIC,,2026-09-18
2025-03-10,Para Piyasası,217.9268868133,SYNTHETIC,,2026-09-18
2025-03-11,Para Piyasası,218.1403173670,SYNTHETIC,,2026-09-18
2025-03-12,Para Piyasası,218.3039329234,SYNTHETIC,,2026-09-18
2025-03-13,Para Piyasası,218.4448119264,SYNTHETIC,,2026-09-18
2025-03-14,Para Piyasası,218.3762030351,SYNTHETIC,,2026-09-18
2025-03-17,Para Piyasası,218.5864535219,SYNTHETIC,,2026-09-18
2025-03-18,Para Piyasası,218.7363717462,SYNTHETIC,,2026-09-18
2025-03-19,Para Piyasası,218.8604992373,SYNTHETIC,,2026-09-18
2025-03-20,Para Piyasası,218.9406421257,SYNTHETIC,,2026-09-18
2025-03-21,Para Piyasası,219.2586564761,SYNTHETIC,,2026-09-18
2025-03-24,Para Piyasası,219.6235631115,SYNTHETIC,,2026-09-18
2025-03-25,Para Piyasası,219.8264780110,SYNTHETIC,,2026-09-18
2025-03-26,Para Piyasası,220.2339842031,SYNTHETIC,,2026-09-18
2025-03-27,Para Piyasası,220.3707818635,SYNTHETIC,,2026-09-18
2025-03-28,Para Piyasası,220.6111773744,SYNTHETIC,,2026-09-18
2025-03-31,Para Piyasası,220.7471365756,SYNTHETIC,,2026-09-18
2025-04-01,Para Piyasası,220.8919335599,SYNTHETIC,,2026-09-18
2025-04-02,Para Piyasası,221.2108027899,SYNTHETIC,,2026-09-18
2025-04-03,Para Piyasası,221.5563576425,SYNTHETIC,,2026-09-18
2025-04-04,Para Piyasası,221.8411865422,SYNTHETIC,,2026-09-18
2025-04-07,Para Piyasası,222.0483881230,SYNTHETIC,,2026-09-18
2025-04-08,Para Piyasası,222.2347119922,SYNTHETIC,,2026-09-18
2025-04-09,Para Piyasası,222.2117978100,SYNTHETIC,,2026-09-18
2025-04-10,Para Piyasası,222.2967445920,SYNTHETIC,,2026-09-18
2025-04-11,Para Piyasası,222.4141107998,SYNTHETIC,,2026-09-18
2025-04-14,Para Piyasası,222.7307421755,SYNTHETIC,,2026-09-18
2025-04-15,Para Piyasası,223.1147903500,SYNTHETIC,,2026-09-18
2025-04-16,Para Piyasası,223.1021379816,SYNTHETIC,,2026-09-18
2025-04-17,Para Piyasası,223.3025692734,SYNTHETIC,,2026-09-18
2025-04-18,Para Piyasası,223.6380670228,SYNTHETIC,,2026-09-18
2025-04-21,Para Piyasası,223.9673516996,SYNTHETIC,,2026-09-18
2025-04-22,Para Piyasası,224.0707416629,SYNTHETIC,,2026-09-18
2025-04-23,Para Piyasası,224.4204817547,SYNTHETIC,,2026-09-18
2025-04-24,Para Piyasası,224.6716270048,SYNTHETIC,,2026-09-18
2025-04-25,Para Piyasası,224.8633080567,SYNTHETIC,,2026-09-18
2025-04-28,Para Piyasası,225.1783620088,SYNTHETIC,,2026-09-18
2025-04-29,Para Piyasası,225.4702001656,SYNTHETIC,,2026-09-18
2025-04-30,Para Piyasası,225.6041660147,SYNTHETIC,,2026-09-18
2025-05-01,Para Piyasası,225.8027710276,SYNTHETIC,,2026-09-18
2025-05-02,Para Piyasası,225.7402073851,SYNTHETIC,,2026-09-18
2025-05-05,Para Piyasası,225.9111351393,SYNTHETIC,,2026-09-18
2025-05-06,Para Piyasası,226.1344076785,SYNTHETIC,,2026-09-18
2025-05-07,Para Piyasası,226.2560349764,SYNTHETIC,,2026-09-18
2025-05-08,Para Piyasası,226.5086333163,SYNTHETIC,,2026-09-18
2025-05-09,Para Piyasası,226.6288672351,SYNTHETIC,,2026-09-18
2025-05-12,Para Piyasası,227.0609632773,SYNTHETIC,,2026-09-18
2025-05-13,Para Piyasası,227.2920377054,SYNTHETIC,,2026-09-18
2025-05-14,Para Piyasası,227.7067786269,SYNTHETIC,,2026-09-18
2025-05-15,Para Piyasası,227.8295794065,SYNTHETIC,,2026-09-18
2025-05-16,Para Piyasası,227.9628196553,SYNTHETIC,,2026-09-18
2025-05-19,Para Piyasası,228.2463878907,SYNTHETIC,,2026-09-18
2025-05-20,Para Piyasası,228.4069764795,SYNTHETIC,,2026-09-18
2025-05-21,Para Piyasası,228.5579351060,SYNTHETIC,,2026-09-18
2025-05-22,Para Piyasası,229.1150755384,SYNTHETIC,,2026-09-18
2025-05-23,Para Piyasası,229.4510341933,SYNTHETIC,,2026-09-18
2025-05-26,Para Piyasası,229.6846844518,SYNTHETIC,,2026-09-18
2025-05-27,Para Piyasası,229.8438780961,SYNTHETIC,,2026-09-18
2025-05-28,Para Piyasası,230.0208082084,SYNTHETIC,,2026-09-18
2025-05-29,Para Piyasası,230.0877312763,SYNTHETIC,,2026-09-18
2025-05-30,Para Piyasası,230.3164809787,SYNTHETIC,,2026-09-18
2025-06-02,Para Piyasası,230.4674092925,SYNTHETIC,,2026-09-18
2025-06-03,Para Piyasası,230.7133020392,SYNTHETIC,,2026-09-18
2025-06-04,Para Piyasası,231.0843038121,SYNTHETIC,,2026-09-18
2025-06-05,Para Piyasası,231.0867373922,SYNTHETIC,,2026-09-18
2025-06-06,Para Piyasası,231.4495998743,SYNTHETIC,,2026-09-18
2025-06-09,Para Piyasası,231.6370040490,SYNTHETIC,,2026-09-18
2025-06-10,Para Piyasası,231.9792218165,SYNTHETIC,,2026-09-18
2025-06-11,Para Piyasası,232.2676481069,SYNTHETIC,,2026-09-18
2025-06-12,Para Piyasası,232.3863788913,SYNTHETIC,,2026-09-18
2025-06-13,Para Piyasası,232.6503079791,SYNTHETIC,,2026-09-18
2025-06-16,Para Piyasası,232.7358248662,SYNTHETIC,,2026-09-18
2025-06-17,Para Piyasası,233.0124808119,SYNTHETIC,,2026-09-18
2025-06-18,Para Piyasası,233.3044954613,SYNTHETIC,,2026-09-18
2025-06-19,Para Piyasası,233.5845540854,SYNTHETIC,,2026-09-18
2025-06-20,Para Piyasası,233.9426899327,SYNTHETIC,,2026-09-18
2025-06-23,Para Piyasası,233.8636734512,SYNTHETIC,,2026-09-18
2025-06-24,Para Piyasası,234.0459943596,SYNTHETIC,,2026-09-18
2025-06-25,Para Piyasası,234.2103081744,SYNTHETIC,,2026-09-18
2025-06-26,Para Piyasası,234.6133494652,SYNTHETIC,,2026-09-18
2025-06-27,Para Piyasası,234.8440762494,SYNTHETIC,,2026-09-18
2025-06-30,Para Piyasası,235.0411318849,SYNTHETIC,,2026-09-18
2025-07-01,Para Piyasası,235.1094412011,SYNTHETIC,,2026-09-18
2025-07-02,Para Piyasası,235.2035544068,SYNTHETIC,,2026-09-18
2025-07-03,Para Piyasası,235.5851515571,SYNTHETIC,,2026-09-18
2025-07-04,Para Piyasası,235.7003428864,SYNTHETIC,,2026-09-18
2025-07-07,Para Piyasası,236.0761964106,SYNTHETIC,,2026-09-18
2025-07-08,Para Piyasası,236.0851710104,SYNTHETIC,,2026-09-18
2025-07-09,Para Piyasası,236.3163204199,SYNTHETIC,,2026-09-18
2025-07-10,Para Piyasası,236.4456892390,SYNTHETIC,,2026-09-18
2025-07-11,Para Piyasası,236.7127760869,SYNTHETIC,,2026-09-18
2025-07-14,Para Piyasası,236.9468886814,SYNTHETIC,,2026-09-18
2025-07-15,Para Piyasası,237.1664698705,SYNTHETIC,,2026-09-18
2025-07-16,Para Piyasası,237.3098066109,SYNTHETIC,,2026-09-18
2025-07-17,Para Piyasası,237.5854152247,SYNTHETIC,,2026-09-18
2025-07-18,Para Piyasası,237.9279605632,SYNTHETIC,,2026-09-18
2025-07-21,Para Piyasası,238.0255070886,SYNTHETIC,,2026-09-18
2025-07-22,Para Piyasası,238.2966660989,SYNTHETIC,,2026-09-18
2025-07-23,Para Piyasası,238.3248909817,SYNTHETIC,,2026-09-18
2025-07-24,Para Piyasası,238.7733370654,SYNTHETIC,,2026-09-18
2025-07-25,Para Piyasası,239.0430788285,SYNTHETIC,,2026-09-18
2025-07-28,Para Piyasası,239.3850370645,SYNTHETIC,,2026-09-18
2025-07-29,Para Piyasası,239.4324396720,SYNTHETIC,,2026-09-18
2025-07-30,Para Piyasası,239.8271860152,SYNTHETIC,,2026-09-18
2025-07-31,Para Piyasası,240.2793471160,SYNTHETIC,,2026-09-18
2025-08-01,Para Piyasası,240.4593874855,SYNTHETIC,,2026-09-18
2025-08-04,Para Piyasası,240.7751450740,SYNTHETIC,,2026-09-18
2025-08-05,Para Piyasası,241.0580079705,SYNTHETIC,,2026-09-18
2025-08-06,Para Piyasası,241.2965853558,SYNTHETIC,,2026-09-18
2025-08-07,Para Piyasası,241.4253244962,SYNTHETIC,,2026-09-18
2025-08-08,Para Piyasası,241.5194189422,SYNTHETIC,,2026-09-18
2025-08-11,Para Piyasası,241.7140709329,SYNTHETIC,,2026-09-18
2025-08-12,Para Piyasası,241.9000851263,SYNTHETIC,,2026-09-18
2025-08-13,Para Piyasası,242.3272793444,SYNTHETIC,,2026-09-18
2025-08-14,Para Piyasası,242.4048484195,SYNTHETIC,,2026-09-18
2025-08-15,Para Piyasası,242.3017227081,SYNTHETIC,,2026-09-18
2025-08-18,Para Piyasası,242.3917796811,SYNTHETIC,,2026-09-18
2025-08-19,Para Piyasası,242.4565136957,SYNTHETIC,,2026-09-18
2025-08-20,Para Piyasası,242.6519219950,SYNTHETIC,,2026-09-18
2025-08-21,Para Piyasası,242.8035871065,SYNTHETIC,,2026-09-18
2025-08-22,Para Piyasası,243.0430614951,SYNTHETIC,,2026-09-18
2025-08-25,Para Piyasası,243.0379351237,SYNTHETIC,,2026-09-18
2025-08-26,Para Piyasası,243.3192698789,SYNTHETIC,,2026-09-18
2025-08-27,Para Piyasası,243.6338001171,SYNTHETIC,,2026-09-18
2025-08-28,Para Piyasası,243.9108624291,SYNTHETIC,,2026-09-18
2025-08-29,Para Piyasası,244.0813307132,SYNTHETIC,,2026-09-18
2025-09-01,Para Piyasası,244.1334183666,SYNTHETIC,,2026-09-18
2025-09-02,Para Piyasası,244.2853472230,SYNTHETIC,,2026-09-18
2025-09-03,Para Piyasası,244.4957940943,SYNTHETIC,,2026-09-18
2025-09-04,Para Piyasası,244.6114037847,SYNTHETIC,,2026-09-18
2025-09-05,Para Piyasası,244.7037685202,SYNTHETIC,,2026-09-18
2025-09-08,Para Piyasası,244.8870981955,SYNTHETIC,,2026-09-18
2025-09-09,Para Piyasası,245.3269759543,SYNTHETIC,,2026-09-18
2025-09-10,Para Piyasası,245.5779067632,SYNTHETIC,,2026-09-18
2025-09-11,Para Piyasası,245.7033258708,SYNTHETIC,,2026-09-18
2025-09-12,Para Piyasası,245.8076567878,SYNTHETIC,,2026-09-18
2025-09-15,Para Piyasası,245.9849059153,SYNTHETIC,,2026-09-18
2025-09-16,Para Piyasası,246.1806865458,SYNTHETIC,,2026-09-18
2025-09-17,Para Piyasası,246.4403858613,SYNTHETIC,,2026-09-18
2025-09-18,Para Piyasası,246.7970096139,SYNTHETIC,,2026-09-18
2025-09-19,Para Piyasası,247.2001059270,SYNTHETIC,,2026-09-18
2025-09-22,Para Piyasası,247.4295479448,SYNTHETIC,,2026-09-18
2025-09-23,Para Piyasası,247.7886266079,SYNTHETIC,,2026-09-18
2025-09-24,Para Piyasası,247.9686613839,SYNTHETIC,,2026-09-18
2025-09-25,Para Piyasası,248.1785371023,SYNTHETIC,,2026-09-18
2025-09-26,Para Piyasası,248.3685036795,SYNTHETIC,,2026-09-18
2025-09-29,Para Piyasası,248.7351831775,SYNTHETIC,,2026-09-18
2025-09-30,Para Piyasası,249.0797419594,SYNTHETIC,,2026-09-18
2025-10-01,Para Piyasası,249.5004624612,SYNTHETIC,,2026-09-18
2025-10-02,Para Piyasası,249.6902504925,SYNTHETIC,,2026-09-18
2025-10-03,Para Piyasası,249.9315576795,SYNTHETIC,,2026-09-18
2025-10-06,Para Piyasası,250.1686388447,SYNTHETIC,,2026-09-18
2025-10-07,Para Piyasası,250.2429523115,SYNTHETIC,,2026-09-18
2025-10-08,Para Piyasası,250.3456586564,SYNTHETIC,,2026-09-18
2025-10-09,Para Piyasası,250.3966121386,SYNTHETIC,,2026-09-18
2025-10-10,Para Piyasası,250.4629305510,SYNTHETIC,,2026-09-18
2025-10-13,Para Piyasası,250.6591904110,SYNTHETIC,,2026-09-18
2025-10-14,Para Piyasası,251.0983200614,SYNTHETIC,,2026-09-18
2025-10-15,Para Piyasası,251.3373926286,SYNTHETIC,,2026-09-18
2025-10-16,Para Piyasası,251.7451704938,SYNTHETIC,,2026-09-18
2025-10-17,Para Piyasası,252.1042462006,SYNTHETIC,,2026-09-18
2025-10-20,Para Piyasası,252.1867465659,SYNTHETIC,,2026-09-18
2025-10-21,Para Piyasası,252.2058983219,SYNTHETIC,,2026-09-18
2025-10-22,Para Piyasası,252.4987047696,SYNTHETIC,,2026-09-18
2025-10-23,Para Piyasası,252.7935805391,SYNTHETIC,,2026-09-18
2025-10-24,Para Piyasası,252.9731603946,SYNTHETIC,,2026-09-18
2025-10-27,Para Piyasası,253.3407322075,SYNTHETIC,,2026-09-18
2025-10-28,Para Piyasası,253.7301490015,SYNTHETIC,,2026-09-18
2025-10-29,Para Piyasası,253.8635640098,SYNTHETIC,,2026-09-18
2025-10-30,Para Piyasası,254.0813866917,SYNTHETIC,,2026-09-18
2025-10-31,Para Piyasası,254.4661083077,SYNTHETIC,,2026-09-18
2025-11-03,Para Piyasası,254.5400529060,SYNTHETIC,,2026-09-18
2025-11-04,Para Piyasası,254.6296019077,SYNTHETIC,,2026-09-18
2025-11-05,Para Piyasası,254.6828732568,SYNTHETIC,,2026-09-18
2025-11-06,Para Piyasası,255.0815178753,SYNTHETIC,,2026-09-18
2025-11-07,Para Piyasası,255.2055746172,SYNTHETIC,,2026-09-18
2025-11-10,Para Piyasası,255.6153855004,SYNTHETIC,,2026-09-18
2025-11-11,Para Piyasası,255.7820495260,SYNTHETIC,,2026-09-18
2025-11-12,Para Piyasası,256.1678116507,SYNTHETIC,,2026-09-18
2025-11-13,Para Piyasası,256.4241624173,SYNTHETIC,,2026-09-18
2025-11-14,Para Piyasası,256.5470509808,SYNTHETIC,,2026-09-18
2025-11-17,Para Piyasası,256.8199861390,SYNTHETIC,,2026-09-18
2025-11-18,Para Piyasası,257.1589653283,SYNTHETIC,,2026-09-18
2025-11-19,Para Piyasası,257.4843824652,SYNTHETIC,,2026-09-18
2025-11-20,Para Piyasası,257.7813596029,SYNTHETIC,,2026-09-18
2025-11-21,Para Piyasası,257.8609543800,SYNTHETIC,,2026-09-18
2025-11-24,Para Piyasası,258.3050639539,SYNTHETIC,,2026-09-18
2025-11-25,Para Piyasası,258.5767862264,SYNTHETIC,,2026-09-18
2025-11-26,Para Piyasası,258.8381941440,SYNTHETIC,,2026-09-18
2025-11-27,Para Piyasası,259.0096739538,SYNTHETIC,,2026-09-18
2025-11-28,Para Piyasası,259.2399677709,SYNTHETIC,,2026-09-18
2025-12-01,Para Piyasası,259.3155544753,SYNTHETIC,,2026-09-18
2025-12-02,Para Piyasası,259.6210312889,SYNTHETIC,,2026-09-18
2025-12-03,Para Piyasası,260.2104387518,SYNTHETIC,,2026-09-18
2025-12-04,Para Piyasası,260.5335624244,SYNTHETIC,,2026-09-18
2025-12-05,Para Piyasası,260.6167989373,SYNTHETIC,,2026-09-18
2025-12-08,Para Piyasası,261.0146746729,SYNTHETIC,,2026-09-18
2025-12-09,Para Piyasası,261.6671461807,SYNTHETIC,,2026-09-18
2025-12-10,Para Piyasası,261.7782304454,SYNTHETIC,,2026-09-18
2025-12-11,Para Piyasası,262.0984185775,SYNTHETIC,,2026-09-18
2025-12-12,Para Piyasası,262.3570014137,SYNTHETIC,,2026-09-18
2025-12-15,Para Piyasası,262.4959664452,SYNTHETIC,,2026-09-18
2025-12-16,Para Piyasası,263.2327115789,SYNTHETIC,,2026-09-18
2025-12-17,Para Piyasası,263.3329392887,SYNTHETIC,,2026-09-18
2025-12-18,Para Piyasası,263.4134488913,SYNTHETIC,,2026-09-18
2025-12-19,Para Piyasası,263.6923173455,SYNTHETIC,,2026-09-18
2025-12-22,Para Piyasası,264.1645004416,SYNTHETIC,,2026-09-18
2025-12-23,Para Piyasası,264.3007185742,SYNTHETIC,,2026-09-18
2025-12-24,Para Piyasası,264.8655365905,SYNTHETIC,,2026-09-18
2025-12-25,Para Piyasası,265.3290116427,SYNTHETIC,,2026-09-18
2025-12-26,Para Piyasası,265.2373481447,SYNTHETIC,,2026-09-18
2025-12-29,Para Piyasası,265.7243158008,SYNTHETIC,,2026-09-18
2025-12-30,Para Piyasası,265.8670003883,SYNTHETIC,,2026-09-18
2025-12-31,Para Piyasası,266.1125989556,SYNTHETIC,,2026-09-18
2026-01-01,Para Piyasası,266.3956889050,SYNTHETIC,,2026-09-18
2026-01-02,Para Piyasası,266.7888764902,SYNTHETIC,,2026-09-18
2026-01-05,Para Piyasası,267.3626969989,SYNTHETIC,,2026-09-18
2026-01-06,Para Piyasası,267.7475810293,SYNTHETIC,,2026-09-18
2026-01-07,Para Piyasası,268.0450344465,SYNTHETIC,,2026-09-18
2026-01-08,Para Piyasası,268.3851523751,SYNTHETIC,,2026-09-18
2026-01-09,Para Piyasası,268.4554621428,SYNTHETIC,,2026-09-18
2026-01-12,Para Piyasası,268.7594286785,SYNTHETIC,,2026-09-18
2026-01-13,Para Piyasası,269.0480830569,SYNTHETIC,,2026-09-18
2026-01-14,Para Piyasası,269.4528942785,SYNTHETIC,,2026-09-18
2026-01-15,Para Piyasası,269.9539152759,SYNTHETIC,,2026-09-18
2026-01-16,Para Piyasası,270.1979831381,SYNTHETIC,,2026-09-18
2026-01-19,Para Piyasası,270.3159502679,SYNTHETIC,,2026-09-18
2026-01-20,Para Piyasası,270.4778185057,SYNTHETIC,,2026-09-18
2026-01-21,Para Piyasası,270.7884319685,SYNTHETIC,,2026-09-18
2026-01-22,Para Piyasası,271.1082005128,SYNTHETIC,,2026-09-18
2026-01-23,Para Piyasası,271.0799898822,SYNTHETIC,,2026-09-18
2026-01-26,Para Piyasası,271.1831763907,SYNTHETIC,,2026-09-18
2026-01-27,Para Piyasası,271.1996854601,SYNTHETIC,,2026-09-18
2026-01-28,Para Piyasası,271.3902640433,SYNTHETIC,,2026-09-18
2026-01-29,Para Piyasası,271.5948025732,SYNTHETIC,,2026-09-18
2026-01-30,Para Piyasası,271.8141469095,SYNTHETIC,,2026-09-18
2026-02-02,Para Piyasası,272.2348638398,SYNTHETIC,,2026-09-18
2026-02-03,Para Piyasası,272.5478920707,SYNTHETIC,,2026-09-18
2026-02-04,Para Piyasası,272.5909813820,SYNTHETIC,,2026-09-18
2026-02-05,Para Piyasası,272.8803614456,SYNTHETIC,,2026-09-18
2026-02-06,Para Piyasası,273.2050930048,SYNTHETIC,,2026-09-18
2026-02-09,Para Piyasası,273.4778370529,SYNTHETIC,,2026-09-18
2026-02-10,Para Piyasası,273.8555481101,SYNTHETIC,,2026-09-18
2026-02-11,Para Piyasası,274.0622984341,SYNTHETIC,,2026-09-18
2026-02-12,Para Piyasası,274.5513977417,SYNTHETIC,,2026-09-18
2026-02-13,Para Piyasası,274.5596854069,SYNTHETIC,,2026-09-18
2026-02-16,Para Piyasası,274.6970993042,SYNTHETIC,,2026-09-18
2026-02-17,Para Piyasası,274.9807160078,SYNTHETIC,,2026-09-18
2026-02-18,Para Piyasası,275.4054754493,SYNTHETIC,,2026-09-18
2026-02-19,Para Piyasası,275.6741298408,SYNTHETIC,,2026-09-18
2026-02-20,Para Piyasası,275.9637643884,SYNTHETIC,,2026-09-18
2026-02-23,Para Piyasası,276.4569520415,SYNTHETIC,,2026-09-18
2026-02-24,Para Piyasası,276.3694595984,SYNTHETIC,,2026-09-18
2026-02-25,Para Piyasası,276.6907667690,SYNTHETIC,,2026-09-18
2026-02-26,Para Piyasası,277.0338366311,SYNTHETIC,,2026-09-18
2026-02-27,Para Piyasası,277.3547298850,SYNTHETIC,,2026-09-18
2026-03-02,Para Piyasası,277.5382638714,SYNTHETIC,,2026-09-18
2026-03-03,Para Piyasası,277.5235253982,SYNTHETIC,,2026-09-18
2026-03-04,Para Piyasası,277.8460237757,SYNTHETIC,,2026-09-18
2026-03-05,Para Piyasası,278.0438487894,SYNTHETIC,,2026-09-18
2026-03-06,Para Piyasası,278.1482286404,SYNTHETIC,,2026-09-18
2026-03-09,Para Piyasası,278.3290781216,SYNTHETIC,,2026-09-18
2026-03-10,Para Piyasası,278.7734496732,SYNTHETIC,,2026-09-18
2026-03-11,Para Piyasası,279.0432418576,SYNTHETIC,,2026-09-18
2026-03-12,Para Piyasası,279.2907052169,SYNTHETIC,,2026-09-18
2026-03-13,Para Piyasası,279.3727601302,SYNTHETIC,,2026-09-18
2026-03-16,Para Piyasası,279.9271161391,SYNTHETIC,,2026-09-18
2026-03-17,Para Piyasası,280.0077113029,SYNTHETIC,,2026-09-18
2026-03-18,Para Piyasası,280.4058966007,SYNTHETIC,,2026-09-18
2026-03-19,Para Piyasası,280.5119507000,SYNTHETIC,,2026-09-18
2026-03-20,Para Piyasası,280.9739735176,SYNTHETIC,,2026-09-18
2026-03-23,Para Piyasası,281.1706285641,SYNTHETIC,,2026-09-18
2026-03-24,Para Piyasası,281.5129765078,SYNTHETIC,,2026-09-18
2026-03-25,Para Piyasası,281.8206882000,SYNTHETIC,,2026-09-18
2026-03-26,Para Piyasası,282.0457371800,SYNTHETIC,,2026-09-18
2026-03-27,Para Piyasası,282.7250299222,SYNTHETIC,,2026-09-18
2026-03-30,Para Piyasası,282.8562128659,SYNTHETIC,,2026-09-18
2026-03-31,Para Piyasası,282.8629677351,SYNTHETIC,,2026-09-18
2026-04-01,Para Piyasası,283.2090232256,SYNTHETIC,,2026-09-18
2026-04-02,Para Piyasası,283.2748069685,SYNTHETIC,,2026-09-18
2026-04-03,Para Piyasası,283.7582638144,SYNTHETIC,,2026-09-18
2026-04-06,Para Piyasası,284.0889021962,SYNTHETIC,,2026-09-18
2026-04-07,Para Piyasası,284.3366553811,SYNTHETIC,,2026-09-18
2026-04-08,Para Piyasası,284.3071061078,SYNTHETIC,,2026-09-18
2026-04-09,Para Piyasası,284.4540558197,SYNTHETIC,,2026-09-18
2026-04-10,Para Piyasası,284.6012419712,SYNTHETIC,,2026-09-18
2026-04-13,Para Piyasası,284.8228833305,SYNTHETIC,,2026-09-18
2026-04-14,Para Piyasası,284.8837916648,SYNTHETIC,,2026-09-18
2026-04-15,Para Piyasası,285.1732232066,SYNTHETIC,,2026-09-18
2026-04-16,Para Piyasası,285.4043263031,SYNTHETIC,,2026-09-18
2026-04-17,Para Piyasası,285.3814496863,SYNTHETIC,,2026-09-18
2026-04-20,Para Piyasası,285.8286795695,SYNTHETIC,,2026-09-18
2026-04-21,Para Piyasası,286.0180496223,SYNTHETIC,,2026-09-18
2026-04-22,Para Piyasası,286.4763956720,SYNTHETIC,,2026-09-18
2026-04-23,Para Piyasası,286.6114025333,SYNTHETIC,,2026-09-18
2026-04-24,Para Piyasası,286.7111105721,SYNTHETIC,,2026-09-18
2026-04-27,Para Piyasası,286.9596517093,SYNTHETIC,,2026-09-18
2026-04-28,Para Piyasası,287.4259935004,SYNTHETIC,,2026-09-18
2026-04-29,Para Piyasası,287.6715376306,SYNTHETIC,,2026-09-18
2026-04-30,Para Piyasası,287.8474647134,SYNTHETIC,,2026-09-18
2026-05-01,Para Piyasası,288.0088570122,SYNTHETIC,,2026-09-18
2026-05-04,Para Piyasası,288.2567802005,SYNTHETIC,,2026-09-18
2026-05-05,Para Piyasası,288.4916743083,SYNTHETIC,,2026-09-18
2026-05-06,Para Piyasası,288.9397473951,SYNTHETIC,,2026-09-18
2026-05-07,Para Piyasası,289.1062146172,SYNTHETIC,,2026-09-18
2026-05-08,Para Piyasası,289.1523349105,SYNTHETIC,,2026-09-18
2026-05-11,Para Piyasası,289.2091281111,SYNTHETIC,,2026-09-18
2026-05-12,Para Piyasası,289.3880299390,SYNTHETIC,,2026-09-18
2026-05-13,Para Piyasası,289.7232010571,SYNTHETIC,,2026-09-18
2026-05-14,Para Piyasası,289.8817043548,SYNTHETIC,,2026-09-18
2026-05-15,Para Piyasası,290.3543801497,SYNTHETIC,,2026-09-18
2026-05-18,Para Piyasası,290.6845083718,SYNTHETIC,,2026-09-18
2026-05-19,Para Piyasası,291.1256435016,SYNTHETIC,,2026-09-18
2026-05-20,Para Piyasası,291.2835497515,SYNTHETIC,,2026-09-18
2026-05-21,Para Piyasası,291.5835883910,SYNTHETIC,,2026-09-18
2026-05-22,Para Piyasası,291.7044534443,SYNTHETIC,,2026-09-18
2026-05-25,Para Piyasası,292.1285981572,SYNTHETIC,,2026-09-18
2026-05-26,Para Piyasası,292.2693452119,SYNTHETIC,,2026-09-18
2026-05-27,Para Piyasası,292.3706280497,SYNTHETIC,,2026-09-18
2026-05-28,Para Piyasası,292.8133677314,SYNTHETIC,,2026-09-18
2026-05-29,Para Piyasası,293.1693681686,SYNTHETIC,,2026-09-18
2026-06-01,Para Piyasası,293.5286024546,SYNTHETIC,,2026-09-18
2026-06-02,Para Piyasası,293.7116008647,SYNTHETIC,,2026-09-18
2026-06-03,Para Piyasası,293.6788081377,SYNTHETIC,,2026-09-18
2026-06-04,Para Piyasası,293.6731443996,SYNTHETIC,,2026-09-18
2026-06-05,Para Piyasası,294.0902536752,SYNTHETIC,,2026-09-18
2026-06-08,Para Piyasası,294.1842095764,SYNTHETIC,,2026-09-18
2026-06-09,Para Piyasası,294.5327503035,SYNTHETIC,,2026-09-18
2026-06-10,Para Piyasası,294.9857965097,SYNTHETIC,,2026-09-18
2026-06-11,Para Piyasası,295.2611560120,SYNTHETIC,,2026-09-18
2026-06-12,Para Piyasası,295.4210158677,SYNTHETIC,,2026-09-18
2026-06-15,Para Piyasası,295.9869390726,SYNTHETIC,,2026-09-18
2026-06-16,Para Piyasası,296.0943776807,SYNTHETIC,,2026-09-18
2026-06-17,Para Piyasası,296.0153412283,SYNTHETIC,,2026-09-18
2026-06-18,Para Piyasası,296.5161740126,SYNTHETIC,,2026-09-18
2026-06-19,Para Piyasası,296.4883870350,SYNTHETIC,,2026-09-18
2026-06-22,Para Piyasası,296.8521656065,SYNTHETIC,,2026-09-18
2026-06-23,Para Piyasası,297.1597838979,SYNTHETIC,,2026-09-18
2026-06-24,Para Piyasası,297.2857233354,SYNTHETIC,,2026-09-18
2026-06-25,Para Piyasası,297.6781339593,SYNTHETIC,,2026-09-18
2026-06-26,Para Piyasası,298.1156023182,SYNTHETIC,,2026-09-18
2026-06-29,Para Piyasası,298.3932926342,SYNTHETIC,,2026-09-18
2026-06-30,Para Piyasası,299.0023887103,SYNTHETIC,,2026-09-18
2026-07-01,Para Piyasası,299.3949577735,SYNTHETIC,,2026-09-18
2026-07-02,Para Piyasası,300.1001039403,SYNTHETIC,,2026-09-18
2026-07-03,Para Piyasası,300.3155097256,SYNTHETIC,,2026-09-18
2026-07-06,Para Piyasası,300.4560202871,SYNTHETIC,,2026-09-18
2026-07-07,Para Piyasası,300.9819342358,SYNTHETIC,,2026-09-18
2026-07-08,Para Piyasası,301.3271189784,SYNTHETIC,,2026-09-18
2026-07-09,Para Piyasası,301.4223338549,SYNTHETIC,,2026-09-18
2026-07-10,Para Piyasası,301.8741386161,SYNTHETIC,,2026-09-18
2026-07-13,Para Piyasası,301.9207920889,SYNTHETIC,,2026-09-18
2026-07-14,Para Piyasası,302.1582820302,SYNTHETIC,,2026-09-18
2026-07-15,Para Piyasası,302.4512240202,SYNTHETIC,,2026-09-18
2026-07-16,Para Piyasası,302.3658932250,SYNTHETIC,,2026-09-18
2026-07-17,Para Piyasası,302.5378657263,SYNTHETIC,,2026-09-18
2026-07-20,Para Piyasası,302.7409270142,SYNTHETIC,,2026-09-18
2026-07-21,Para Piyasası,303.0226893207,SYNTHETIC,,2026-09-18
2026-07-22,Para Piyasası,303.5169314230,SYNTHETIC,,2026-09-18
2026-07-23,Para Piyasası,303.8007264887,SYNTHETIC,,2026-09-18
2026-07-24,Para Piyasası,304.1403631219,SYNTHETIC,,2026-09-18
2026-07-27,Para Piyasası,304.1365774737,SYNTHETIC,,2026-09-18
2026-07-28,Para Piyasası,304.7636987662,SYNTHETIC,,2026-09-18
2026-07-29,Para Piyasası,304.9005026943,SYNTHETIC,,2026-09-18
2026-07-30,Para Piyasası,304.9501927476,SYNTHETIC,,2026-09-18
2026-07-31,Para Piyasası,305.3934000015,SYNTHETIC,,2026-09-18
2026-08-03,Para Piyasası,305.5146376621,SYNTHETIC,,2026-09-18
2026-08-04,Para Piyasası,305.4953145437,SYNTHETIC,,2026-09-18
2026-08-05,Para Piyasası,305.9268936478,SYNTHETIC,,2026-09-18
2026-08-06,Para Piyasası,306.2424714269,SYNTHETIC,,2026-09-18
2026-08-07,Para Piyasası,306.6497059053,SYNTHETIC,,2026-09-18
2026-08-10,Para Piyasası,306.9902545931,SYNTHETIC,,2026-09-18
2026-08-11,Para Piyasası,307.2705035985,SYNTHETIC,,2026-09-18
2026-08-12,Para Piyasası,307.4376891268,SYNTHETIC,,2026-09-18
2026-08-13,Para Piyasası,307.4150815542,SYNTHETIC,,2026-09-18
2026-08-14,Para Piyasası,307.9270752949,SYNTHETIC,,2026-09-18
2026-08-17,Para Piyasası,308.1955800725,SYNTHETIC,,2026-09-18
2026-08-18,Para Piyasası,308.5045286852,SYNTHETIC,,2026-09-18
2026-08-19,Para Piyasası,308.6995193405,SYNTHETIC,,2026-09-18
2026-08-20,Para Piyasası,308.8774022533,SYNTHETIC,,2026-09-18
2026-08-21,Para Piyasası,309.4412846742,SYNTHETIC,,2026-09-18
2026-08-24,Para Piyasası,309.7870692309,SYNTHETIC,,2026-09-18
2026-08-25,Para Piyasası,310.0399171297,SYNTHETIC,,2026-09-18
2026-08-26,Para Piyasası,310.4952658610,SYNTHETIC,,2026-09-18
2026-08-27,Para Piyasası,310.8467407712,SYNTHETIC,,2026-09-18
2026-08-28,Para Piyasası,311.4953523022,SYNTHETIC,,2026-09-18
2026-08-31,Para Piyasası,311.8786259485,SYNTHETIC,,2026-09-18
2026-09-01,Para Piyasası,312.0874301843,SYNTHETIC,,2026-09-18
2026-09-02,Para Piyasası,312.6783708197,SYNTHETIC,,2026-09-18
2026-09-03,Para Piyasası,313.2277841779,SYNTHETIC,,2026-09-18
2026-09-04,Para Piyasası,313.5153789961,SYNTHETIC,,2026-09-18
2026-09-07,Para Piyasası,313.7090283070,SYNTHETIC,,2026-09-18
2026-09-08,Para Piyasası,313.9192225806,SYNTHETIC,,2026-09-18
2026-09-09,Para Piyasası,314.0356572384,SYNTHETIC,,2026-09-18
2026-09-10,Para Piyasası,314.4389243751,SYNTHETIC,,2026-09-18
2026-09-11,Para Piyasası,314.5945699643,SYNTHETIC,,2026-09-18
2026-09-14,Para Piyasası,314.8733249674,SYNTHETIC,,2026-09-18
2026-09-15,Para Piyasası,315.0683210358,SYNTHETIC,,2026-09-18
2026-09-16,Para Piyasası,315.5009243347,SYNTHETIC,,2026-09-18
2026-09-17,Para Piyasası,315.7811541407,SYNTHETIC,,2026-09-18
2026-09-18,Para Piyasası,316.2995032608,SYNTHETIC,,2026-09-18
2022-01-03,Değişken,100.0000000000,SYNTHETIC,,2026-09-18
2022-01-04,Değişken,98.7047258953,SYNTHETIC,,2026-09-18
2022-01-05,Değişken,101.2925859778,SYNTHETIC,,2026-09-18
2022-01-06,Değişken,100.3982493363,SYNTHETIC,,2026-09-18
2022-01-07,Değişken,101.9137237311,SYNTHETIC,,2026-09-18
2022-01-10,Değişken,101.6678076174,SYNTHETIC,,2026-09-18
2022-01-11,Değişken,101.4128250461,SYNTHETIC,,2026-09-18
2022-01-12,Değişken,101.2903465192,SYNTHETIC,,2026-09-18
2022-01-13,Değişken,102.5491464742,SYNTHETIC,,2026-09-18
2022-01-14,Değişken,102.6359442548,SYNTHETIC,,2026-09-18
2022-01-17,Değişken,103.2630405288,SYNTHETIC,,2026-09-18
2022-01-18,Değişken,103.4567740462,SYNTHETIC,,2026-09-18
2022-01-19,Değişken,103.4007069483,SYNTHETIC,,2026-09-18
2022-01-20,Değişken,101.9720543789,SYNTHETIC,,2026-09-18
2022-01-21,Değişken,99.0423255655,SYNTHETIC,,2026-09-18
2022-01-24,Değişken,97.7893084361,SYNTHETIC,,2026-09-18
2022-01-25,Değişken,97.8050856581,SYNTHETIC,,2026-09-18
2022-01-26,Değişken,98.5969563804,SYNTHETIC,,2026-09-18
2022-01-27,Değişken,100.6121395973,SYNTHETIC,,2026-09-18
2022-01-28,Değişken,99.9925816685,SYNTHETIC,,2026-09-18
2022-01-31,Değişken,101.9240638415,SYNTHETIC,,2026-09-18
2022-02-01,Değişken,101.2489941246,SYNTHETIC,,2026-09-18
2022-02-02,Değişken,101.1334168911,SYNTHETIC,,2026-09-18
2022-02-03,Değişken,102.0907163668,SYNTHETIC,,2026-09-18
2022-02-04,Değişken,102.2802616615,SYNTHETIC,,2026-09-18
2022-02-07,Değişken,102.0814499737,SYNTHETIC,,2026-09-18
2022-02-08,Değişken,103.2342018267,SYNTHETIC,,2026-09-18
2022-02-09,Değişken,103.0774697486,SYNTHETIC,,2026-09-18
2022-02-10,Değişken,101.4624051586,SYNTHETIC,,2026-09-18
2022-02-11,Değişken,100.7662368638,SYNTHETIC,,2026-09-18
2022-02-14,Değişken,101.2597516782,SYNTHETIC,,2026-09-18
2022-02-15,Değişken,101.3614537982,SYNTHETIC,,2026-09-18
2022-02-16,Değişken,100.1117324876,SYNTHETIC,,2026-09-18
2022-02-17,Değişken,100.3147122003,SYNTHETIC,,2026-09-18
2022-02-18,Değişken,100.4450723857,SYNTHETIC,,2026-09-18
2022-02-21,Değişken,98.8531880313,SYNTHETIC,,2026-09-18
2022-02-22,Değişken,99.3751339171,SYNTHETIC,,2026-09-18
2022-02-23,Değişken,99.2366786907,SYNTHETIC,,2026-09-18
2022-02-24,Değişken,100.5670839849,SYNTHETIC,,2026-09-18
2022-02-25,Değişken,101.1673002859,SYNTHETIC,,2026-09-18
2022-02-28,Değişken,101.3799526511,SYNTHETIC,,2026-09-18
2022-03-01,Değişken,99.8287537840,SYNTHETIC,,2026-09-18
2022-03-02,Değişken,101.4279410399,SYNTHETIC,,2026-09-18
2022-03-03,Değişken,101.5617298236,SYNTHETIC,,2026-09-18
2022-03-04,Değişken,102.5220788987,SYNTHETIC,,2026-09-18
2022-03-07,Değişken,101.6366994796,SYNTHETIC,,2026-09-18
2022-03-08,Değişken,101.7480281227,SYNTHETIC,,2026-09-18
2022-03-09,Değişken,100.7708094626,SYNTHETIC,,2026-09-18
2022-03-10,Değişken,101.8430749430,SYNTHETIC,,2026-09-18
2022-03-11,Değişken,101.9803462747,SYNTHETIC,,2026-09-18
2022-03-14,Değişken,102.7337980372,SYNTHETIC,,2026-09-18
2022-03-15,Değişken,102.5412098361,SYNTHETIC,,2026-09-18
2022-03-16,Değişken,102.3825883113,SYNTHETIC,,2026-09-18
2022-03-17,Değişken,102.0562624593,SYNTHETIC,,2026-09-18
2022-03-18,Değişken,102.2122764935,SYNTHETIC,,2026-09-18
2022-03-21,Değişken,102.9874560534,SYNTHETIC,,2026-09-18
2022-03-22,Değişken,104.1630373726,SYNTHETIC,,2026-09-18
2022-03-23,Değişken,104.3014518917,SYNTHETIC,,2026-09-18
2022-03-24,Değişken,103.7063603341,SYNTHETIC,,2026-09-18
2022-03-25,Değişken,103.6133307481,SYNTHETIC,,2026-09-18
2022-03-28,Değişken,102.6587393347,SYNTHETIC,,2026-09-18
2022-03-29,Değişken,102.5270864277,SYNTHETIC,,2026-09-18
2022-03-30,Değişken,102.0909100146,SYNTHETIC,,2026-09-18
2022-03-31,Değişken,103.0973379408,SYNTHETIC,,2026-09-18
2022-04-01,Değişken,100.5487009046,SYNTHETIC,,2026-09-18
2022-04-04,Değişken,101.0032888562,SYNTHETIC,,2026-09-18
2022-04-05,Değişken,99.1249949035,SYNTHETIC,,2026-09-18
2022-04-06,Değişken,98.3992983620,SYNTHETIC,,2026-09-18
2022-04-07,Değişken,98.2035836527,SYNTHETIC,,2026-09-18
2022-04-08,Değişken,99.0291909864,SYNTHETIC,,2026-09-18
2022-04-11,Değişken,99.6534380320,SYNTHETIC,,2026-09-18
2022-04-12,Değişken,99.5638285433,SYNTHETIC,,2026-09-18
2022-04-13,Değişken,99.4678194113,SYNTHETIC,,2026-09-18
2022-04-14,Değişken,100.1555548130,SYNTHETIC,,2026-09-18
2022-04-15,Değişken,99.6341817409,SYNTHETIC,,2026-09-18
2022-04-18,Değişken,99.2961033400,SYNTHETIC,,2026-09-18
2022-04-19,Değişken,101.2522670872,SYNTHETIC,,2026-09-18
2022-04-20,Değişken,101.2601576105,SYNTHETIC,,2026-09-18
2022-04-21,Değişken,100.8445361752,SYNTHETIC,,2026-09-18
2022-04-22,Değişken,100.0190230962,SYNTHETIC,,2026-09-18
2022-04-25,Değişken,99.8097574882,SYNTHETIC,,2026-09-18
2022-04-26,Değişken,98.9479442740,SYNTHETIC,,2026-09-18
2022-04-27,Değişken,96.6457410113,SYNTHETIC,,2026-09-18
2022-04-28,Değişken,96.4805653457,SYNTHETIC,,2026-09-18
2022-04-29,Değişken,96.6952420761,SYNTHETIC,,2026-09-18
2022-05-02,Değişken,97.3325333923,SYNTHETIC,,2026-09-18
2022-05-03,Değişken,97.2827439608,SYNTHETIC,,2026-09-18
2022-05-04,Değişken,96.6228273035,SYNTHETIC,,2026-09-18
2022-05-05,Değişken,97.3382123076,SYNTHETIC,,2026-09-18
2022-05-06,Değişken,98.4145575325,SYNTHETIC,,2026-09-18
2022-05-09,Değişken,98.1460985227,SYNTHETIC,,2026-09-18
2022-05-10,Değişken,99.7861440032,SYNTHETIC,,2026-09-18
2022-05-11,Değişken,100.3836684222,SYNTHETIC,,2026-09-18
2022-05-12,Değişken,100.0019251024,SYNTHETIC,,2026-09-18
2022-05-13,Değişken,100.5724293931,SYNTHETIC,,2026-09-18
2022-05-16,Değişken,100.1392389599,SYNTHETIC,,2026-09-18
2022-05-17,Değişken,101.5069197359,SYNTHETIC,,2026-09-18
2022-05-18,Değişken,101.6818305440,SYNTHETIC,,2026-09-18
2022-05-19,Değişken,103.4222127580,SYNTHETIC,,2026-09-18
2022-05-20,Değişken,102.0823045839,SYNTHETIC,,2026-09-18
2022-05-23,Değişken,100.9862855922,SYNTHETIC,,2026-09-18
2022-05-24,Değişken,100.9515333883,SYNTHETIC,,2026-09-18
2022-05-25,Değişken,100.1974883713,SYNTHETIC,,2026-09-18
2022-05-26,Değişken,100.3220642900,SYNTHETIC,,2026-09-18
2022-05-27,Değişken,100.7955105213,SYNTHETIC,,2026-09-18
2022-05-30,Değişken,101.5018483628,SYNTHETIC,,2026-09-18
2022-05-31,Değişken,101.1785907491,SYNTHETIC,,2026-09-18
2022-06-01,Değişken,102.4804548005,SYNTHETIC,,2026-09-18
2022-06-02,Değişken,102.2151915085,SYNTHETIC,,2026-09-18
2022-06-03,Değişken,102.4764065272,SYNTHETIC,,2026-09-18
2022-06-06,Değişken,103.1105204718,SYNTHETIC,,2026-09-18
2022-06-07,Değişken,102.6845235872,SYNTHETIC,,2026-09-18
2022-06-08,Değişken,102.3616068891,SYNTHETIC,,2026-09-18
2022-06-09,Değişken,103.8570743381,SYNTHETIC,,2026-09-18
2022-06-10,Değişken,105.6989560576,SYNTHETIC,,2026-09-18
2022-06-13,Değişken,106.0028466369,SYNTHETIC,,2026-09-18
2022-06-14,Değişken,106.0686395544,SYNTHETIC,,2026-09-18
2022-06-15,Değişken,104.7564753515,SYNTHETIC,,2026-09-18
2022-06-16,Değişken,105.4332687878,SYNTHETIC,,2026-09-18
2022-06-17,Değişken,102.7894453289,SYNTHETIC,,2026-09-18
2022-06-20,Değişken,101.7100289929,SYNTHETIC,,2026-09-18
2022-06-21,Değişken,101.0156594945,SYNTHETIC,,2026-09-18
2022-06-22,Değişken,99.3289219070,SYNTHETIC,,2026-09-18
2022-06-23,Değişken,101.4379758190,SYNTHETIC,,2026-09-18
2022-06-24,Değişken,101.3001442035,SYNTHETIC,,2026-09-18
2022-06-27,Değişken,101.2856331170,SYNTHETIC,,2026-09-18
2022-06-28,Değişken,103.0485732633,SYNTHETIC,,2026-09-18
2022-06-29,Değişken,103.8087907861,SYNTHETIC,,2026-09-18
2022-06-30,Değişken,104.2441188476,SYNTHETIC,,2026-09-18
2022-07-01,Değişken,102.5425821531,SYNTHETIC,,2026-09-18
2022-07-04,Değişken,101.9784444751,SYNTHETIC,,2026-09-18
2022-07-05,Değişken,102.5725792279,SYNTHETIC,,2026-09-18
2022-07-06,Değişken,102.0840061160,SYNTHETIC,,2026-09-18
2022-07-07,Değişken,104.1511394026,SYNTHETIC,,2026-09-18
2022-07-08,Değişken,103.1161149066,SYNTHETIC,,2026-09-18
2022-07-11,Değişken,104.6512744805,SYNTHETIC,,2026-09-18
2022-07-12,Değişken,105.0191795303,SYNTHETIC,,2026-09-18
2022-07-13,Değişken,106.6282732124,SYNTHETIC,,2026-09-18
2022-07-14,Değişken,105.5509718835,SYNTHETIC,,2026-09-18
2022-07-15,Değişken,105.3000187597,SYNTHETIC,,2026-09-18
2022-07-18,Değişken,103.9263033193,SYNTHETIC,,2026-09-18
2022-07-19,Değişken,102.5307520552,SYNTHETIC,,2026-09-18
2022-07-20,Değişken,101.5572368930,SYNTHETIC,,2026-09-18
2022-07-21,Değişken,101.2586250059,SYNTHETIC,,2026-09-18
2022-07-22,Değişken,100.8588185262,SYNTHETIC,,2026-09-18
2022-07-25,Değişken,101.3398367358,SYNTHETIC,,2026-09-18
2022-07-26,Değişken,101.6178351509,SYNTHETIC,,2026-09-18
2022-07-27,Değişken,101.3932863543,SYNTHETIC,,2026-09-18
2022-07-28,Değişken,102.3736231924,SYNTHETIC,,2026-09-18
2022-07-29,Değişken,103.2921312145,SYNTHETIC,,2026-09-18
2022-08-01,Değişken,104.2345620941,SYNTHETIC,,2026-09-18
2022-08-02,Değişken,106.1765738914,SYNTHETIC,,2026-09-18
2022-08-03,Değişken,107.2177178353,SYNTHETIC,,2026-09-18
2022-08-04,Değişken,107.8110290292,SYNTHETIC,,2026-09-18
2022-08-05,Değişken,108.8243478774,SYNTHETIC,,2026-09-18
2022-08-08,Değişken,107.0166346071,SYNTHETIC,,2026-09-18
2022-08-09,Değişken,107.8519958530,SYNTHETIC,,2026-09-18
2022-08-10,Değişken,111.2245485259,SYNTHETIC,,2026-09-18
2022-08-11,Değişken,111.6476905752,SYNTHETIC,,2026-09-18
2022-08-12,Değişken,111.7117750696,SYNTHETIC,,2026-09-18
2022-08-15,Değişken,109.6706010198,SYNTHETIC,,2026-09-18
2022-08-16,Değişken,108.6239045569,SYNTHETIC,,2026-09-18
2022-08-17,Değişken,108.6007029290,SYNTHETIC,,2026-09-18
2022-08-18,Değişken,108.4480116478,SYNTHETIC,,2026-09-18
2022-08-19,Değişken,109.6777712236,SYNTHETIC,,2026-09-18
2022-08-22,Değişken,108.5273101160,SYNTHETIC,,2026-09-18
2022-08-23,Değişken,109.1649735466,SYNTHETIC,,2026-09-18
2022-08-24,Değişken,107.7123503093,SYNTHETIC,,2026-09-18
2022-08-25,Değişken,107.2559948898,SYNTHETIC,,2026-09-18
2022-08-26,Değişken,107.4681239297,SYNTHETIC,,2026-09-18
2022-08-29,Değişken,109.5609072141,SYNTHETIC,,2026-09-18
2022-08-30,Değişken,108.7777383186,SYNTHETIC,,2026-09-18
2022-08-31,Değişken,108.3585036726,SYNTHETIC,,2026-09-18
2022-09-01,Değişken,108.5893766394,SYNTHETIC,,2026-09-18
2022-09-02,Değişken,108.6003230088,SYNTHETIC,,2026-09-18
2022-09-05,Değişken,108.0515301219,SYNTHETIC,,2026-09-18
2022-09-06,Değişken,110.3130247249,SYNTHETIC,,2026-09-18
2022-09-07,Değişken,113.3135227337,SYNTHETIC,,2026-09-18
2022-09-08,Değişken,114.7822851026,SYNTHETIC,,2026-09-18
2022-09-09,Değişken,114.0405366695,SYNTHETIC,,2026-09-18
2022-09-12,Değişken,113.3071756161,SYNTHETIC,,2026-09-18
2022-09-13,Değişken,113.4409538623,SYNTHETIC,,2026-09-18
2022-09-14,Değişken,113.8224742309,SYNTHETIC,,2026-09-18
2022-09-15,Değişken,113.7119551272,SYNTHETIC,,2026-09-18
2022-09-16,Değişken,113.2289703288,SYNTHETIC,,2026-09-18
2022-09-19,Değişken,113.8814176427,SYNTHETIC,,2026-09-18
2022-09-20,Değişken,114.1665203829,SYNTHETIC,,2026-09-18
2022-09-21,Değişken,114.6988811436,SYNTHETIC,,2026-09-18
2022-09-22,Değişken,115.6389504542,SYNTHETIC,,2026-09-18
2022-09-23,Değişken,116.0961759810,SYNTHETIC,,2026-09-18
2022-09-26,Değişken,120.3557307533,SYNTHETIC,,2026-09-18
2022-09-27,Değişken,119.7799810727,SYNTHETIC,,2026-09-18
2022-09-28,Değişken,119.6042928235,SYNTHETIC,,2026-09-18
2022-09-29,Değişken,119.6263653452,SYNTHETIC,,2026-09-18
2022-09-30,Değişken,120.3339590536,SYNTHETIC,,2026-09-18
2022-10-03,Değişken,121.7572274790,SYNTHETIC,,2026-09-18
2022-10-04,Değişken,121.6394998327,SYNTHETIC,,2026-09-18
2022-10-05,Değişken,120.0989877551,SYNTHETIC,,2026-09-18
2022-10-06,Değişken,120.4965240898,SYNTHETIC,,2026-09-18
2022-10-07,Değişken,120.9900776536,SYNTHETIC,,2026-09-18
2022-10-10,Değişken,121.3192937467,SYNTHETIC,,2026-09-18
2022-10-11,Değişken,121.4578745195,SYNTHETIC,,2026-09-18
2022-10-12,Değişken,121.0855180052,SYNTHETIC,,2026-09-18
2022-10-13,Değişken,122.0202897821,SYNTHETIC,,2026-09-18
2022-10-14,Değişken,124.2626620036,SYNTHETIC,,2026-09-18
2022-10-17,Değişken,126.6740285143,SYNTHETIC,,2026-09-18
2022-10-18,Değişken,126.2424243590,SYNTHETIC,,2026-09-18
2022-10-19,Değişken,126.5860032263,SYNTHETIC,,2026-09-18
2022-10-20,Değişken,124.9386582696,SYNTHETIC,,2026-09-18
2022-10-21,Değişken,127.4728865502,SYNTHETIC,,2026-09-18
2022-10-24,Değişken,127.0068281278,SYNTHETIC,,2026-09-18
2022-10-25,Değişken,127.9928445642,SYNTHETIC,,2026-09-18
2022-10-26,Değişken,125.9756970173,SYNTHETIC,,2026-09-18
2022-10-27,Değişken,126.4439040781,SYNTHETIC,,2026-09-18
2022-10-28,Değişken,129.5735644305,SYNTHETIC,,2026-09-18
2022-10-31,Değişken,130.2861371028,SYNTHETIC,,2026-09-18
2022-11-01,Değişken,128.8785098943,SYNTHETIC,,2026-09-18
2022-11-02,Değişken,127.7052882853,SYNTHETIC,,2026-09-18
2022-11-03,Değişken,127.1463058197,SYNTHETIC,,2026-09-18
2022-11-04,Değişken,126.9550920546,SYNTHETIC,,2026-09-18
2022-11-07,Değişken,129.7302490944,SYNTHETIC,,2026-09-18
2022-11-08,Değişken,127.1689285643,SYNTHETIC,,2026-09-18
2022-11-09,Değişken,127.4794602210,SYNTHETIC,,2026-09-18
2022-11-10,Değişken,129.0633619460,SYNTHETIC,,2026-09-18
2022-11-11,Değişken,128.5550678398,SYNTHETIC,,2026-09-18
2022-11-14,Değişken,129.1278345694,SYNTHETIC,,2026-09-18
2022-11-15,Değişken,131.8776659023,SYNTHETIC,,2026-09-18
2022-11-16,Değişken,130.8098176958,SYNTHETIC,,2026-09-18
2022-11-17,Değişken,130.0228849460,SYNTHETIC,,2026-09-18
2022-11-18,Değişken,131.6816061901,SYNTHETIC,,2026-09-18
2022-11-21,Değişken,130.9779154336,SYNTHETIC,,2026-09-18
2022-11-22,Değişken,127.8817535831,SYNTHETIC,,2026-09-18
2022-11-23,Değişken,126.2696405730,SYNTHETIC,,2026-09-18
2022-11-24,Değişken,127.6315895941,SYNTHETIC,,2026-09-18
2022-11-25,Değişken,129.1491898848,SYNTHETIC,,2026-09-18
2022-11-28,Değişken,127.6491963286,SYNTHETIC,,2026-09-18
2022-11-29,Değişken,127.8626352921,SYNTHETIC,,2026-09-18
2022-11-30,Değişken,127.4236990224,SYNTHETIC,,2026-09-18
2022-12-01,Değişken,128.0575859683,SYNTHETIC,,2026-09-18
2022-12-02,Değişken,125.9558197433,SYNTHETIC,,2026-09-18
2022-12-05,Değişken,124.6950295119,SYNTHETIC,,2026-09-18
2022-12-06,Değişken,124.9366325114,SYNTHETIC,,2026-09-18
2022-12-07,Değişken,123.7815728566,SYNTHETIC,,2026-09-18
2022-12-08,Değişken,123.2745918744,SYNTHETIC,,2026-09-18
2022-12-09,Değişken,122.4265996671,SYNTHETIC,,2026-09-18
2022-12-12,Değişken,123.3419213203,SYNTHETIC,,2026-09-18
2022-12-13,Değişken,122.5757116641,SYNTHETIC,,2026-09-18
2022-12-14,Değişken,120.2704814040,SYNTHETIC,,2026-09-18
2022-12-15,Değişken,119.0279488482,SYNTHETIC,,2026-09-18
2022-12-16,Değişken,119.8270236093,SYNTHETIC,,2026-09-18
2022-12-19,Değişken,116.8123788511,SYNTHETIC,,2026-09-18
2022-12-20,Değişken,117.0245676441,SYNTHETIC,,2026-09-18
2022-12-21,Değişken,117.8047576798,SYNTHETIC,,2026-09-18
2022-12-22,Değişken,120.5688561228,SYNTHETIC,,2026-09-18
2022-12-23,Değişken,121.5007003811,SYNTHETIC,,2026-09-18
2022-12-26,Değişken,121.9803220494,SYNTHETIC,,2026-09-18
2022-12-27,Değişken,122.2616459871,SYNTHETIC,,2026-09-18
2022-12-28,Değişken,120.6775225323,SYNTHETIC,,2026-09-18
2022-12-29,Değişken,121.8098789601,SYNTHETIC,,2026-09-18
2022-12-30,Değişken,124.1267963185,SYNTHETIC,,2026-09-18
2023-01-02,Değişken,123.9777118200,SYNTHETIC,,2026-09-18
2023-01-03,Değişken,124.0766332669,SYNTHETIC,,2026-09-18
2023-01-04,Değişken,122.6942659710,SYNTHETIC,,2026-09-18
2023-01-05,Değişken,122.3834592510,SYNTHETIC,,2026-09-18
2023-01-06,Değişken,120.8209147977,SYNTHETIC,,2026-09-18
2023-01-09,Değişken,120.7462835687,SYNTHETIC,,2026-09-18
2023-01-10,Değişken,120.8615517610,SYNTHETIC,,2026-09-18
2023-01-11,Değişken,121.7547380921,SYNTHETIC,,2026-09-18
2023-01-12,Değişken,121.9361290143,SYNTHETIC,,2026-09-18
2023-01-13,Değişken,123.1220117197,SYNTHETIC,,2026-09-18
2023-01-16,Değişken,124.3491343378,SYNTHETIC,,2026-09-18
2023-01-17,Değişken,124.6300499822,SYNTHETIC,,2026-09-18
2023-01-18,Değişken,125.8000208901,SYNTHETIC,,2026-09-18
2023-01-19,Değişken,124.4307660310,SYNTHETIC,,2026-09-18
2023-01-20,Değişken,124.4142207067,SYNTHETIC,,2026-09-18
2023-01-23,Değişken,124.4906778004,SYNTHETIC,,2026-09-18
2023-01-24,Değişken,123.7734037459,SYNTHETIC,,2026-09-18
2023-01-25,Değişken,125.1105139934,SYNTHETIC,,2026-09-18
2023-01-26,Değişken,125.1891022242,SYNTHETIC,,2026-09-18
2023-01-27,Değişken,124.0077726914,SYNTHETIC,,2026-09-18
2023-01-30,Değişken,127.8903256101,SYNTHETIC,,2026-09-18
2023-01-31,Değişken,127.2427032280,SYNTHETIC,,2026-09-18
2023-02-01,Değişken,125.7181199483,SYNTHETIC,,2026-09-18
2023-02-02,Değişken,125.9477405768,SYNTHETIC,,2026-09-18
2023-02-03,Değişken,125.5286591112,SYNTHETIC,,2026-09-18
2023-02-06,Değişken,127.0061692597,SYNTHETIC,,2026-09-18
2023-02-07,Değişken,127.6509167294,SYNTHETIC,,2026-09-18
2023-02-08,Değişken,129.2458447807,SYNTHETIC,,2026-09-18
2023-02-09,Değişken,127.2160452880,SYNTHETIC,,2026-09-18
2023-02-10,Değişken,129.0454472323,SYNTHETIC,,2026-09-18
2023-02-13,Değişken,126.7658760236,SYNTHETIC,,2026-09-18
2023-02-14,Değişken,127.7728136319,SYNTHETIC,,2026-09-18
2023-02-15,Değişken,125.5259909824,SYNTHETIC,,2026-09-18
2023-02-16,Değişken,125.8934983723,SYNTHETIC,,2026-09-18
2023-02-17,Değişken,124.7112537844,SYNTHETIC,,2026-09-18
2023-02-20,Değişken,125.7316184573,SYNTHETIC,,2026-09-18
2023-02-21,Değişken,127.4548896713,SYNTHETIC,,2026-09-18
2023-02-22,Değişken,126.3757209418,SYNTHETIC,,2026-09-18
2023-02-23,Değişken,126.6943968981,SYNTHETIC,,2026-09-18
2023-02-24,Değişken,127.0965153673,SYNTHETIC,,2026-09-18
2023-02-27,Değişken,126.2888589625,SYNTHETIC,,2026-09-18
2023-02-28,Değişken,126.7645896328,SYNTHETIC,,2026-09-18
2023-03-01,Değişken,126.4062707018,SYNTHETIC,,2026-09-18
2023-03-02,Değişken,126.7650627169,SYNTHETIC,,2026-09-18
2023-03-03,Değişken,128.3191381060,SYNTHETIC,,2026-09-18
2023-03-06,Değişken,127.0485189741,SYNTHETIC,,2026-09-18
2023-03-07,Değişken,124.5134197641,SYNTHETIC,,2026-09-18
2023-03-08,Değişken,124.6903690375,SYNTHETIC,,2026-09-18
2023-03-09,Değişken,123.7123370728,SYNTHETIC,,2026-09-18
2023-03-10,Değişken,123.1560539718,SYNTHETIC,,2026-09-18
2023-03-13,Değişken,123.6014124524,SYNTHETIC,,2026-09-18
2023-03-14,Değişken,124.0680356737,SYNTHETIC,,2026-09-18
2023-03-15,Değişken,124.3260567920,SYNTHETIC,,2026-09-18
2023-03-16,Değişken,124.4054961629,SYNTHETIC,,2026-09-18
2023-03-17,Değişken,124.2964360436,SYNTHETIC,,2026-09-18
2023-03-20,Değişken,123.4475151131,SYNTHETIC,,2026-09-18
2023-03-21,Değişken,123.2315673358,SYNTHETIC,,2026-09-18
2023-03-22,Değişken,124.8576503950,SYNTHETIC,,2026-09-18
2023-03-23,Değişken,124.1139029264,SYNTHETIC,,2026-09-18
2023-03-24,Değişken,125.1707626486,SYNTHETIC,,2026-09-18
2023-03-27,Değişken,126.5713808889,SYNTHETIC,,2026-09-18
2023-03-28,Değişken,127.0640902825,SYNTHETIC,,2026-09-18
2023-03-29,Değişken,127.5070725191,SYNTHETIC,,2026-09-18
2023-03-30,Değişken,128.9696141503,SYNTHETIC,,2026-09-18
2023-03-31,Değişken,130.4034923991,SYNTHETIC,,2026-09-18
2023-04-03,Değişken,131.2553685913,SYNTHETIC,,2026-09-18
2023-04-04,Değişken,132.4495402011,SYNTHETIC,,2026-09-18
2023-04-05,Değişken,132.4426308654,SYNTHETIC,,2026-09-18
2023-04-06,Değişken,130.6920194054,SYNTHETIC,,2026-09-18
2023-04-07,Değişken,132.1430016756,SYNTHETIC,,2026-09-18
2023-04-10,Değişken,133.3201609400,SYNTHETIC,,2026-09-18
2023-04-11,Değişken,132.2907983462,SYNTHETIC,,2026-09-18
2023-04-12,Değişken,132.5896127732,SYNTHETIC,,2026-09-18
2023-04-13,Değişken,131.3997215653,SYNTHETIC,,2026-09-18
2023-04-14,Değişken,127.9230602111,SYNTHETIC,,2026-09-18
2023-04-17,Değişken,126.4745040308,SYNTHETIC,,2026-09-18
2023-04-18,Değişken,127.8854743476,SYNTHETIC,,2026-09-18
2023-04-19,Değişken,127.6520909213,SYNTHETIC,,2026-09-18
2023-04-20,Değişken,128.7607583457,SYNTHETIC,,2026-09-18
2023-04-21,Değişken,128.4388288533,SYNTHETIC,,2026-09-18
2023-04-24,Değişken,124.8773148227,SYNTHETIC,,2026-09-18
2023-04-25,Değişken,124.9609182664,SYNTHETIC,,2026-09-18
2023-04-26,Değişken,127.3420320707,SYNTHETIC,,2026-09-18
2023-04-27,Değişken,125.8606006883,SYNTHETIC,,2026-09-18
2023-04-28,Değişken,126.7772080865,SYNTHETIC,,2026-09-18
2023-05-01,Değişken,127.8292724197,SYNTHETIC,,2026-09-18
2023-05-02,Değişken,128.6691428367,SYNTHETIC,,2026-09-18
2023-05-03,Değişken,128.8339703758,SYNTHETIC,,2026-09-18
2023-05-04,Değişken,129.8838977661,SYNTHETIC,,2026-09-18
2023-05-05,Değişken,129.9598849667,SYNTHETIC,,2026-09-18
2023-05-08,Değişken,130.5541805420,SYNTHETIC,,2026-09-18
2023-05-09,Değişken,132.4327248579,SYNTHETIC,,2026-09-18
2023-05-10,Değişken,132.1130919449,SYNTHETIC,,2026-09-18
2023-05-11,Değişken,133.4124295779,SYNTHETIC,,2026-09-18
2023-05-12,Değişken,134.9088032046,SYNTHETIC,,2026-09-18
2023-05-15,Değişken,133.3514045709,SYNTHETIC,,2026-09-18
2023-05-16,Değişken,137.0079920932,SYNTHETIC,,2026-09-18
2023-05-17,Değişken,136.8368986016,SYNTHETIC,,2026-09-18
2023-05-18,Değişken,136.9265013422,SYNTHETIC,,2026-09-18
2023-05-19,Değişken,135.5055282438,SYNTHETIC,,2026-09-18
2023-05-22,Değişken,137.2106838044,SYNTHETIC,,2026-09-18
2023-05-23,Değişken,137.8863671149,SYNTHETIC,,2026-09-18
2023-05-24,Değişken,140.1450848555,SYNTHETIC,,2026-09-18
2023-05-25,Değişken,141.4371214003,SYNTHETIC,,2026-09-18
2023-05-26,Değişken,143.9933225453,SYNTHETIC,,2026-09-18
2023-05-29,Değişken,143.2528255895,SYNTHETIC,,2026-09-18
2023-05-30,Değişken,143.1926315332,SYNTHETIC,,2026-09-18
2023-05-31,Değişken,144.3604586733,SYNTHETIC,,2026-09-18
2023-06-01,Değişken,142.0408605211,SYNTHETIC,,2026-09-18
2023-06-02,Değişken,143.7156950833,SYNTHETIC,,2026-09-18
2023-06-05,Değişken,142.7641003530,SYNTHETIC,,2026-09-18
2023-06-06,Değişken,143.4821174922,SYNTHETIC,,2026-09-18
2023-06-07,Değişken,144.4336856304,SYNTHETIC,,2026-09-18
2023-06-08,Değişken,144.0532986928,SYNTHETIC,,2026-09-18
2023-06-09,Değişken,144.1155981225,SYNTHETIC,,2026-09-18
2023-06-12,Değişken,144.5456619469,SYNTHETIC,,2026-09-18
2023-06-13,Değişken,147.1783861715,SYNTHETIC,,2026-09-18
2023-06-14,Değişken,145.3100115192,SYNTHETIC,,2026-09-18
2023-06-15,Değişken,147.0306029702,SYNTHETIC,,2026-09-18
2023-06-16,Değişken,147.8363222061,SYNTHETIC,,2026-09-18
2023-06-19,Değişken,149.6070549541,SYNTHETIC,,2026-09-18
2023-06-20,Değişken,150.3706790779,SYNTHETIC,,2026-09-18
2023-06-21,Değişken,149.8652639911,SYNTHETIC,,2026-09-18
2023-06-22,Değişken,148.3489269171,SYNTHETIC,,2026-09-18
2023-06-23,Değişken,148.3635311957,SYNTHETIC,,2026-09-18
2023-06-26,Değişken,148.4522072347,SYNTHETIC,,2026-09-18
2023-06-27,Değişken,147.2934548624,SYNTHETIC,,2026-09-18
2023-06-28,Değişken,147.1239455048,SYNTHETIC,,2026-09-18
2023-06-29,Değişken,147.7964755013,SYNTHETIC,,2026-09-18
2023-06-30,Değişken,151.3978958540,SYNTHETIC,,2026-09-18
2023-07-03,Değişken,152.4871458502,SYNTHETIC,,2026-09-18
2023-07-04,Değişken,153.4994217082,SYNTHETIC,,2026-09-18
2023-07-05,Değişken,153.7325438134,SYNTHETIC,,2026-09-18
2023-07-06,Değişken,154.8747940499,SYNTHETIC,,2026-09-18
2023-07-07,Değişken,155.7639330793,SYNTHETIC,,2026-09-18
2023-07-10,Değişken,157.4423538667,SYNTHETIC,,2026-09-18
2023-07-11,Değişken,157.8406394322,SYNTHETIC,,2026-09-18
2023-07-12,Değişken,154.3109457826,SYNTHETIC,,2026-09-18
2023-07-13,Değişken,155.6003258516,SYNTHETIC,,2026-09-18
2023-07-14,Değişken,154.7522279398,SYNTHETIC,,2026-09-18
2023-07-17,Değişken,155.5393147996,SYNTHETIC,,2026-09-18
2023-07-18,Değişken,156.2124524339,SYNTHETIC,,2026-09-18
2023-07-19,Değişken,154.2099276446,SYNTHETIC,,2026-09-18
2023-07-20,Değişken,155.0491276930,SYNTHETIC,,2026-09-18
2023-07-21,Değişken,153.9561244973,SYNTHETIC,,2026-09-18
2023-07-24,Değişken,153.2857501995,SYNTHETIC,,2026-09-18
2023-07-25,Değişken,151.4273504055,SYNTHETIC,,2026-09-18
2023-07-26,Değişken,153.4639878512,SYNTHETIC,,2026-09-18
2023-07-27,Değişken,151.1894277002,SYNTHETIC,,2026-09-18
2023-07-28,Değişken,148.4782946590,SYNTHETIC,,2026-09-18
2023-07-31,Değişken,147.7460985256,SYNTHETIC,,2026-09-18
2023-08-01,Değişken,147.9915617326,SYNTHETIC,,2026-09-18
2023-08-02,Değişken,147.7861641366,SYNTHETIC,,2026-09-18
2023-08-03,Değişken,149.9406519670,SYNTHETIC,,2026-09-18
2023-08-04,Değişken,148.3686144056,SYNTHETIC,,2026-09-18
2023-08-07,Değişken,148.4549337689,SYNTHETIC,,2026-09-18
2023-08-08,Değişken,149.4145940669,SYNTHETIC,,2026-09-18
2023-08-09,Değişken,148.9820236100,SYNTHETIC,,2026-09-18
2023-08-10,Değişken,149.3958489867,SYNTHETIC,,2026-09-18
2023-08-11,Değişken,148.0736416751,SYNTHETIC,,2026-09-18
2023-08-14,Değişken,147.7517778217,SYNTHETIC,,2026-09-18
2023-08-15,Değişken,149.0049542463,SYNTHETIC,,2026-09-18
2023-08-16,Değişken,149.6952505327,SYNTHETIC,,2026-09-18
2023-08-17,Değişken,149.9082371441,SYNTHETIC,,2026-09-18
2023-08-18,Değişken,151.7086552391,SYNTHETIC,,2026-09-18
2023-08-21,Değişken,151.2586220618,SYNTHETIC,,2026-09-18
2023-08-22,Değişken,149.2913441320,SYNTHETIC,,2026-09-18
2023-08-23,Değişken,149.4913711154,SYNTHETIC,,2026-09-18
2023-08-24,Değişken,149.4945585629,SYNTHETIC,,2026-09-18
2023-08-25,Değişken,148.3160756683,SYNTHETIC,,2026-09-18
2023-08-28,Değişken,150.0708705392,SYNTHETIC,,2026-09-18
2023-08-29,Değişken,148.4277732926,SYNTHETIC,,2026-09-18
2023-08-30,Değişken,148.8941299640,SYNTHETIC,,2026-09-18
2023-08-31,Değişken,150.2551840349,SYNTHETIC,,2026-09-18
2023-09-01,Değişken,150.5482320470,SYNTHETIC,,2026-09-18
2023-09-04,Değişken,150.5566535425,SYNTHETIC,,2026-09-18
2023-09-05,Değişken,147.3154394302,SYNTHETIC,,2026-09-18
2023-09-06,Değişken,147.7364249673,SYNTHETIC,,2026-09-18
2023-09-07,Değişken,147.6267403186,SYNTHETIC,,2026-09-18
2023-09-08,Değişken,146.4158735560,SYNTHETIC,,2026-09-18
2023-09-11,Değişken,147.8456791226,SYNTHETIC,,2026-09-18
2023-09-12,Değişken,146.0460294584,SYNTHETIC,,2026-09-18
2023-09-13,Değişken,147.2788028199,SYNTHETIC,,2026-09-18
2023-09-14,Değişken,148.4337648840,SYNTHETIC,,2026-09-18
2023-09-15,Değişken,148.0538877074,SYNTHETIC,,2026-09-18
2023-09-18,Değişken,148.7511085922,SYNTHETIC,,2026-09-18
2023-09-19,Değişken,150.1949592159,SYNTHETIC,,2026-09-18
2023-09-20,Değişken,152.2539421148,SYNTHETIC,,2026-09-18
2023-09-21,Değişken,151.0687111656,SYNTHETIC,,2026-09-18
2023-09-22,Değişken,152.5366935733,SYNTHETIC,,2026-09-18
2023-09-25,Değişken,151.2514549710,SYNTHETIC,,2026-09-18
2023-09-26,Değişken,151.1538730416,SYNTHETIC,,2026-09-18
2023-09-27,Değişken,153.6673532277,SYNTHETIC,,2026-09-18
2023-09-28,Değişken,150.6157521270,SYNTHETIC,,2026-09-18
2023-09-29,Değişken,150.6823867525,SYNTHETIC,,2026-09-18
2023-10-02,Değişken,150.0654502616,SYNTHETIC,,2026-09-18
2023-10-03,Değişken,150.4473412977,SYNTHETIC,,2026-09-18
2023-10-04,Değişken,150.4378221895,SYNTHETIC,,2026-09-18
2023-10-05,Değişken,150.5038432292,SYNTHETIC,,2026-09-18
2023-10-06,Değişken,150.9488193401,SYNTHETIC,,2026-09-18
2023-10-09,Değişken,151.6159838949,SYNTHETIC,,2026-09-18
2023-10-10,Değişken,150.4321799295,SYNTHETIC,,2026-09-18
2023-10-11,Değişken,150.1260028564,SYNTHETIC,,2026-09-18
2023-10-12,Değişken,149.1688976712,SYNTHETIC,,2026-09-18
2023-10-13,Değişken,146.4254079121,SYNTHETIC,,2026-09-18
2023-10-16,Değişken,145.1150938152,SYNTHETIC,,2026-09-18
2023-10-17,Değişken,145.6489444857,SYNTHETIC,,2026-09-18
2023-10-18,Değişken,147.4237322597,SYNTHETIC,,2026-09-18
2023-10-19,Değişken,149.7308364741,SYNTHETIC,,2026-09-18
2023-10-20,Değişken,150.3098421863,SYNTHETIC,,2026-09-18
2023-10-23,Değişken,149.8937128442,SYNTHETIC,,2026-09-18
2023-10-24,Değişken,151.2631141806,SYNTHETIC,,2026-09-18
2023-10-25,Değişken,150.8192540535,SYNTHETIC,,2026-09-18
2023-10-26,Değişken,152.9581055352,SYNTHETIC,,2026-09-18
2023-10-27,Değişken,156.6576259389,SYNTHETIC,,2026-09-18
2023-10-30,Değişken,160.2227662710,SYNTHETIC,,2026-09-18
2023-10-31,Değişken,160.0249229737,SYNTHETIC,,2026-09-18
2023-11-01,Değişken,161.5008725804,SYNTHETIC,,2026-09-18
2023-11-02,Değişken,163.7438989701,SYNTHETIC,,2026-09-18
2023-11-03,Değişken,162.2925891845,SYNTHETIC,,2026-09-18
2023-11-06,Değişken,165.9570435079,SYNTHETIC,,2026-09-18
2023-11-07,Değişken,166.6925339412,SYNTHETIC,,2026-09-18
2023-11-08,Değişken,163.0527035269,SYNTHETIC,,2026-09-18
2023-11-09,Değişken,165.3155537396,SYNTHETIC,,2026-09-18
2023-11-10,Değişken,167.5951393288,SYNTHETIC,,2026-09-18
2023-11-13,Değişken,169.0136515437,SYNTHETIC,,2026-09-18
2023-11-14,Değişken,170.6244188920,SYNTHETIC,,2026-09-18
2023-11-15,Değişken,172.1894568917,SYNTHETIC,,2026-09-18
2023-11-16,Değişken,172.2304520688,SYNTHETIC,,2026-09-18
2023-11-17,Değişken,173.0683975976,SYNTHETIC,,2026-09-18
2023-11-20,Değişken,171.4669975900,SYNTHETIC,,2026-09-18
2023-11-21,Değişken,171.4320877771,SYNTHETIC,,2026-09-18
2023-11-22,Değişken,173.5114125748,SYNTHETIC,,2026-09-18
2023-11-23,Değişken,172.1822909314,SYNTHETIC,,2026-09-18
2023-11-24,Değişken,171.2289818166,SYNTHETIC,,2026-09-18
2023-11-27,Değişken,172.1603803735,SYNTHETIC,,2026-09-18
2023-11-28,Değişken,171.0349608663,SYNTHETIC,,2026-09-18
2023-11-29,Değişken,171.4312674071,SYNTHETIC,,2026-09-18
2023-11-30,Değişken,171.6042640627,SYNTHETIC,,2026-09-18
2023-12-01,Değişken,171.3857721432,SYNTHETIC,,2026-09-18
2023-12-04,Değişken,173.1874317734,SYNTHETIC,,2026-09-18
2023-12-05,Değişken,175.0195593455,SYNTHETIC,,2026-09-18
2023-12-06,Değişken,174.2728697796,SYNTHETIC,,2026-09-18
2023-12-07,Değişken,174.7009346841,SYNTHETIC,,2026-09-18
2023-12-08,Değişken,170.9624815681,SYNTHETIC,,2026-09-18
2023-12-11,Değişken,173.0617361620,SYNTHETIC,,2026-09-18
2023-12-12,Değişken,174.9974310054,SYNTHETIC,,2026-09-18
2023-12-13,Değişken,177.8260581579,SYNTHETIC,,2026-09-18
2023-12-14,Değişken,179.1094367591,SYNTHETIC,,2026-09-18
2023-12-15,Değişken,177.0008965165,SYNTHETIC,,2026-09-18
2023-12-18,Değişken,175.4922273526,SYNTHETIC,,2026-09-18
2023-12-19,Değişken,172.5112624538,SYNTHETIC,,2026-09-18
2023-12-20,Değişken,173.6158835060,SYNTHETIC,,2026-09-18
2023-12-21,Değişken,174.7734448179,SYNTHETIC,,2026-09-18
2023-12-22,Değişken,171.4313288390,SYNTHETIC,,2026-09-18
2023-12-25,Değişken,169.5369935073,SYNTHETIC,,2026-09-18
2023-12-26,Değişken,170.3055620979,SYNTHETIC,,2026-09-18
2023-12-27,Değişken,171.1470225321,SYNTHETIC,,2026-09-18
2023-12-28,Değişken,172.0835519444,SYNTHETIC,,2026-09-18
2023-12-29,Değişken,174.6818550441,SYNTHETIC,,2026-09-18
2024-01-01,Değişken,172.1974763242,SYNTHETIC,,2026-09-18
2024-01-02,Değişken,171.9305356597,SYNTHETIC,,2026-09-18
2024-01-03,Değişken,172.7256263287,SYNTHETIC,,2026-09-18
2024-01-04,Değişken,174.1103691085,SYNTHETIC,,2026-09-18
2024-01-05,Değişken,175.1552276565,SYNTHETIC,,2026-09-18
2024-01-08,Değişken,176.4907655141,SYNTHETIC,,2026-09-18
2024-01-09,Değişken,179.1976440297,SYNTHETIC,,2026-09-18
2024-01-10,Değişken,175.6906235743,SYNTHETIC,,2026-09-18
2024-01-11,Değişken,177.3064970415,SYNTHETIC,,2026-09-18
2024-01-12,Değişken,176.7165653540,SYNTHETIC,,2026-09-18
2024-01-15,Değişken,176.4155577558,SYNTHETIC,,2026-09-18
2024-01-16,Değişken,174.8821085326,SYNTHETIC,,2026-09-18
2024-01-17,Değişken,175.6178941692,SYNTHETIC,,2026-09-18
2024-01-18,Değişken,174.5293200268,SYNTHETIC,,2026-09-18
2024-01-19,Değişken,175.8537491468,SYNTHETIC,,2026-09-18
2024-01-22,Değişken,174.8441746795,SYNTHETIC,,2026-09-18
2024-01-23,Değişken,176.2610722119,SYNTHETIC,,2026-09-18
2024-01-24,Değişken,180.1679419754,SYNTHETIC,,2026-09-18
2024-01-25,Değişken,180.6418615751,SYNTHETIC,,2026-09-18
2024-01-26,Değişken,182.3485017430,SYNTHETIC,,2026-09-18
2024-01-29,Değişken,180.7778593905,SYNTHETIC,,2026-09-18
2024-01-30,Değişken,180.6472967148,SYNTHETIC,,2026-09-18
2024-01-31,Değişken,178.4877058602,SYNTHETIC,,2026-09-18
2024-02-01,Değişken,177.0841231518,SYNTHETIC,,2026-09-18
2024-02-02,Değişken,177.3460942999,SYNTHETIC,,2026-09-18
2024-02-05,Değişken,179.3864276757,SYNTHETIC,,2026-09-18
2024-02-06,Değişken,179.9087868441,SYNTHETIC,,2026-09-18
2024-02-07,Değişken,181.1854752378,SYNTHETIC,,2026-09-18
2024-02-08,Değişken,181.8150178412,SYNTHETIC,,2026-09-18
2024-02-09,Değişken,180.0289415796,SYNTHETIC,,2026-09-18
2024-02-12,Değişken,179.9675800241,SYNTHETIC,,2026-09-18
2024-02-13,Değişken,182.6619145914,SYNTHETIC,,2026-09-18
2024-02-14,Değişken,183.6150394112,SYNTHETIC,,2026-09-18
2024-02-15,Değişken,181.8275280796,SYNTHETIC,,2026-09-18
2024-02-16,Değişken,178.8970853869,SYNTHETIC,,2026-09-18
2024-02-19,Değişken,178.1149049914,SYNTHETIC,,2026-09-18
2024-02-20,Değişken,179.5979021798,SYNTHETIC,,2026-09-18
2024-02-21,Değişken,181.7879977274,SYNTHETIC,,2026-09-18
2024-02-22,Değişken,183.8018035459,SYNTHETIC,,2026-09-18
2024-02-23,Değişken,183.9506314856,SYNTHETIC,,2026-09-18
2024-02-26,Değişken,183.8034345709,SYNTHETIC,,2026-09-18
2024-02-27,Değişken,182.2928315800,SYNTHETIC,,2026-09-18
2024-02-28,Değişken,182.2031141606,SYNTHETIC,,2026-09-18
2024-02-29,Değişken,184.3722198334,SYNTHETIC,,2026-09-18
2024-03-01,Değişken,183.2819254246,SYNTHETIC,,2026-09-18
2024-03-04,Değişken,180.5300697115,SYNTHETIC,,2026-09-18
2024-03-05,Değişken,178.9784284095,SYNTHETIC,,2026-09-18
2024-03-06,Değişken,178.9974321749,SYNTHETIC,,2026-09-18
2024-03-07,Değişken,176.8670648572,SYNTHETIC,,2026-09-18
2024-03-08,Değişken,173.6701780254,SYNTHETIC,,2026-09-18
2024-03-11,Değişken,174.1730879961,SYNTHETIC,,2026-09-18
2024-03-12,Değişken,173.3179940295,SYNTHETIC,,2026-09-18
2024-03-13,Değişken,174.0938298815,SYNTHETIC,,2026-09-18
2024-03-14,Değişken,172.2019015681,SYNTHETIC,,2026-09-18
2024-03-15,Değişken,172.7816950248,SYNTHETIC,,2026-09-18
2024-03-18,Değişken,170.2756760614,SYNTHETIC,,2026-09-18
2024-03-19,Değişken,172.4594139837,SYNTHETIC,,2026-09-18
2024-03-20,Değişken,171.6451082480,SYNTHETIC,,2026-09-18
2024-03-21,Değişken,167.2780026591,SYNTHETIC,,2026-09-18
2024-03-22,Değişken,167.5820652921,SYNTHETIC,,2026-09-18
2024-03-25,Değişken,167.7472172593,SYNTHETIC,,2026-09-18
2024-03-26,Değişken,167.7577291773,SYNTHETIC,,2026-09-18
2024-03-27,Değişken,167.1455948747,SYNTHETIC,,2026-09-18
2024-03-28,Değişken,166.8759251507,SYNTHETIC,,2026-09-18
2024-03-29,Değişken,165.3603188785,SYNTHETIC,,2026-09-18
2024-04-01,Değişken,164.2303235316,SYNTHETIC,,2026-09-18
2024-04-02,Değişken,159.8446679071,SYNTHETIC,,2026-09-18
2024-04-03,Değişken,161.8100906713,SYNTHETIC,,2026-09-18
2024-04-04,Değişken,163.3439928776,SYNTHETIC,,2026-09-18
2024-04-05,Değişken,165.1129706236,SYNTHETIC,,2026-09-18
2024-04-08,Değişken,166.9897360593,SYNTHETIC,,2026-09-18
2024-04-09,Değişken,164.8002361707,SYNTHETIC,,2026-09-18
2024-04-10,Değişken,164.5690779861,SYNTHETIC,,2026-09-18
2024-04-11,Değişken,165.2628071476,SYNTHETIC,,2026-09-18
2024-04-12,Değişken,162.4429294422,SYNTHETIC,,2026-09-18
2024-04-15,Değişken,163.3849899070,SYNTHETIC,,2026-09-18
2024-04-16,Değişken,162.7157170501,SYNTHETIC,,2026-09-18
2024-04-17,Değişken,160.0940596573,SYNTHETIC,,2026-09-18
2024-04-18,Değişken,159.3160113265,SYNTHETIC,,2026-09-18
2024-04-19,Değişken,158.1966082426,SYNTHETIC,,2026-09-18
2024-04-22,Değişken,159.0750679189,SYNTHETIC,,2026-09-18
2024-04-23,Değişken,160.3919053984,SYNTHETIC,,2026-09-18
2024-04-24,Değişken,160.1516587384,SYNTHETIC,,2026-09-18
2024-04-25,Değişken,159.0716297346,SYNTHETIC,,2026-09-18
2024-04-26,Değişken,160.3724698256,SYNTHETIC,,2026-09-18
2024-04-29,Değişken,158.8170195060,SYNTHETIC,,2026-09-18
2024-04-30,Değişken,161.2249064822,SYNTHETIC,,2026-09-18
2024-05-01,Değişken,159.8035172175,SYNTHETIC,,2026-09-18
2024-05-02,Değişken,156.9913377107,SYNTHETIC,,2026-09-18
2024-05-03,Değişken,155.1850588923,SYNTHETIC,,2026-09-18
2024-05-06,Değişken,156.8762103921,SYNTHETIC,,2026-09-18
2024-05-07,Değişken,156.2910987774,SYNTHETIC,,2026-09-18
2024-05-08,Değişken,154.6384820602,SYNTHETIC,,2026-09-18
2024-05-09,Değişken,153.4587225129,SYNTHETIC,,2026-09-18
2024-05-10,Değişken,152.4269374823,SYNTHETIC,,2026-09-18
2024-05-13,Değişken,150.2896553087,SYNTHETIC,,2026-09-18
2024-05-14,Değişken,148.6304653706,SYNTHETIC,,2026-09-18
2024-05-15,Değişken,148.6323665120,SYNTHETIC,,2026-09-18
2024-05-16,Değişken,149.6148472626,SYNTHETIC,,2026-09-18
2024-05-17,Değişken,148.9815910694,SYNTHETIC,,2026-09-18
2024-05-20,Değişken,149.4221473805,SYNTHETIC,,2026-09-18
2024-05-21,Değişken,149.7672871736,SYNTHETIC,,2026-09-18
2024-05-22,Değişken,148.5683255555,SYNTHETIC,,2026-09-18
2024-05-23,Değişken,150.2520344870,SYNTHETIC,,2026-09-18
2024-05-24,Değişken,150.9220896095,SYNTHETIC,,2026-09-18
2024-05-27,Değişken,150.8446704394,SYNTHETIC,,2026-09-18
2024-05-28,Değişken,149.0322589004,SYNTHETIC,,2026-09-18
2024-05-29,Değişken,148.9674666876,SYNTHETIC,,2026-09-18
2024-05-30,Değişken,150.0584335687,SYNTHETIC,,2026-09-18
2024-05-31,Değişken,149.4897841420,SYNTHETIC,,2026-09-18
2024-06-03,Değişken,149.8799617846,SYNTHETIC,,2026-09-18
2024-06-04,Değişken,149.9246604189,SYNTHETIC,,2026-09-18
2024-06-05,Değişken,147.7470217602,SYNTHETIC,,2026-09-18
2024-06-06,Değişken,150.6400433765,SYNTHETIC,,2026-09-18
2024-06-07,Değişken,148.8951613544,SYNTHETIC,,2026-09-18
2024-06-10,Değişken,151.1189628883,SYNTHETIC,,2026-09-18
2024-06-11,Değişken,153.3175336644,SYNTHETIC,,2026-09-18
2024-06-12,Değişken,153.1100390492,SYNTHETIC,,2026-09-18
2024-06-13,Değişken,153.9740918293,SYNTHETIC,,2026-09-18
2024-06-14,Değişken,155.5495512823,SYNTHETIC,,2026-09-18
2024-06-17,Değişken,153.4176105584,SYNTHETIC,,2026-09-18
2024-06-18,Değişken,155.3034993152,SYNTHETIC,,2026-09-18
2024-06-19,Değişken,153.8213963059,SYNTHETIC,,2026-09-18
2024-06-20,Değişken,152.5989907170,SYNTHETIC,,2026-09-18
2024-06-21,Değişken,150.9460188440,SYNTHETIC,,2026-09-18
2024-06-24,Değişken,153.7366405359,SYNTHETIC,,2026-09-18
2024-06-25,Değişken,155.6601933653,SYNTHETIC,,2026-09-18
2024-06-26,Değişken,156.6766049329,SYNTHETIC,,2026-09-18
2024-06-27,Değişken,155.6349867344,SYNTHETIC,,2026-09-18
2024-06-28,Değişken,155.7198037484,SYNTHETIC,,2026-09-18
2024-07-01,Değişken,157.7402450053,SYNTHETIC,,2026-09-18
2024-07-02,Değişken,156.7723245872,SYNTHETIC,,2026-09-18
2024-07-03,Değişken,158.3697680061,SYNTHETIC,,2026-09-18
2024-07-04,Değişken,159.1494736957,SYNTHETIC,,2026-09-18
2024-07-05,Değişken,159.1190156777,SYNTHETIC,,2026-09-18
2024-07-08,Değişken,158.8258847266,SYNTHETIC,,2026-09-18
2024-07-09,Değişken,160.3353191693,SYNTHETIC,,2026-09-18
2024-07-10,Değişken,160.7076823936,SYNTHETIC,,2026-09-18
2024-07-11,Değişken,160.7282533603,SYNTHETIC,,2026-09-18
2024-07-12,Değişken,159.2700388749,SYNTHETIC,,2026-09-18
2024-07-15,Değişken,159.1056606466,SYNTHETIC,,2026-09-18
2024-07-16,Değişken,160.3777772396,SYNTHETIC,,2026-09-18
2024-07-17,Değişken,157.7390978796,SYNTHETIC,,2026-09-18
2024-07-18,Değişken,157.1453625973,SYNTHETIC,,2026-09-18
2024-07-19,Değişken,157.3284845136,SYNTHETIC,,2026-09-18
2024-07-22,Değişken,155.8733008591,SYNTHETIC,,2026-09-18
2024-07-23,Değişken,154.9945981147,SYNTHETIC,,2026-09-18
2024-07-24,Değişken,152.8441051356,SYNTHETIC,,2026-09-18
2024-07-25,Değişken,150.4567058794,SYNTHETIC,,2026-09-18
2024-07-26,Değişken,153.9408128816,SYNTHETIC,,2026-09-18
2024-07-29,Değişken,155.8040592115,SYNTHETIC,,2026-09-18
2024-07-30,Değişken,155.1193072467,SYNTHETIC,,2026-09-18
2024-07-31,Değişken,155.9751392666,SYNTHETIC,,2026-09-18
2024-08-01,Değişken,154.3060875318,SYNTHETIC,,2026-09-18
2024-08-02,Değişken,154.1421591317,SYNTHETIC,,2026-09-18
2024-08-05,Değişken,154.4090827285,SYNTHETIC,,2026-09-18
2024-08-06,Değişken,153.6535709921,SYNTHETIC,,2026-09-18
2024-08-07,Değişken,154.2494861810,SYNTHETIC,,2026-09-18
2024-08-08,Değişken,156.0942617559,SYNTHETIC,,2026-09-18
2024-08-09,Değişken,156.8423586886,SYNTHETIC,,2026-09-18
2024-08-12,Değişken,154.7117350895,SYNTHETIC,,2026-09-18
2024-08-13,Değişken,155.5798260494,SYNTHETIC,,2026-09-18
2024-08-14,Değişken,155.6617072417,SYNTHETIC,,2026-09-18
2024-08-15,Değişken,156.2899500151,SYNTHETIC,,2026-09-18
2024-08-16,Değişken,155.7930103699,SYNTHETIC,,2026-09-18
2024-08-19,Değişken,155.7547831479,SYNTHETIC,,2026-09-18
2024-08-20,Değişken,153.6304749128,SYNTHETIC,,2026-09-18
2024-08-21,Değişken,153.2716683157,SYNTHETIC,,2026-09-18
2024-08-22,Değişken,153.4859870351,SYNTHETIC,,2026-09-18
2024-08-23,Değişken,154.6177846525,SYNTHETIC,,2026-09-18
2024-08-26,Değişken,153.9207472833,SYNTHETIC,,2026-09-18
2024-08-27,Değişken,153.5611149410,SYNTHETIC,,2026-09-18
2024-08-28,Değişken,151.9892040069,SYNTHETIC,,2026-09-18
2024-08-29,Değişken,151.9991703546,SYNTHETIC,,2026-09-18
2024-08-30,Değişken,152.7126128609,SYNTHETIC,,2026-09-18
2024-09-02,Değişken,151.5697635191,SYNTHETIC,,2026-09-18
2024-09-03,Değişken,151.8434381108,SYNTHETIC,,2026-09-18
2024-09-04,Değişken,152.6120839169,SYNTHETIC,,2026-09-18
2024-09-05,Değişken,153.4980526346,SYNTHETIC,,2026-09-18
2024-09-06,Değişken,153.8638555935,SYNTHETIC,,2026-09-18
2024-09-09,Değişken,154.7520174766,SYNTHETIC,,2026-09-18
2024-09-10,Değişken,157.5342834223,SYNTHETIC,,2026-09-18
2024-09-11,Değişken,157.8464108284,SYNTHETIC,,2026-09-18
2024-09-12,Değişken,157.6500299839,SYNTHETIC,,2026-09-18
2024-09-13,Değişken,157.3575901669,SYNTHETIC,,2026-09-18
2024-09-16,Değişken,157.8528991926,SYNTHETIC,,2026-09-18
2024-09-17,Değişken,160.7855533685,SYNTHETIC,,2026-09-18
2024-09-18,Değişken,163.3076844837,SYNTHETIC,,2026-09-18
2024-09-19,Değişken,160.0660109682,SYNTHETIC,,2026-09-18
2024-09-20,Değişken,159.6106115438,SYNTHETIC,,2026-09-18
2024-09-23,Değişken,158.7673671594,SYNTHETIC,,2026-09-18
2024-09-24,Değişken,160.8458229231,SYNTHETIC,,2026-09-18
2024-09-25,Değişken,162.1013722090,SYNTHETIC,,2026-09-18
2024-09-26,Değişken,162.1993518096,SYNTHETIC,,2026-09-18
2024-09-27,Değişken,162.7377091996,SYNTHETIC,,2026-09-18
2024-09-30,Değişken,163.8975889001,SYNTHETIC,,2026-09-18
2024-10-01,Değişken,162.9583934355,SYNTHETIC,,2026-09-18
2024-10-02,Değişken,161.6725067781,SYNTHETIC,,2026-09-18
2024-10-03,Değişken,160.6918418662,SYNTHETIC,,2026-09-18
2024-10-04,Değişken,160.4624262521,SYNTHETIC,,2026-09-18
2024-10-07,Değişken,161.9444353946,SYNTHETIC,,2026-09-18
2024-10-08,Değişken,163.4761902560,SYNTHETIC,,2026-09-18
2024-10-09,Değişken,165.0952198767,SYNTHETIC,,2026-09-18
2024-10-10,Değişken,162.6984618507,SYNTHETIC,,2026-09-18
2024-10-11,Değişken,163.6421917712,SYNTHETIC,,2026-09-18
2024-10-14,Değişken,164.4299759411,SYNTHETIC,,2026-09-18
2024-10-15,Değişken,164.6455341098,SYNTHETIC,,2026-09-18
2024-10-16,Değişken,164.4282373068,SYNTHETIC,,2026-09-18
2024-10-17,Değişken,166.4387802110,SYNTHETIC,,2026-09-18
2024-10-18,Değişken,167.5048100232,SYNTHETIC,,2026-09-18
2024-10-21,Değişken,167.4039122997,SYNTHETIC,,2026-09-18
2024-10-22,Değişken,166.8496637190,SYNTHETIC,,2026-09-18
2024-10-23,Değişken,166.0375285866,SYNTHETIC,,2026-09-18
2024-10-24,Değişken,166.1215556353,SYNTHETIC,,2026-09-18
2024-10-25,Değişken,167.9151714724,SYNTHETIC,,2026-09-18
2024-10-28,Değişken,167.3594961083,SYNTHETIC,,2026-09-18
2024-10-29,Değişken,165.9457351568,SYNTHETIC,,2026-09-18
2024-10-30,Değişken,167.9120588467,SYNTHETIC,,2026-09-18
2024-10-31,Değişken,167.8048244562,SYNTHETIC,,2026-09-18
2024-11-01,Değişken,166.6683834013,SYNTHETIC,,2026-09-18
2024-11-04,Değişken,165.4557286670,SYNTHETIC,,2026-09-18
2024-11-05,Değişken,166.4668626674,SYNTHETIC,,2026-09-18
2024-11-06,Değişken,164.8958295854,SYNTHETIC,,2026-09-18
2024-11-07,Değişken,166.0784379530,SYNTHETIC,,2026-09-18
2024-11-08,Değişken,166.5986638908,SYNTHETIC,,2026-09-18
2024-11-11,Değişken,166.0204424877,SYNTHETIC,,2026-09-18
2024-11-12,Değişken,165.6479814888,SYNTHETIC,,2026-09-18
2024-11-13,Değişken,165.2357601566,SYNTHETIC,,2026-09-18
2024-11-14,Değişken,166.4384908627,SYNTHETIC,,2026-09-18
2024-11-15,Değişken,165.1893992747,SYNTHETIC,,2026-09-18
2024-11-18,Değişken,165.0335192923,SYNTHETIC,,2026-09-18
2024-11-19,Değişken,161.8922017516,SYNTHETIC,,2026-09-18
2024-11-20,Değişken,160.7903645429,SYNTHETIC,,2026-09-18
2024-11-21,Değişken,162.4998995122,SYNTHETIC,,2026-09-18
2024-11-22,Değişken,162.3709773639,SYNTHETIC,,2026-09-18
2024-11-25,Değişken,160.8169465128,SYNTHETIC,,2026-09-18
2024-11-26,Değişken,160.3047402516,SYNTHETIC,,2026-09-18
2024-11-27,Değişken,162.2690423699,SYNTHETIC,,2026-09-18
2024-11-28,Değişken,164.2732543393,SYNTHETIC,,2026-09-18
2024-11-29,Değişken,165.3447206392,SYNTHETIC,,2026-09-18
2024-12-02,Değişken,163.6737462002,SYNTHETIC,,2026-09-18
2024-12-03,Değişken,166.2694506146,SYNTHETIC,,2026-09-18
2024-12-04,Değişken,166.8088828656,SYNTHETIC,,2026-09-18
2024-12-05,Değişken,166.6202419250,SYNTHETIC,,2026-09-18
2024-12-06,Değişken,166.2994725334,SYNTHETIC,,2026-09-18
2024-12-09,Değişken,164.5733731923,SYNTHETIC,,2026-09-18
2024-12-10,Değişken,163.6410394802,SYNTHETIC,,2026-09-18
2024-12-11,Değişken,163.4800573141,SYNTHETIC,,2026-09-18
2024-12-12,Değişken,163.2050725799,SYNTHETIC,,2026-09-18
2024-12-13,Değişken,165.0706335220,SYNTHETIC,,2026-09-18
2024-12-16,Değişken,164.0870058340,SYNTHETIC,,2026-09-18
2024-12-17,Değişken,164.4100514372,SYNTHETIC,,2026-09-18
2024-12-18,Değişken,166.2609576947,SYNTHETIC,,2026-09-18
2024-12-19,Değişken,165.9218940690,SYNTHETIC,,2026-09-18
2024-12-20,Değişken,167.3600626119,SYNTHETIC,,2026-09-18
2024-12-23,Değişken,169.0073616707,SYNTHETIC,,2026-09-18
2024-12-24,Değişken,171.1427550696,SYNTHETIC,,2026-09-18
2024-12-25,Değişken,171.4794616068,SYNTHETIC,,2026-09-18
2024-12-26,Değişken,169.1199865908,SYNTHETIC,,2026-09-18
2024-12-27,Değişken,167.9410531267,SYNTHETIC,,2026-09-18
2024-12-30,Değişken,166.6721306041,SYNTHETIC,,2026-09-18
2024-12-31,Değişken,165.2833646728,SYNTHETIC,,2026-09-18
2025-01-01,Değişken,161.3553759596,SYNTHETIC,,2026-09-18
2025-01-02,Değişken,162.3928378818,SYNTHETIC,,2026-09-18
2025-01-03,Değişken,160.7347296520,SYNTHETIC,,2026-09-18
2025-01-06,Değişken,160.4250944425,SYNTHETIC,,2026-09-18
2025-01-07,Değişken,159.1611513574,SYNTHETIC,,2026-09-18
2025-01-08,Değişken,159.5273465997,SYNTHETIC,,2026-09-18
2025-01-09,Değişken,156.6824262727,SYNTHETIC,,2026-09-18
2025-01-10,Değişken,154.8036203484,SYNTHETIC,,2026-09-18
2025-01-13,Değişken,155.5072814683,SYNTHETIC,,2026-09-18
2025-01-14,Değişken,155.4540620431,SYNTHETIC,,2026-09-18
2025-01-15,Değişken,156.2504770613,SYNTHETIC,,2026-09-18
2025-01-16,Değişken,154.1811276135,SYNTHETIC,,2026-09-18
2025-01-17,Değişken,154.0757706025,SYNTHETIC,,2026-09-18
2025-01-20,Değişken,154.7452429124,SYNTHETIC,,2026-09-18
2025-01-21,Değişken,156.8875740712,SYNTHETIC,,2026-09-18
2025-01-22,Değişken,159.8633394107,SYNTHETIC,,2026-09-18
2025-01-23,Değişken,163.6720897052,SYNTHETIC,,2026-09-18
2025-01-24,Değişken,163.0136445319,SYNTHETIC,,2026-09-18
2025-01-27,Değişken,165.5121129140,SYNTHETIC,,2026-09-18
2025-01-28,Değişken,165.0474328547,SYNTHETIC,,2026-09-18
2025-01-29,Değişken,165.2255341174,SYNTHETIC,,2026-09-18
2025-01-30,Değişken,168.1955197215,SYNTHETIC,,2026-09-18
2025-01-31,Değişken,168.2227132960,SYNTHETIC,,2026-09-18
2025-02-03,Değişken,166.5211742878,SYNTHETIC,,2026-09-18
2025-02-04,Değişken,167.6106929159,SYNTHETIC,,2026-09-18
2025-02-05,Değişken,167.4668639696,SYNTHETIC,,2026-09-18
2025-02-06,Değişken,165.1511827646,SYNTHETIC,,2026-09-18
2025-02-07,Değişken,162.5576643519,SYNTHETIC,,2026-09-18
2025-02-10,Değişken,163.5120590697,SYNTHETIC,,2026-09-18
2025-02-11,Değişken,162.3238979729,SYNTHETIC,,2026-09-18
2025-02-12,Değişken,162.0576618559,SYNTHETIC,,2026-09-18
2025-02-13,Değişken,161.5282917337,SYNTHETIC,,2026-09-18
2025-02-14,Değişken,158.6442780470,SYNTHETIC,,2026-09-18
2025-02-17,Değişken,158.7516288454,SYNTHETIC,,2026-09-18
2025-02-18,Değişken,159.9104991867,SYNTHETIC,,2026-09-18
2025-02-19,Değişken,160.8755687108,SYNTHETIC,,2026-09-18
2025-02-20,Değişken,159.5829845926,SYNTHETIC,,2026-09-18
2025-02-21,Değişken,157.6188817129,SYNTHETIC,,2026-09-18
2025-02-24,Değişken,158.1575443139,SYNTHETIC,,2026-09-18
2025-02-25,Değişken,156.1744990485,SYNTHETIC,,2026-09-18
2025-02-26,Değişken,157.0153076920,SYNTHETIC,,2026-09-18
2025-02-27,Değişken,159.3219739439,SYNTHETIC,,2026-09-18
2025-02-28,Değişken,158.6114337318,SYNTHETIC,,2026-09-18
2025-03-03,Değişken,157.1212246131,SYNTHETIC,,2026-09-18
2025-03-04,Değişken,157.1271193465,SYNTHETIC,,2026-09-18
2025-03-05,Değişken,157.7203724887,SYNTHETIC,,2026-09-18
2025-03-06,Değişken,157.5197611736,SYNTHETIC,,2026-09-18
2025-03-07,Değişken,156.2535573585,SYNTHETIC,,2026-09-18
2025-03-10,Değişken,155.6232456978,SYNTHETIC,,2026-09-18
2025-03-11,Değişken,154.0448333946,SYNTHETIC,,2026-09-18
2025-03-12,Değişken,154.6021590603,SYNTHETIC,,2026-09-18
2025-03-13,Değişken,155.0881784387,SYNTHETIC,,2026-09-18
2025-03-14,Değişken,153.0867216128,SYNTHETIC,,2026-09-18
2025-03-17,Değişken,154.7343347840,SYNTHETIC,,2026-09-18
2025-03-18,Değişken,154.4215463642,SYNTHETIC,,2026-09-18
2025-03-19,Değişken,157.0055163274,SYNTHETIC,,2026-09-18
2025-03-20,Değişken,155.5611683203,SYNTHETIC,,2026-09-18
2025-03-21,Değişken,156.2372381539,SYNTHETIC,,2026-09-18
2025-03-24,Değişken,154.7469955364,SYNTHETIC,,2026-09-18
2025-03-25,Değişken,153.6065555911,SYNTHETIC,,2026-09-18
2025-03-26,Değişken,153.1128723557,SYNTHETIC,,2026-09-18
2025-03-27,Değişken,152.3842927967,SYNTHETIC,,2026-09-18
2025-03-28,Değişken,153.4433535405,SYNTHETIC,,2026-09-18
2025-03-31,Değişken,155.2004425822,SYNTHETIC,,2026-09-18
2025-04-01,Değişken,155.2706078023,SYNTHETIC,,2026-09-18
2025-04-02,Değişken,157.8780675954,SYNTHETIC,,2026-09-18
2025-04-03,Değişken,157.7138528295,SYNTHETIC,,2026-09-18
2025-04-04,Değişken,158.4871118861,SYNTHETIC,,2026-09-18
2025-04-07,Değişken,159.5914023114,SYNTHETIC,,2026-09-18
2025-04-08,Değişken,158.9687840462,SYNTHETIC,,2026-09-18
2025-04-09,Değişken,158.4693964289,SYNTHETIC,,2026-09-18
2025-04-10,Değişken,159.6365431796,SYNTHETIC,,2026-09-18
2025-04-11,Değişken,155.7352070974,SYNTHETIC,,2026-09-18
2025-04-14,Değişken,155.0870165277,SYNTHETIC,,2026-09-18
2025-04-15,Değişken,156.4001178642,SYNTHETIC,,2026-09-18
2025-04-16,Değişken,156.4890513468,SYNTHETIC,,2026-09-18
2025-04-17,Değişken,156.0352606782,SYNTHETIC,,2026-09-18
2025-04-18,Değişken,155.9776461492,SYNTHETIC,,2026-09-18
2025-04-21,Değişken,157.6967589970,SYNTHETIC,,2026-09-18
2025-04-22,Değişken,156.5780493665,SYNTHETIC,,2026-09-18
2025-04-23,Değişken,156.5195688206,SYNTHETIC,,2026-09-18
2025-04-24,Değişken,158.6319380934,SYNTHETIC,,2026-09-18
2025-04-25,Değişken,159.0072308864,SYNTHETIC,,2026-09-18
2025-04-28,Değişken,158.6536293208,SYNTHETIC,,2026-09-18
2025-04-29,Değişken,159.9127584377,SYNTHETIC,,2026-09-18
2025-04-30,Değişken,161.9708182972,SYNTHETIC,,2026-09-18
2025-05-01,Değişken,160.6755243871,SYNTHETIC,,2026-09-18
2025-05-02,Değişken,158.9160774865,SYNTHETIC,,2026-09-18
2025-05-05,Değişken,159.4745491677,SYNTHETIC,,2026-09-18
2025-05-06,Değişken,158.1553872141,SYNTHETIC,,2026-09-18
2025-05-07,Değişken,159.1197057564,SYNTHETIC,,2026-09-18
2025-05-08,Değişken,159.2455789408,SYNTHETIC,,2026-09-18
2025-05-09,Değişken,157.9620492893,SYNTHETIC,,2026-09-18
2025-05-12,Değişken,159.9897118013,SYNTHETIC,,2026-09-18
2025-05-13,Değişken,160.5797900443,SYNTHETIC,,2026-09-18
2025-05-14,Değişken,161.9097602934,SYNTHETIC,,2026-09-18
2025-05-15,Değişken,163.6776249826,SYNTHETIC,,2026-09-18
2025-05-16,Değişken,163.7095993618,SYNTHETIC,,2026-09-18
2025-05-19,Değişken,164.5526692220,SYNTHETIC,,2026-09-18
2025-05-20,Değişken,164.4063467304,SYNTHETIC,,2026-09-18
2025-05-21,Değişken,164.6119370015,SYNTHETIC,,2026-09-18
2025-05-22,Değişken,165.6486938792,SYNTHETIC,,2026-09-18
2025-05-23,Değişken,165.6040207328,SYNTHETIC,,2026-09-18
2025-05-26,Değişken,165.7152931397,SYNTHETIC,,2026-09-18
2025-05-27,Değişken,165.5436688492,SYNTHETIC,,2026-09-18
2025-05-28,Değişken,164.9696939148,SYNTHETIC,,2026-09-18
2025-05-29,Değişken,169.1776319227,SYNTHETIC,,2026-09-18
2025-05-30,Değişken,168.3960201636,SYNTHETIC,,2026-09-18
2025-06-02,Değişken,168.0356763201,SYNTHETIC,,2026-09-18
2025-06-03,Değişken,168.8723106127,SYNTHETIC,,2026-09-18
2025-06-04,Değişken,166.9977633516,SYNTHETIC,,2026-09-18
2025-06-05,Değişken,168.4640228810,SYNTHETIC,,2026-09-18
2025-06-06,Değişken,169.3415192471,SYNTHETIC,,2026-09-18
2025-06-09,Değişken,169.8970809069,SYNTHETIC,,2026-09-18
2025-06-10,Değişken,167.0591274968,SYNTHETIC,,2026-09-18
2025-06-11,Değişken,165.1147788427,SYNTHETIC,,2026-09-18
2025-06-12,Değişken,161.2837324259,SYNTHETIC,,2026-09-18
2025-06-13,Değişken,160.1095482725,SYNTHETIC,,2026-09-18
2025-06-16,Değişken,158.1014291492,SYNTHETIC,,2026-09-18
2025-06-17,Değişken,161.5374429780,SYNTHETIC,,2026-09-18
2025-06-18,Değişken,160.1905708544,SYNTHETIC,,2026-09-18
2025-06-19,Değişken,159.9778058660,SYNTHETIC,,2026-09-18
2025-06-20,Değişken,157.8022444037,SYNTHETIC,,2026-09-18
2025-06-23,Değişken,154.9722379998,SYNTHETIC,,2026-09-18
2025-06-24,Değişken,156.5954978797,SYNTHETIC,,2026-09-18
2025-06-25,Değişken,154.8298558662,SYNTHETIC,,2026-09-18
2025-06-26,Değişken,156.2718219244,SYNTHETIC,,2026-09-18
2025-06-27,Değişken,157.5536852183,SYNTHETIC,,2026-09-18
2025-06-30,Değişken,155.5630459909,SYNTHETIC,,2026-09-18
2025-07-01,Değişken,154.8570820479,SYNTHETIC,,2026-09-18
2025-07-02,Değişken,153.9208983581,SYNTHETIC,,2026-09-18
2025-07-03,Değişken,156.9250241134,SYNTHETIC,,2026-09-18
2025-07-04,Değişken,152.9508152636,SYNTHETIC,,2026-09-18
2025-07-07,Değişken,153.4084650223,SYNTHETIC,,2026-09-18
2025-07-08,Değişken,153.2701969214,SYNTHETIC,,2026-09-18
2025-07-09,Değişken,152.3886715444,SYNTHETIC,,2026-09-18
2025-07-10,Değişken,151.2746111958,SYNTHETIC,,2026-09-18
2025-07-11,Değişken,149.5002621373,SYNTHETIC,,2026-09-18
2025-07-14,Değişken,149.0395411043,SYNTHETIC,,2026-09-18
2025-07-15,Değişken,148.7552470771,SYNTHETIC,,2026-09-18
2025-07-16,Değişken,148.1675549404,SYNTHETIC,,2026-09-18
2025-07-17,Değişken,147.2253840963,SYNTHETIC,,2026-09-18
2025-07-18,Değişken,144.4392956619,SYNTHETIC,,2026-09-18
2025-07-21,Değişken,143.1499976830,SYNTHETIC,,2026-09-18
2025-07-22,Değişken,144.2493162739,SYNTHETIC,,2026-09-18
2025-07-23,Değişken,143.2204230962,SYNTHETIC,,2026-09-18
2025-07-24,Değişken,144.7744920253,SYNTHETIC,,2026-09-18
2025-07-25,Değişken,144.9820706157,SYNTHETIC,,2026-09-18
2025-07-28,Değişken,144.3941378870,SYNTHETIC,,2026-09-18
2025-07-29,Değişken,143.1459365394,SYNTHETIC,,2026-09-18
2025-07-30,Değişken,143.0615227797,SYNTHETIC,,2026-09-18
2025-07-31,Değişken,144.2580711441,SYNTHETIC,,2026-09-18
2025-08-01,Değişken,146.3911119125,SYNTHETIC,,2026-09-18
2025-08-04,Değişken,148.5760003157,SYNTHETIC,,2026-09-18
2025-08-05,Değişken,149.6113916464,SYNTHETIC,,2026-09-18
2025-08-06,Değişken,150.0854437185,SYNTHETIC,,2026-09-18
2025-08-07,Değişken,149.1182580953,SYNTHETIC,,2026-09-18
2025-08-08,Değişken,150.0506714393,SYNTHETIC,,2026-09-18
2025-08-11,Değişken,149.7321441722,SYNTHETIC,,2026-09-18
2025-08-12,Değişken,148.8923141132,SYNTHETIC,,2026-09-18
2025-08-13,Değişken,149.0874451480,SYNTHETIC,,2026-09-18
2025-08-14,Değişken,148.7464477684,SYNTHETIC,,2026-09-18
2025-08-15,Değişken,147.7896891878,SYNTHETIC,,2026-09-18
2025-08-18,Değişken,146.8901621415,SYNTHETIC,,2026-09-18
2025-08-19,Değişken,145.2188273720,SYNTHETIC,,2026-09-18
2025-08-20,Değişken,146.2503808413,SYNTHETIC,,2026-09-18
2025-08-21,Değişken,145.9767214662,SYNTHETIC,,2026-09-18
2025-08-22,Değişken,144.1579902701,SYNTHETIC,,2026-09-18
2025-08-25,Değişken,145.2914072294,SYNTHETIC,,2026-09-18
2025-08-26,Değişken,143.1939513791,SYNTHETIC,,2026-09-18
2025-08-27,Değişken,144.5023028181,SYNTHETIC,,2026-09-18
2025-08-28,Değişken,142.3088596726,SYNTHETIC,,2026-09-18
2025-08-29,Değişken,140.8758411766,SYNTHETIC,,2026-09-18
2025-09-01,Değişken,141.1254618077,SYNTHETIC,,2026-09-18
2025-09-02,Değişken,139.0679783429,SYNTHETIC,,2026-09-18
2025-09-03,Değişken,137.7486105469,SYNTHETIC,,2026-09-18
2025-09-04,Değişken,135.2365179809,SYNTHETIC,,2026-09-18
2025-09-05,Değişken,135.5273168919,SYNTHETIC,,2026-09-18
2025-09-08,Değişken,135.8159563507,SYNTHETIC,,2026-09-18
2025-09-09,Değişken,135.4049727446,SYNTHETIC,,2026-09-18
2025-09-10,Değişken,135.7232810133,SYNTHETIC,,2026-09-18
2025-09-11,Değişken,136.7519764284,SYNTHETIC,,2026-09-18
2025-09-12,Değişken,135.4640860461,SYNTHETIC,,2026-09-18
2025-09-15,Değişken,135.0975060362,SYNTHETIC,,2026-09-18
2025-09-16,Değişken,135.7381708284,SYNTHETIC,,2026-09-18
2025-09-17,Değişken,136.9204016229,SYNTHETIC,,2026-09-18
2025-09-18,Değişken,138.6174760438,SYNTHETIC,,2026-09-18
2025-09-19,Değişken,140.6974483988,SYNTHETIC,,2026-09-18
2025-09-22,Değişken,141.1536536665,SYNTHETIC,,2026-09-18
2025-09-23,Değişken,141.5410332468,SYNTHETIC,,2026-09-18
2025-09-24,Değişken,139.6450843648,SYNTHETIC,,2026-09-18
2025-09-25,Değişken,138.3530395202,SYNTHETIC,,2026-09-18
2025-09-26,Değişken,137.8476717686,SYNTHETIC,,2026-09-18
2025-09-29,Değişken,136.9718995526,SYNTHETIC,,2026-09-18
2025-09-30,Değişken,136.4086989397,SYNTHETIC,,2026-09-18
2025-10-01,Değişken,138.0309522771,SYNTHETIC,,2026-09-18
2025-10-02,Değişken,140.6476960456,SYNTHETIC,,2026-09-18
2025-10-03,Değişken,138.7859268530,SYNTHETIC,,2026-09-18
2025-10-06,Değişken,138.7584136940,SYNTHETIC,,2026-09-18
2025-10-07,Değişken,139.4865874215,SYNTHETIC,,2026-09-18
2025-10-08,Değişken,139.3305982539,SYNTHETIC,,2026-09-18
2025-10-09,Değişken,138.9084533742,SYNTHETIC,,2026-09-18
2025-10-10,Değişken,136.6858843789,SYNTHETIC,,2026-09-18
2025-10-13,Değişken,135.6061926759,SYNTHETIC,,2026-09-18
2025-10-14,Değişken,136.9086471579,SYNTHETIC,,2026-09-18
2025-10-15,Değişken,137.5777046989,SYNTHETIC,,2026-09-18
2025-10-16,Değişken,138.3094928196,SYNTHETIC,,2026-09-18
2025-10-17,Değişken,136.4736222323,SYNTHETIC,,2026-09-18
2025-10-20,Değişken,137.4520967998,SYNTHETIC,,2026-09-18
2025-10-21,Değişken,139.6720303841,SYNTHETIC,,2026-09-18
2025-10-22,Değişken,138.2504258792,SYNTHETIC,,2026-09-18
2025-10-23,Değişken,138.4540624582,SYNTHETIC,,2026-09-18
2025-10-24,Değişken,138.5135320333,SYNTHETIC,,2026-09-18
2025-10-27,Değişken,139.5924473714,SYNTHETIC,,2026-09-18
2025-10-28,Değişken,137.4892753481,SYNTHETIC,,2026-09-18
2025-10-29,Değişken,136.5232969377,SYNTHETIC,,2026-09-18
2025-10-30,Değişken,137.1713870165,SYNTHETIC,,2026-09-18
2025-10-31,Değişken,137.0643097270,SYNTHETIC,,2026-09-18
2025-11-03,Değişken,136.4110353633,SYNTHETIC,,2026-09-18
2025-11-04,Değişken,136.0581806794,SYNTHETIC,,2026-09-18
2025-11-05,Değişken,137.0242047296,SYNTHETIC,,2026-09-18
2025-11-06,Değişken,135.7058018645,SYNTHETIC,,2026-09-18
2025-11-07,Değişken,134.1019065660,SYNTHETIC,,2026-09-18
2025-11-10,Değişken,135.7758381584,SYNTHETIC,,2026-09-18
2025-11-11,Değişken,134.8806160883,SYNTHETIC,,2026-09-18
2025-11-12,Değişken,136.4558954506,SYNTHETIC,,2026-09-18
2025-11-13,Değişken,133.4278961584,SYNTHETIC,,2026-09-18
2025-11-14,Değişken,135.5559415515,SYNTHETIC,,2026-09-18
2025-11-17,Değişken,133.4028833546,SYNTHETIC,,2026-09-18
2025-11-18,Değişken,133.5910745038,SYNTHETIC,,2026-09-18
2025-11-19,Değişken,134.5573608504,SYNTHETIC,,2026-09-18
2025-11-20,Değişken,134.2504481011,SYNTHETIC,,2026-09-18
2025-11-21,Değişken,133.4056690231,SYNTHETIC,,2026-09-18
2025-11-24,Değişken,134.4069381323,SYNTHETIC,,2026-09-18
2025-11-25,Değişken,135.4718145702,SYNTHETIC,,2026-09-18
2025-11-26,Değişken,137.9195279260,SYNTHETIC,,2026-09-18
2025-11-27,Değişken,140.3806048250,SYNTHETIC,,2026-09-18
2025-11-28,Değişken,142.4940437540,SYNTHETIC,,2026-09-18
2025-12-01,Değişken,139.5260333371,SYNTHETIC,,2026-09-18
2025-12-02,Değişken,139.9382814618,SYNTHETIC,,2026-09-18
2025-12-03,Değişken,142.4309771780,SYNTHETIC,,2026-09-18
2025-12-04,Değişken,141.5127407755,SYNTHETIC,,2026-09-18
2025-12-05,Değişken,140.8676912080,SYNTHETIC,,2026-09-18
2025-12-08,Değişken,141.0621554351,SYNTHETIC,,2026-09-18
2025-12-09,Değişken,142.0781274101,SYNTHETIC,,2026-09-18
2025-12-10,Değişken,143.5424928642,SYNTHETIC,,2026-09-18
2025-12-11,Değişken,141.7241046208,SYNTHETIC,,2026-09-18
2025-12-12,Değişken,142.4429232220,SYNTHETIC,,2026-09-18
2025-12-15,Değişken,143.0928335403,SYNTHETIC,,2026-09-18
2025-12-16,Değişken,143.5927645573,SYNTHETIC,,2026-09-18
2025-12-17,Değişken,144.4896517272,SYNTHETIC,,2026-09-18
2025-12-18,Değişken,144.0285523887,SYNTHETIC,,2026-09-18
2025-12-19,Değişken,146.2421844050,SYNTHETIC,,2026-09-18
2025-12-22,Değişken,147.6837282454,SYNTHETIC,,2026-09-18
2025-12-23,Değişken,146.3430199353,SYNTHETIC,,2026-09-18
2025-12-24,Değişken,146.1318082418,SYNTHETIC,,2026-09-18
2025-12-25,Değişken,148.1914584840,SYNTHETIC,,2026-09-18
2025-12-26,Değişken,148.9474708766,SYNTHETIC,,2026-09-18
2025-12-29,Değişken,150.3210548672,SYNTHETIC,,2026-09-18
2025-12-30,Değişken,149.3382444793,SYNTHETIC,,2026-09-18
2025-12-31,Değişken,149.9921713161,SYNTHETIC,,2026-09-18
2026-01-01,Değişken,150.3729778599,SYNTHETIC,,2026-09-18
2026-01-02,Değişken,152.1215325026,SYNTHETIC,,2026-09-18
2026-01-05,Değişken,151.4976621287,SYNTHETIC,,2026-09-18
2026-01-06,Değişken,152.7581480650,SYNTHETIC,,2026-09-18
2026-01-07,Değişken,152.0704787334,SYNTHETIC,,2026-09-18
2026-01-08,Değişken,149.6495291982,SYNTHETIC,,2026-09-18
2026-01-09,Değişken,146.6592271380,SYNTHETIC,,2026-09-18
2026-01-12,Değişken,146.7903429367,SYNTHETIC,,2026-09-18
2026-01-13,Değişken,147.4234393585,SYNTHETIC,,2026-09-18
2026-01-14,Değişken,147.9476574036,SYNTHETIC,,2026-09-18
2026-01-15,Değişken,145.9932470926,SYNTHETIC,,2026-09-18
2026-01-16,Değişken,145.0480226977,SYNTHETIC,,2026-09-18
2026-01-19,Değişken,145.9207925995,SYNTHETIC,,2026-09-18
2026-01-20,Değişken,143.6185763590,SYNTHETIC,,2026-09-18
2026-01-21,Değişken,143.4738540317,SYNTHETIC,,2026-09-18
2026-01-22,Değişken,142.8597787678,SYNTHETIC,,2026-09-18
2026-01-23,Değişken,142.1109435242,SYNTHETIC,,2026-09-18
2026-01-26,Değişken,143.3033973318,SYNTHETIC,,2026-09-18
2026-01-27,Değişken,140.9518360250,SYNTHETIC,,2026-09-18
2026-01-28,Değişken,141.2693626608,SYNTHETIC,,2026-09-18
2026-01-29,Değişken,142.8421641570,SYNTHETIC,,2026-09-18
2026-01-30,Değişken,144.8636279229,SYNTHETIC,,2026-09-18
2026-02-02,Değişken,144.6051485255,SYNTHETIC,,2026-09-18
2026-02-03,Değişken,143.6362408777,SYNTHETIC,,2026-09-18
2026-02-04,Değişken,145.1044670552,SYNTHETIC,,2026-09-18
2026-02-05,Değişken,145.4847505231,SYNTHETIC,,2026-09-18
2026-02-06,Değişken,146.1096937421,SYNTHETIC,,2026-09-18
2026-02-09,Değişken,146.7464556731,SYNTHETIC,,2026-09-18
2026-02-10,Değişken,146.0175425111,SYNTHETIC,,2026-09-18
2026-02-11,Değişken,145.7197677200,SYNTHETIC,,2026-09-18
2026-02-12,Değişken,147.7024716808,SYNTHETIC,,2026-09-18
2026-02-13,Değişken,146.9311363955,SYNTHETIC,,2026-09-18
2026-02-16,Değişken,144.5220196970,SYNTHETIC,,2026-09-18
2026-02-17,Değişken,144.4932913742,SYNTHETIC,,2026-09-18
2026-02-18,Değişken,143.6298689495,SYNTHETIC,,2026-09-18
2026-02-19,Değişken,144.9617660887,SYNTHETIC,,2026-09-18
2026-02-20,Değişken,143.2585805336,SYNTHETIC,,2026-09-18
2026-02-23,Değişken,142.8788776822,SYNTHETIC,,2026-09-18
2026-02-24,Değişken,141.4281789571,SYNTHETIC,,2026-09-18
2026-02-25,Değişken,144.1943046456,SYNTHETIC,,2026-09-18
2026-02-26,Değişken,146.8303149285,SYNTHETIC,,2026-09-18
2026-02-27,Değişken,149.5074971903,SYNTHETIC,,2026-09-18
2026-03-02,Değişken,150.1754586872,SYNTHETIC,,2026-09-18
2026-03-03,Değişken,147.6704327914,SYNTHETIC,,2026-09-18
2026-03-04,Değişken,145.6537476963,SYNTHETIC,,2026-09-18
2026-03-05,Değişken,144.7525791137,SYNTHETIC,,2026-09-18
2026-03-06,Değişken,144.8226933505,SYNTHETIC,,2026-09-18
2026-03-09,Değişken,145.9323298017,SYNTHETIC,,2026-09-18
2026-03-10,Değişken,148.5725792230,SYNTHETIC,,2026-09-18
2026-03-11,Değişken,149.2981163377,SYNTHETIC,,2026-09-18
2026-03-12,Değişken,152.2210603317,SYNTHETIC,,2026-09-18
2026-03-13,Değişken,150.8409517702,SYNTHETIC,,2026-09-18
2026-03-16,Değişken,153.0872375094,SYNTHETIC,,2026-09-18
2026-03-17,Değişken,153.3664685067,SYNTHETIC,,2026-09-18
2026-03-18,Değişken,152.4481419349,SYNTHETIC,,2026-09-18
2026-03-19,Değişken,152.7089116273,SYNTHETIC,,2026-09-18
2026-03-20,Değişken,153.9351525785,SYNTHETIC,,2026-09-18
2026-03-23,Değişken,153.8741338775,SYNTHETIC,,2026-09-18
2026-03-24,Değişken,154.2181771378,SYNTHETIC,,2026-09-18
2026-03-25,Değişken,152.1637244347,SYNTHETIC,,2026-09-18
2026-03-26,Değişken,154.5544804639,SYNTHETIC,,2026-09-18
2026-03-27,Değişken,152.2231548609,SYNTHETIC,,2026-09-18
2026-03-30,Değişken,152.9366652482,SYNTHETIC,,2026-09-18
2026-03-31,Değişken,150.0312432514,SYNTHETIC,,2026-09-18
2026-04-01,Değişken,150.2694528334,SYNTHETIC,,2026-09-18
2026-04-02,Değişken,150.3381809612,SYNTHETIC,,2026-09-18
2026-04-03,Değişken,151.3824982476,SYNTHETIC,,2026-09-18
2026-04-06,Değişken,150.4230805511,SYNTHETIC,,2026-09-18
2026-04-07,Değişken,150.6735806738,SYNTHETIC,,2026-09-18
2026-04-08,Değişken,149.2349630154,SYNTHETIC,,2026-09-18
2026-04-09,Değişken,148.1425200808,SYNTHETIC,,2026-09-18
2026-04-10,Değişken,148.2865339083,SYNTHETIC,,2026-09-18
2026-04-13,Değişken,148.4434846237,SYNTHETIC,,2026-09-18
2026-04-14,Değişken,146.3891705209,SYNTHETIC,,2026-09-18
2026-04-15,Değişken,145.0507565788,SYNTHETIC,,2026-09-18
2026-04-16,Değişken,142.8818501592,SYNTHETIC,,2026-09-18
2026-04-17,Değişken,141.7789020963,SYNTHETIC,,2026-09-18
2026-04-20,Değişken,141.7863479989,SYNTHETIC,,2026-09-18
2026-04-21,Değişken,139.7071310835,SYNTHETIC,,2026-09-18
2026-04-22,Değişken,140.8876042641,SYNTHETIC,,2026-09-18
2026-04-23,Değişken,142.0094728987,SYNTHETIC,,2026-09-18
2026-04-24,Değişken,144.4088828967,SYNTHETIC,,2026-09-18
2026-04-27,Değişken,142.5372861482,SYNTHETIC,,2026-09-18
2026-04-28,Değişken,142.5775170904,SYNTHETIC,,2026-09-18
2026-04-29,Değişken,141.5908488893,SYNTHETIC,,2026-09-18
2026-04-30,Değişken,142.6223358541,SYNTHETIC,,2026-09-18
2026-05-01,Değişken,142.0178233425,SYNTHETIC,,2026-09-18
2026-05-04,Değişken,142.0158180353,SYNTHETIC,,2026-09-18
2026-05-05,Değişken,143.7275276987,SYNTHETIC,,2026-09-18
2026-05-06,Değişken,142.7328559828,SYNTHETIC,,2026-09-18
2026-05-07,Değişken,140.2533597412,SYNTHETIC,,2026-09-18
2026-05-08,Değişken,142.9226197996,SYNTHETIC,,2026-09-18
2026-05-11,Değişken,141.8814479277,SYNTHETIC,,2026-09-18
2026-05-12,Değişken,141.9285205753,SYNTHETIC,,2026-09-18
2026-05-13,Değişken,145.6634863664,SYNTHETIC,,2026-09-18
2026-05-14,Değişken,144.7531969462,SYNTHETIC,,2026-09-18
2026-05-15,Değişken,145.5133908671,SYNTHETIC,,2026-09-18
2026-05-18,Değişken,144.7024980949,SYNTHETIC,,2026-09-18
2026-05-19,Değişken,145.6941175073,SYNTHETIC,,2026-09-18
2026-05-20,Değişken,148.0454309584,SYNTHETIC,,2026-09-18
2026-05-21,Değişken,148.2156757952,SYNTHETIC,,2026-09-18
2026-05-22,Değişken,149.6881080392,SYNTHETIC,,2026-09-18
2026-05-25,Değişken,150.5128710772,SYNTHETIC,,2026-09-18
2026-05-26,Değişken,151.1536545356,SYNTHETIC,,2026-09-18
2026-05-27,Değişken,150.4177362348,SYNTHETIC,,2026-09-18
2026-05-28,Değişken,152.0113745718,SYNTHETIC,,2026-09-18
2026-05-29,Değişken,150.5784387725,SYNTHETIC,,2026-09-18
2026-06-01,Değişken,152.7914196379,SYNTHETIC,,2026-09-18
2026-06-02,Değişken,154.1380612297,SYNTHETIC,,2026-09-18
2026-06-03,Değişken,153.4018943405,SYNTHETIC,,2026-09-18
2026-06-04,Değişken,152.2999447865,SYNTHETIC,,2026-09-18
2026-06-05,Değişken,151.5155593526,SYNTHETIC,,2026-09-18
2026-06-08,Değişken,151.8899644343,SYNTHETIC,,2026-09-18
2026-06-09,Değişken,149.8593528788,SYNTHETIC,,2026-09-18
2026-06-10,Değişken,152.4673083616,SYNTHETIC,,2026-09-18
2026-06-11,Değişken,153.4136417859,SYNTHETIC,,2026-09-18
2026-06-12,Değişken,152.8515020884,SYNTHETIC,,2026-09-18
2026-06-15,Değişken,153.4010601619,SYNTHETIC,,2026-09-18
2026-06-16,Değişken,153.6456271211,SYNTHETIC,,2026-09-18
2026-06-17,Değişken,153.3603998574,SYNTHETIC,,2026-09-18
2026-06-18,Değişken,153.4848761862,SYNTHETIC,,2026-09-18
2026-06-19,Değişken,152.2480705249,SYNTHETIC,,2026-09-18
2026-06-22,Değişken,152.3748640528,SYNTHETIC,,2026-09-18
2026-06-23,Değişken,150.5111175258,SYNTHETIC,,2026-09-18
2026-06-24,Değişken,150.2369982140,SYNTHETIC,,2026-09-18
2026-06-25,Değişken,151.9321646728,SYNTHETIC,,2026-09-18
2026-06-26,Değişken,152.2171678301,SYNTHETIC,,2026-09-18
2026-06-29,Değişken,152.3991316017,SYNTHETIC,,2026-09-18
2026-06-30,Değişken,153.0040962647,SYNTHETIC,,2026-09-18
2026-07-01,Değişken,154.8721163599,SYNTHETIC,,2026-09-18
2026-07-02,Değişken,155.9769797590,SYNTHETIC,,2026-09-18
2026-07-03,Değişken,155.2428022679,SYNTHETIC,,2026-09-18
2026-07-06,Değişken,154.4240604047,SYNTHETIC,,2026-09-18
2026-07-07,Değişken,158.0036583563,SYNTHETIC,,2026-09-18
2026-07-08,Değişken,158.1423020437,SYNTHETIC,,2026-09-18
2026-07-09,Değişken,157.8910245860,SYNTHETIC,,2026-09-18
2026-07-10,Değişken,157.4850131241,SYNTHETIC,,2026-09-18
2026-07-13,Değişken,156.7273558135,SYNTHETIC,,2026-09-18
2026-07-14,Değişken,158.3618002289,SYNTHETIC,,2026-09-18
2026-07-15,Değişken,156.9637716533,SYNTHETIC,,2026-09-18
2026-07-16,Değişken,152.5287913762,SYNTHETIC,,2026-09-18
2026-07-17,Değişken,153.0189381292,SYNTHETIC,,2026-09-18
2026-07-20,Değişken,152.8698802502,SYNTHETIC,,2026-09-18
2026-07-21,Değişken,151.3939233534,SYNTHETIC,,2026-09-18
2026-07-22,Değişken,151.8167731466,SYNTHETIC,,2026-09-18
2026-07-23,Değişken,150.0032097913,SYNTHETIC,,2026-09-18
2026-07-24,Değişken,153.4121359622,SYNTHETIC,,2026-09-18
2026-07-27,Değişken,153.2310790060,SYNTHETIC,,2026-09-18
2026-07-28,Değişken,154.6790912734,SYNTHETIC,,2026-09-18
2026-07-29,Değişken,154.3379489035,SYNTHETIC,,2026-09-18
2026-07-30,Değişken,149.1935517829,SYNTHETIC,,2026-09-18
2026-07-31,Değişken,148.1198188042,SYNTHETIC,,2026-09-18
2026-08-03,Değişken,150.3669851365,SYNTHETIC,,2026-09-18
2026-08-04,Değişken,149.8505754330,SYNTHETIC,,2026-09-18
2026-08-05,Değişken,148.2760564545,SYNTHETIC,,2026-09-18
2026-08-06,Değişken,147.3608329432,SYNTHETIC,,2026-09-18
2026-08-07,Değişken,147.8488194248,SYNTHETIC,,2026-09-18
2026-08-10,Değişken,149.8802268265,SYNTHETIC,,2026-09-18
2026-08-11,Değişken,149.2075797609,SYNTHETIC,,2026-09-18
2026-08-12,Değişken,148.8547414250,SYNTHETIC,,2026-09-18
2026-08-13,Değişken,147.8708730695,SYNTHETIC,,2026-09-18
2026-08-14,Değişken,146.5680982007,SYNTHETIC,,2026-09-18
2026-08-17,Değişken,148.9807113469,SYNTHETIC,,2026-09-18
2026-08-18,Değişken,150.2658724621,SYNTHETIC,,2026-09-18
2026-08-19,Değişken,148.5309544800,SYNTHETIC,,2026-09-18
2026-08-20,Değişken,148.7902907123,SYNTHETIC,,2026-09-18
2026-08-21,Değişken,149.3092158837,SYNTHETIC,,2026-09-18
2026-08-24,Değişken,150.0623750826,SYNTHETIC,,2026-09-18
2026-08-25,Değişken,150.4072764761,SYNTHETIC,,2026-09-18
2026-08-26,Değişken,149.8383059032,SYNTHETIC,,2026-09-18
2026-08-27,Değişken,152.6021412374,SYNTHETIC,,2026-09-18
2026-08-28,Değişken,155.2771676630,SYNTHETIC,,2026-09-18
2026-08-31,Değişken,156.1210824426,SYNTHETIC,,2026-09-18
2026-09-01,Değişken,152.2502704186,SYNTHETIC,,2026-09-18
2026-09-02,Değişken,153.6353766269,SYNTHETIC,,2026-09-18
2026-09-03,Değişken,153.5838980699,SYNTHETIC,,2026-09-18
2026-09-04,Değişken,155.5486948848,SYNTHETIC,,2026-09-18
2026-09-07,Değişken,156.3968773019,SYNTHETIC,,2026-09-18
2026-09-08,Değişken,156.6528181618,SYNTHETIC,,2026-09-18
2026-09-09,Değişken,156.1205672427,SYNTHETIC,,2026-09-18
2026-09-10,Değişken,159.0908321819,SYNTHETIC,,2026-09-18
2026-09-11,Değişken,157.3935907202,SYNTHETIC,,2026-09-18
2026-09-14,Değişken,159.3826279652,SYNTHETIC,,2026-09-18
2026-09-15,Değişken,159.9047901052,SYNTHETIC,,2026-09-18
2026-09-16,Değişken,158.9684035299,SYNTHETIC,,2026-09-18
2026-09-17,Değişken,158.6976659575,SYNTHETIC,,2026-09-18
2026-09-18,Değişken,160.1585964375,SYNTHETIC,,2026-09-18
